time,exp1_s1
0,0
0,0
0,0
0,0
0,0
0,0
0,0
0,0
0,0
0,0
0,0
0,0
0,0
0,0
0,0
0,0
0,0
0,0
0,0
0,0
0,0
0,0
0,0
0,0
0,0
0,0
0,0
0,0
0,0
0,0
0,0
0,0
0,0
0,0
0,0
0,0
0,0
0,0
0,0
0,0
0,0
0,0
0,0
0,0
0,0
0,0
0,0
0,0
0,0
0,0
0,0
0,0
0,0
0,0
0,0
0,0
0,0
0,0
0,0
0,0
0,0
0,0
0,0
0,0
0,0
0,0
0,0
0,0
0,0
0,0
0,0
0,0
0,0
0,0
0,0
0,0
0,0
0,0
0,0
0,0
0,0
0,0
0,0
0,0
0,0
0,0
0,0
0,0
0,0
0,0
0,0
0,0
0,0
0,0
0,0
0,0
0,0
0,0
0,0
0,0
0,0
0,0
0,0
0,0
0,0
0,0
0,0
0,0
0,0
0,0
0,0
0,0
0,0
0,0
0,0
0,0
0,0
0,0
0,0
0,0
0,0
0,0
0,0
0,0
0,0
0,0
0,0
0,0
0,0
0,0
0,0
0,0
0,0
0,0
0,0
0,0
0,0
0,0
0,0
0,0
0,0
0,0
0,0
0,0
0,0
0,0
0,0
0,0
0,0
0,0
0,0
0,0
0,0
0,0
0,0
0,0
0,0
0,0
0,0
0,0
0,0
0,0
0,0
0,0
0,0
0,0
0,0
0,0
0,0
0,0
0,0
0,0
0,0
0,0
0,0
0,0
0,0
0,0
0,0
0,0
0,0
0,0
0,0
0,0
0,0
0,0
0,0
0,0
0,0
0,0
0,0
0,0
0,0
0,0
0,0
0,0
0,0
0,0
0,0
0,0
0.201005025125628,1
0.201005025125628,0
0.201005025125628,0
0.201005025125628,0
0.201005025125628,0
0.201005025125628,2
0.201005025125628,0
0.201005025125628,0
0.201005025125628,0
0.201005025125628,0
0.201005025125628,0
0.201005025125628,0
0.201005025125628,0
0.201005025125628,0
0.201005025125628,0
0.201005025125628,1
0.201005025125628,0
0.201005025125628,0
0.201005025125628,0
0.201005025125628,0
0.201005025125628,0
0.201005025125628,0
0.201005025125628,0
0.201005025125628,1
0.201005025125628,0
0.201005025125628,0
0.201005025125628,0
0.201005025125628,0
0.201005025125628,0
0.201005025125628,0
0.201005025125628,0
0.201005025125628,0
0.201005025125628,0
0.201005025125628,0
0.201005025125628,0
0.201005025125628,0
0.201005025125628,0
0.201005025125628,0
0.201005025125628,0
0.201005025125628,0
0.201005025125628,0
0.201005025125628,0
0.201005025125628,1
0.201005025125628,0
0.201005025125628,0
0.201005025125628,0
0.201005025125628,0
0.201005025125628,0
0.201005025125628,0
0.201005025125628,0
0.201005025125628,0
0.201005025125628,0
0.201005025125628,0
0.201005025125628,0
0.201005025125628,0
0.201005025125628,0
0.201005025125628,0
0.201005025125628,0
0.201005025125628,0
0.201005025125628,0
0.201005025125628,0
0.201005025125628,0
0.201005025125628,0
0.201005025125628,1
0.201005025125628,0
0.201005025125628,0
0.201005025125628,1
0.201005025125628,0
0.201005025125628,1
0.201005025125628,1
0.201005025125628,0
0.201005025125628,1
0.201005025125628,1
0.201005025125628,0
0.201005025125628,0
0.201005025125628,0
0.201005025125628,0
0.201005025125628,0
0.201005025125628,0
0.201005025125628,1
0.201005025125628,0
0.201005025125628,0
0.201005025125628,1
0.201005025125628,0
0.201005025125628,0
0.201005025125628,1
0.201005025125628,0
0.201005025125628,1
0.201005025125628,0
0.201005025125628,0
0.201005025125628,0
0.201005025125628,0
0.201005025125628,0
0.201005025125628,0
0.201005025125628,0
0.201005025125628,0
0.201005025125628,0
0.201005025125628,0
0.201005025125628,0
0.201005025125628,0
0.201005025125628,0
0.201005025125628,0
0.201005025125628,0
0.201005025125628,0
0.201005025125628,0
0.201005025125628,0
0.201005025125628,0
0.201005025125628,1
0.201005025125628,0
0.201005025125628,0
0.201005025125628,0
0.201005025125628,0
0.201005025125628,0
0.201005025125628,0
0.201005025125628,0
0.201005025125628,0
0.201005025125628,0
0.201005025125628,0
0.201005025125628,0
0.201005025125628,0
0.201005025125628,0
0.201005025125628,0
0.201005025125628,0
0.201005025125628,0
0.201005025125628,0
0.201005025125628,0
0.201005025125628,1
0.201005025125628,0
0.201005025125628,0
0.201005025125628,0
0.201005025125628,1
0.201005025125628,0
0.201005025125628,1
0.201005025125628,0
0.201005025125628,1
0.201005025125628,0
0.201005025125628,0
0.201005025125628,0
0.201005025125628,1
0.201005025125628,1
0.201005025125628,0
0.201005025125628,0
0.201005025125628,0
0.201005025125628,0
0.201005025125628,0
0.201005025125628,0
0.201005025125628,1
0.201005025125628,0
0.201005025125628,0
0.201005025125628,0
0.201005025125628,0
0.201005025125628,0
0.201005025125628,0
0.201005025125628,0
0.201005025125628,0
0.201005025125628,0
0.201005025125628,1
0.201005025125628,0
0.201005025125628,0
0.201005025125628,0
0.201005025125628,1
0.201005025125628,0
0.201005025125628,0
0.201005025125628,1
0.201005025125628,0
0.201005025125628,1
0.201005025125628,0
0.201005025125628,0
0.201005025125628,0
0.201005025125628,0
0.201005025125628,0
0.201005025125628,0
0.201005025125628,0
0.201005025125628,0
0.201005025125628,0
0.201005025125628,0
0.201005025125628,1
0.201005025125628,0
0.201005025125628,0
0.201005025125628,0
0.201005025125628,0
0.201005025125628,0
0.201005025125628,0
0.201005025125628,0
0.201005025125628,0
0.201005025125628,0
0.201005025125628,0
0.201005025125628,0
0.201005025125628,0
0.201005025125628,0
0.201005025125628,0
0.201005025125628,1
0.201005025125628,0
0.201005025125628,0
0.201005025125628,0
0.201005025125628,0
0.201005025125628,0
0.201005025125628,0
0.201005025125628,0
0.201005025125628,0
0.402010050251256,1
0.402010050251256,0
0.402010050251256,0
0.402010050251256,0
0.402010050251256,0
0.402010050251256,1
0.402010050251256,0
0.402010050251256,1
0.402010050251256,0
0.402010050251256,0
0.402010050251256,0
0.402010050251256,1
0.402010050251256,0
0.402010050251256,1
0.402010050251256,1
0.402010050251256,0
0.402010050251256,1
0.402010050251256,0
0.402010050251256,1
0.402010050251256,2
0.402010050251256,0
0.402010050251256,2
0.402010050251256,0
0.402010050251256,0
0.402010050251256,0
0.402010050251256,1
0.402010050251256,0
0.402010050251256,0
0.402010050251256,0
0.402010050251256,1
0.402010050251256,0
0.402010050251256,0
0.402010050251256,1
0.402010050251256,1
0.402010050251256,0
0.402010050251256,1
0.402010050251256,0
0.402010050251256,0
0.402010050251256,0
0.402010050251256,0
0.402010050251256,0
0.402010050251256,0
0.402010050251256,0
0.402010050251256,0
0.402010050251256,0
0.402010050251256,1
0.402010050251256,0
0.402010050251256,0
0.402010050251256,2
0.402010050251256,0
0.402010050251256,0
0.402010050251256,1
0.402010050251256,1
0.402010050251256,2
0.402010050251256,0
0.402010050251256,1
0.402010050251256,1
0.402010050251256,0
0.402010050251256,0
0.402010050251256,1
0.402010050251256,0
0.402010050251256,1
0.402010050251256,0
0.402010050251256,0
0.402010050251256,1
0.402010050251256,0
0.402010050251256,1
0.402010050251256,0
0.402010050251256,1
0.402010050251256,0
0.402010050251256,1
0.402010050251256,1
0.402010050251256,0
0.402010050251256,0
0.402010050251256,1
0.402010050251256,0
0.402010050251256,0
0.402010050251256,0
0.402010050251256,0
0.402010050251256,1
0.402010050251256,0
0.402010050251256,1
0.402010050251256,0
0.402010050251256,1
0.402010050251256,0
0.402010050251256,2
0.402010050251256,1
0.402010050251256,1
0.402010050251256,1
0.402010050251256,0
0.402010050251256,0
0.402010050251256,0
0.402010050251256,0
0.402010050251256,1
0.402010050251256,0
0.402010050251256,0
0.402010050251256,0
0.402010050251256,1
0.402010050251256,0
0.402010050251256,0
0.402010050251256,1
0.402010050251256,0
0.402010050251256,0
0.402010050251256,1
0.402010050251256,1
0.402010050251256,1
0.402010050251256,1
0.402010050251256,0
0.402010050251256,0
0.402010050251256,1
0.402010050251256,1
0.402010050251256,0
0.402010050251256,1
0.402010050251256,1
0.402010050251256,0
0.402010050251256,0
0.402010050251256,0
0.402010050251256,0
0.402010050251256,0
0.402010050251256,0
0.402010050251256,2
0.402010050251256,0
0.402010050251256,0
0.402010050251256,0
0.402010050251256,0
0.402010050251256,0
0.402010050251256,0
0.402010050251256,0
0.402010050251256,1
0.402010050251256,0
0.402010050251256,0
0.402010050251256,0
0.402010050251256,0
0.402010050251256,0
0.402010050251256,1
0.402010050251256,0
0.402010050251256,0
0.402010050251256,0
0.402010050251256,2
0.402010050251256,0
0.402010050251256,0
0.402010050251256,0
0.402010050251256,1
0.402010050251256,2
0.402010050251256,0
0.402010050251256,0
0.402010050251256,1
0.402010050251256,0
0.402010050251256,1
0.402010050251256,0
0.402010050251256,0
0.402010050251256,0
0.402010050251256,0
0.402010050251256,0
0.402010050251256,0
0.402010050251256,0
0.402010050251256,0
0.402010050251256,0
0.402010050251256,0
0.402010050251256,0
0.402010050251256,1
0.402010050251256,0
0.402010050251256,0
0.402010050251256,0
0.402010050251256,0
0.402010050251256,0
0.402010050251256,1
0.402010050251256,1
0.402010050251256,1
0.402010050251256,0
0.402010050251256,1
0.402010050251256,1
0.402010050251256,0
0.402010050251256,0
0.402010050251256,0
0.402010050251256,0
0.402010050251256,0
0.402010050251256,1
0.402010050251256,1
0.402010050251256,1
0.402010050251256,0
0.402010050251256,0
0.402010050251256,1
0.402010050251256,0
0.402010050251256,1
0.402010050251256,0
0.402010050251256,1
0.402010050251256,2
0.402010050251256,0
0.402010050251256,1
0.402010050251256,3
0.402010050251256,1
0.402010050251256,0
0.402010050251256,0
0.402010050251256,1
0.402010050251256,0
0.402010050251256,1
0.402010050251256,1
0.402010050251256,1
0.402010050251256,1
0.603015075376884,0
0.603015075376884,1
0.603015075376884,1
0.603015075376884,1
0.603015075376884,1
0.603015075376884,0
0.603015075376884,1
0.603015075376884,0
0.603015075376884,0
0.603015075376884,0
0.603015075376884,0
0.603015075376884,0
0.603015075376884,0
0.603015075376884,0
0.603015075376884,1
0.603015075376884,0
0.603015075376884,1
0.603015075376884,0
0.603015075376884,1
0.603015075376884,0
0.603015075376884,0
0.603015075376884,0
0.603015075376884,2
0.603015075376884,2
0.603015075376884,0
0.603015075376884,1
0.603015075376884,1
0.603015075376884,2
0.603015075376884,2
0.603015075376884,1
0.603015075376884,0
0.603015075376884,0
0.603015075376884,0
0.603015075376884,0
0.603015075376884,0
0.603015075376884,0
0.603015075376884,1
0.603015075376884,2
0.603015075376884,1
0.603015075376884,0
0.603015075376884,1
0.603015075376884,1
0.603015075376884,1
0.603015075376884,1
0.603015075376884,0
0.603015075376884,1
0.603015075376884,0
0.603015075376884,0
0.603015075376884,0
0.603015075376884,1
0.603015075376884,0
0.603015075376884,0
0.603015075376884,0
0.603015075376884,0
0.603015075376884,2
0.603015075376884,0
0.603015075376884,1
0.603015075376884,0
0.603015075376884,0
0.603015075376884,1
0.603015075376884,0
0.603015075376884,0
0.603015075376884,1
0.603015075376884,1
0.603015075376884,0
0.603015075376884,3
0.603015075376884,1
0.603015075376884,2
0.603015075376884,0
0.603015075376884,1
0.603015075376884,2
0.603015075376884,3
0.603015075376884,0
0.603015075376884,1
0.603015075376884,0
0.603015075376884,0
0.603015075376884,0
0.603015075376884,0
0.603015075376884,1
0.603015075376884,0
0.603015075376884,0
0.603015075376884,1
0.603015075376884,0
0.603015075376884,0
0.603015075376884,2
0.603015075376884,3
0.603015075376884,1
0.603015075376884,0
0.603015075376884,2
0.603015075376884,1
0.603015075376884,2
0.603015075376884,0
0.603015075376884,0
0.603015075376884,0
0.603015075376884,0
0.603015075376884,0
0.603015075376884,0
0.603015075376884,0
0.603015075376884,0
0.603015075376884,2
0.603015075376884,2
0.603015075376884,0
0.603015075376884,0
0.603015075376884,1
0.603015075376884,0
0.603015075376884,2
0.603015075376884,0
0.603015075376884,0
0.603015075376884,1
0.603015075376884,0
0.603015075376884,0
0.603015075376884,1
0.603015075376884,1
0.603015075376884,0
0.603015075376884,0
0.603015075376884,0
0.603015075376884,0
0.603015075376884,2
0.603015075376884,1
0.603015075376884,0
0.603015075376884,0
0.603015075376884,2
0.603015075376884,0
0.603015075376884,0
0.603015075376884,1
0.603015075376884,1
0.603015075376884,0
0.603015075376884,0
0.603015075376884,0
0.603015075376884,0
0.603015075376884,0
0.603015075376884,0
0.603015075376884,0
0.603015075376884,0
0.603015075376884,0
0.603015075376884,0
0.603015075376884,0
0.603015075376884,0
0.603015075376884,0
0.603015075376884,1
0.603015075376884,1
0.603015075376884,0
0.603015075376884,0
0.603015075376884,1
0.603015075376884,0
0.603015075376884,1
0.603015075376884,0
0.603015075376884,1
0.603015075376884,0
0.603015075376884,0
0.603015075376884,2
0.603015075376884,1
0.603015075376884,2
0.603015075376884,0
0.603015075376884,0
0.603015075376884,2
0.603015075376884,0
0.603015075376884,0
0.603015075376884,2
0.603015075376884,1
0.603015075376884,0
0.603015075376884,0
0.603015075376884,0
0.603015075376884,0
0.603015075376884,1
0.603015075376884,1
0.603015075376884,0
0.603015075376884,1
0.603015075376884,0
0.603015075376884,0
0.603015075376884,0
0.603015075376884,0
0.603015075376884,0
0.603015075376884,0
0.603015075376884,0
0.603015075376884,0
0.603015075376884,1
0.603015075376884,1
0.603015075376884,0
0.603015075376884,0
0.603015075376884,1
0.603015075376884,2
0.603015075376884,1
0.603015075376884,1
0.603015075376884,1
0.603015075376884,1
0.603015075376884,0
0.603015075376884,1
0.603015075376884,1
0.603015075376884,2
0.603015075376884,0
0.603015075376884,0
0.603015075376884,0
0.603015075376884,0
0.603015075376884,2
0.603015075376884,1
0.603015075376884,0
0.603015075376884,0
0.603015075376884,1
0.603015075376884,0
0.804020100502513,1
0.804020100502513,1
0.804020100502513,1
0.804020100502513,0
0.804020100502513,2
0.804020100502513,0
0.804020100502513,0
0.804020100502513,1
0.804020100502513,2
0.804020100502513,1
0.804020100502513,0
0.804020100502513,1
0.804020100502513,1
0.804020100502513,0
0.804020100502513,1
0.804020100502513,0
0.804020100502513,1
0.804020100502513,1
0.804020100502513,2
0.804020100502513,2
0.804020100502513,1
0.804020100502513,2
0.804020100502513,1
0.804020100502513,0
0.804020100502513,0
0.804020100502513,1
0.804020100502513,0
0.804020100502513,0
0.804020100502513,0
0.804020100502513,1
0.804020100502513,1
0.804020100502513,0
0.804020100502513,0
0.804020100502513,2
0.804020100502513,1
0.804020100502513,0
0.804020100502513,0
0.804020100502513,1
0.804020100502513,1
0.804020100502513,1
0.804020100502513,0
0.804020100502513,2
0.804020100502513,2
0.804020100502513,2
0.804020100502513,1
0.804020100502513,1
0.804020100502513,0
0.804020100502513,2
0.804020100502513,1
0.804020100502513,0
0.804020100502513,4
0.804020100502513,0
0.804020100502513,0
0.804020100502513,0
0.804020100502513,0
0.804020100502513,1
0.804020100502513,1
0.804020100502513,1
0.804020100502513,2
0.804020100502513,1
0.804020100502513,0
0.804020100502513,2
0.804020100502513,2
0.804020100502513,0
0.804020100502513,0
0.804020100502513,1
0.804020100502513,1
0.804020100502513,1
0.804020100502513,0
0.804020100502513,2
0.804020100502513,1
0.804020100502513,0
0.804020100502513,0
0.804020100502513,0
0.804020100502513,1
0.804020100502513,0
0.804020100502513,2
0.804020100502513,0
0.804020100502513,0
0.804020100502513,1
0.804020100502513,1
0.804020100502513,0
0.804020100502513,0
0.804020100502513,1
0.804020100502513,0
0.804020100502513,0
0.804020100502513,0
0.804020100502513,1
0.804020100502513,1
0.804020100502513,2
0.804020100502513,2
0.804020100502513,2
0.804020100502513,1
0.804020100502513,2
0.804020100502513,1
0.804020100502513,0
0.804020100502513,0
0.804020100502513,0
0.804020100502513,1
0.804020100502513,0
0.804020100502513,1
0.804020100502513,0
0.804020100502513,1
0.804020100502513,2
0.804020100502513,2
0.804020100502513,1
0.804020100502513,0
0.804020100502513,2
0.804020100502513,0
0.804020100502513,0
0.804020100502513,0
0.804020100502513,0
0.804020100502513,0
0.804020100502513,1
0.804020100502513,0
0.804020100502513,0
0.804020100502513,3
0.804020100502513,1
0.804020100502513,0
0.804020100502513,1
0.804020100502513,1
0.804020100502513,3
0.804020100502513,0
0.804020100502513,2
0.804020100502513,1
0.804020100502513,0
0.804020100502513,0
0.804020100502513,0
0.804020100502513,0
0.804020100502513,2
0.804020100502513,0
0.804020100502513,2
0.804020100502513,1
0.804020100502513,1
0.804020100502513,1
0.804020100502513,2
0.804020100502513,2
0.804020100502513,1
0.804020100502513,2
0.804020100502513,2
0.804020100502513,1
0.804020100502513,0
0.804020100502513,0
0.804020100502513,0
0.804020100502513,2
0.804020100502513,0
0.804020100502513,0
0.804020100502513,1
0.804020100502513,0
0.804020100502513,1
0.804020100502513,0
0.804020100502513,0
0.804020100502513,2
0.804020100502513,2
0.804020100502513,1
0.804020100502513,1
0.804020100502513,0
0.804020100502513,0
0.804020100502513,0
0.804020100502513,0
0.804020100502513,1
0.804020100502513,0
0.804020100502513,1
0.804020100502513,1
0.804020100502513,1
0.804020100502513,0
0.804020100502513,1
0.804020100502513,1
0.804020100502513,0
0.804020100502513,0
0.804020100502513,2
0.804020100502513,1
0.804020100502513,0
0.804020100502513,0
0.804020100502513,1
0.804020100502513,2
0.804020100502513,2
0.804020100502513,2
0.804020100502513,2
0.804020100502513,1
0.804020100502513,1
0.804020100502513,1
0.804020100502513,1
0.804020100502513,1
0.804020100502513,1
0.804020100502513,0
0.804020100502513,0
0.804020100502513,0
0.804020100502513,0
0.804020100502513,2
0.804020100502513,0
0.804020100502513,0
0.804020100502513,2
0.804020100502513,1
0.804020100502513,2
0.804020100502513,0
0.804020100502513,0
0.804020100502513,0
0.804020100502513,0
0.804020100502513,2
1.00502512562814,1
1.00502512562814,1
1.00502512562814,2
1.00502512562814,0
1.00502512562814,2
1.00502512562814,2
1.00502512562814,1
1.00502512562814,1
1.00502512562814,1
1.00502512562814,1
1.00502512562814,1
1.00502512562814,1
1.00502512562814,1
1.00502512562814,1
1.00502512562814,2
1.00502512562814,1
1.00502512562814,2
1.00502512562814,0
1.00502512562814,1
1.00502512562814,0
1.00502512562814,0
1.00502512562814,1
1.00502512562814,1
1.00502512562814,0
1.00502512562814,0
1.00502512562814,0
1.00502512562814,0
1.00502512562814,0
1.00502512562814,2
1.00502512562814,1
1.00502512562814,1
1.00502512562814,3
1.00502512562814,0
1.00502512562814,0
1.00502512562814,1
1.00502512562814,2
1.00502512562814,2
1.00502512562814,0
1.00502512562814,5
1.00502512562814,0
1.00502512562814,0
1.00502512562814,3
1.00502512562814,1
1.00502512562814,3
1.00502512562814,0
1.00502512562814,0
1.00502512562814,0
1.00502512562814,0
1.00502512562814,0
1.00502512562814,0
1.00502512562814,3
1.00502512562814,0
1.00502512562814,0
1.00502512562814,1
1.00502512562814,2
1.00502512562814,1
1.00502512562814,0
1.00502512562814,0
1.00502512562814,1
1.00502512562814,0
1.00502512562814,0
1.00502512562814,1
1.00502512562814,1
1.00502512562814,0
1.00502512562814,1
1.00502512562814,0
1.00502512562814,1
1.00502512562814,2
1.00502512562814,3
1.00502512562814,1
1.00502512562814,0
1.00502512562814,1
1.00502512562814,2
1.00502512562814,0
1.00502512562814,2
1.00502512562814,3
1.00502512562814,3
1.00502512562814,1
1.00502512562814,0
1.00502512562814,1
1.00502512562814,1
1.00502512562814,2
1.00502512562814,1
1.00502512562814,0
1.00502512562814,1
1.00502512562814,1
1.00502512562814,1
1.00502512562814,3
1.00502512562814,0
1.00502512562814,1
1.00502512562814,1
1.00502512562814,2
1.00502512562814,1
1.00502512562814,3
1.00502512562814,1
1.00502512562814,1
1.00502512562814,1
1.00502512562814,2
1.00502512562814,2
1.00502512562814,2
1.00502512562814,2
1.00502512562814,1
1.00502512562814,0
1.00502512562814,0
1.00502512562814,1
1.00502512562814,2
1.00502512562814,0
1.00502512562814,1
1.00502512562814,0
1.00502512562814,1
1.00502512562814,1
1.00502512562814,1
1.00502512562814,2
1.00502512562814,2
1.00502512562814,0
1.00502512562814,0
1.00502512562814,0
1.00502512562814,0
1.00502512562814,0
1.00502512562814,0
1.00502512562814,0
1.00502512562814,0
1.00502512562814,1
1.00502512562814,1
1.00502512562814,0
1.00502512562814,0
1.00502512562814,0
1.00502512562814,0
1.00502512562814,1
1.00502512562814,1
1.00502512562814,0
1.00502512562814,0
1.00502512562814,1
1.00502512562814,2
1.00502512562814,1
1.00502512562814,2
1.00502512562814,3
1.00502512562814,0
1.00502512562814,1
1.00502512562814,2
1.00502512562814,1
1.00502512562814,0
1.00502512562814,0
1.00502512562814,1
1.00502512562814,5
1.00502512562814,1
1.00502512562814,1
1.00502512562814,0
1.00502512562814,1
1.00502512562814,1
1.00502512562814,1
1.00502512562814,0
1.00502512562814,1
1.00502512562814,1
1.00502512562814,0
1.00502512562814,0
1.00502512562814,2
1.00502512562814,0
1.00502512562814,0
1.00502512562814,1
1.00502512562814,1
1.00502512562814,0
1.00502512562814,1
1.00502512562814,1
1.00502512562814,0
1.00502512562814,1
1.00502512562814,2
1.00502512562814,1
1.00502512562814,3
1.00502512562814,0
1.00502512562814,0
1.00502512562814,1
1.00502512562814,0
1.00502512562814,0
1.00502512562814,0
1.00502512562814,0
1.00502512562814,0
1.00502512562814,3
1.00502512562814,1
1.00502512562814,1
1.00502512562814,0
1.00502512562814,1
1.00502512562814,0
1.00502512562814,0
1.00502512562814,1
1.00502512562814,2
1.00502512562814,1
1.00502512562814,0
1.00502512562814,1
1.00502512562814,0
1.00502512562814,3
1.00502512562814,1
1.00502512562814,1
1.00502512562814,0
1.00502512562814,2
1.00502512562814,1
1.00502512562814,0
1.00502512562814,1
1.00502512562814,1
1.00502512562814,2
1.20603015075377,0
1.20603015075377,1
1.20603015075377,1
1.20603015075377,2
1.20603015075377,2
1.20603015075377,0
1.20603015075377,2
1.20603015075377,0
1.20603015075377,4
1.20603015075377,2
1.20603015075377,0
1.20603015075377,4
1.20603015075377,1
1.20603015075377,0
1.20603015075377,0
1.20603015075377,0
1.20603015075377,0
1.20603015075377,0
1.20603015075377,2
1.20603015075377,0
1.20603015075377,1
1.20603015075377,0
1.20603015075377,0
1.20603015075377,0
1.20603015075377,1
1.20603015075377,0
1.20603015075377,1
1.20603015075377,2
1.20603015075377,2
1.20603015075377,2
1.20603015075377,2
1.20603015075377,0
1.20603015075377,1
1.20603015075377,2
1.20603015075377,1
1.20603015075377,2
1.20603015075377,2
1.20603015075377,1
1.20603015075377,1
1.20603015075377,1
1.20603015075377,2
1.20603015075377,0
1.20603015075377,2
1.20603015075377,1
1.20603015075377,1
1.20603015075377,1
1.20603015075377,2
1.20603015075377,1
1.20603015075377,0
1.20603015075377,2
1.20603015075377,1
1.20603015075377,0
1.20603015075377,1
1.20603015075377,4
1.20603015075377,1
1.20603015075377,0
1.20603015075377,2
1.20603015075377,1
1.20603015075377,5
1.20603015075377,0
1.20603015075377,0
1.20603015075377,2
1.20603015075377,0
1.20603015075377,1
1.20603015075377,1
1.20603015075377,0
1.20603015075377,0
1.20603015075377,0
1.20603015075377,1
1.20603015075377,1
1.20603015075377,2
1.20603015075377,1
1.20603015075377,2
1.20603015075377,1
1.20603015075377,1
1.20603015075377,0
1.20603015075377,0
1.20603015075377,0
1.20603015075377,0
1.20603015075377,2
1.20603015075377,1
1.20603015075377,0
1.20603015075377,0
1.20603015075377,1
1.20603015075377,0
1.20603015075377,2
1.20603015075377,0
1.20603015075377,1
1.20603015075377,1
1.20603015075377,0
1.20603015075377,2
1.20603015075377,3
1.20603015075377,1
1.20603015075377,3
1.20603015075377,2
1.20603015075377,2
1.20603015075377,3
1.20603015075377,0
1.20603015075377,1
1.20603015075377,1
1.20603015075377,0
1.20603015075377,2
1.20603015075377,2
1.20603015075377,1
1.20603015075377,0
1.20603015075377,1
1.20603015075377,2
1.20603015075377,0
1.20603015075377,2
1.20603015075377,0
1.20603015075377,0
1.20603015075377,1
1.20603015075377,0
1.20603015075377,0
1.20603015075377,1
1.20603015075377,1
1.20603015075377,2
1.20603015075377,1
1.20603015075377,1
1.20603015075377,3
1.20603015075377,0
1.20603015075377,1
1.20603015075377,2
1.20603015075377,0
1.20603015075377,1
1.20603015075377,0
1.20603015075377,0
1.20603015075377,3
1.20603015075377,0
1.20603015075377,0
1.20603015075377,0
1.20603015075377,2
1.20603015075377,2
1.20603015075377,2
1.20603015075377,0
1.20603015075377,0
1.20603015075377,0
1.20603015075377,1
1.20603015075377,3
1.20603015075377,2
1.20603015075377,2
1.20603015075377,0
1.20603015075377,2
1.20603015075377,0
1.20603015075377,1
1.20603015075377,2
1.20603015075377,0
1.20603015075377,0
1.20603015075377,1
1.20603015075377,1
1.20603015075377,0
1.20603015075377,1
1.20603015075377,0
1.20603015075377,0
1.20603015075377,1
1.20603015075377,0
1.20603015075377,1
1.20603015075377,1
1.20603015075377,2
1.20603015075377,1
1.20603015075377,2
1.20603015075377,2
1.20603015075377,4
1.20603015075377,4
1.20603015075377,3
1.20603015075377,2
1.20603015075377,1
1.20603015075377,1
1.20603015075377,4
1.20603015075377,1
1.20603015075377,0
1.20603015075377,0
1.20603015075377,2
1.20603015075377,3
1.20603015075377,1
1.20603015075377,1
1.20603015075377,1
1.20603015075377,1
1.20603015075377,0
1.20603015075377,2
1.20603015075377,1
1.20603015075377,0
1.20603015075377,1
1.20603015075377,1
1.20603015075377,0
1.20603015075377,3
1.20603015075377,0
1.20603015075377,1
1.20603015075377,1
1.20603015075377,1
1.20603015075377,0
1.20603015075377,3
1.20603015075377,2
1.20603015075377,1
1.20603015075377,2
1.20603015075377,0
1.20603015075377,0
1.20603015075377,1
1.20603015075377,3
1.20603015075377,1
1.4070351758794,1
1.4070351758794,3
1.4070351758794,1
1.4070351758794,1
1.4070351758794,1
1.4070351758794,1
1.4070351758794,0
1.4070351758794,1
1.4070351758794,2
1.4070351758794,2
1.4070351758794,4
1.4070351758794,1
1.4070351758794,1
1.4070351758794,1
1.4070351758794,3
1.4070351758794,0
1.4070351758794,0
1.4070351758794,2
1.4070351758794,2
1.4070351758794,0
1.4070351758794,1
1.4070351758794,3
1.4070351758794,2
1.4070351758794,1
1.4070351758794,2
1.4070351758794,0
1.4070351758794,2
1.4070351758794,1
1.4070351758794,4
1.4070351758794,3
1.4070351758794,0
1.4070351758794,2
1.4070351758794,2
1.4070351758794,0
1.4070351758794,0
1.4070351758794,0
1.4070351758794,1
1.4070351758794,4
1.4070351758794,2
1.4070351758794,0
1.4070351758794,1
1.4070351758794,2
1.4070351758794,3
1.4070351758794,2
1.4070351758794,0
1.4070351758794,0
1.4070351758794,1
1.4070351758794,1
1.4070351758794,0
1.4070351758794,1
1.4070351758794,0
1.4070351758794,1
1.4070351758794,4
1.4070351758794,4
1.4070351758794,5
1.4070351758794,3
1.4070351758794,3
1.4070351758794,1
1.4070351758794,0
1.4070351758794,0
1.4070351758794,0
1.4070351758794,1
1.4070351758794,0
1.4070351758794,1
1.4070351758794,1
1.4070351758794,2
1.4070351758794,0
1.4070351758794,4
1.4070351758794,1
1.4070351758794,2
1.4070351758794,0
1.4070351758794,1
1.4070351758794,3
1.4070351758794,0
1.4070351758794,2
1.4070351758794,1
1.4070351758794,0
1.4070351758794,2
1.4070351758794,0
1.4070351758794,1
1.4070351758794,0
1.4070351758794,2
1.4070351758794,0
1.4070351758794,0
1.4070351758794,1
1.4070351758794,3
1.4070351758794,1
1.4070351758794,0
1.4070351758794,3
1.4070351758794,2
1.4070351758794,1
1.4070351758794,0
1.4070351758794,1
1.4070351758794,1
1.4070351758794,0
1.4070351758794,0
1.4070351758794,2
1.4070351758794,0
1.4070351758794,1
1.4070351758794,4
1.4070351758794,2
1.4070351758794,1
1.4070351758794,1
1.4070351758794,0
1.4070351758794,1
1.4070351758794,2
1.4070351758794,1
1.4070351758794,1
1.4070351758794,3
1.4070351758794,0
1.4070351758794,1
1.4070351758794,1
1.4070351758794,0
1.4070351758794,1
1.4070351758794,0
1.4070351758794,3
1.4070351758794,2
1.4070351758794,1
1.4070351758794,1
1.4070351758794,1
1.4070351758794,1
1.4070351758794,2
1.4070351758794,4
1.4070351758794,1
1.4070351758794,0
1.4070351758794,1
1.4070351758794,2
1.4070351758794,1
1.4070351758794,2
1.4070351758794,2
1.4070351758794,3
1.4070351758794,0
1.4070351758794,1
1.4070351758794,1
1.4070351758794,2
1.4070351758794,1
1.4070351758794,2
1.4070351758794,2
1.4070351758794,1
1.4070351758794,2
1.4070351758794,2
1.4070351758794,3
1.4070351758794,4
1.4070351758794,1
1.4070351758794,2
1.4070351758794,3
1.4070351758794,2
1.4070351758794,0
1.4070351758794,0
1.4070351758794,1
1.4070351758794,0
1.4070351758794,0
1.4070351758794,0
1.4070351758794,2
1.4070351758794,0
1.4070351758794,1
1.4070351758794,2
1.4070351758794,1
1.4070351758794,1
1.4070351758794,0
1.4070351758794,0
1.4070351758794,0
1.4070351758794,3
1.4070351758794,3
1.4070351758794,0
1.4070351758794,0
1.4070351758794,2
1.4070351758794,4
1.4070351758794,3
1.4070351758794,1
1.4070351758794,1
1.4070351758794,2
1.4070351758794,1
1.4070351758794,1
1.4070351758794,1
1.4070351758794,1
1.4070351758794,1
1.4070351758794,0
1.4070351758794,0
1.4070351758794,2
1.4070351758794,1
1.4070351758794,2
1.4070351758794,3
1.4070351758794,0
1.4070351758794,2
1.4070351758794,2
1.4070351758794,2
1.4070351758794,2
1.4070351758794,2
1.4070351758794,1
1.4070351758794,1
1.4070351758794,1
1.4070351758794,0
1.4070351758794,2
1.4070351758794,2
1.4070351758794,1
1.4070351758794,0
1.4070351758794,0
1.4070351758794,3
1.4070351758794,1
1.60804020100503,2
1.60804020100503,0
1.60804020100503,2
1.60804020100503,3
1.60804020100503,0
1.60804020100503,1
1.60804020100503,3
1.60804020100503,3
1.60804020100503,3
1.60804020100503,2
1.60804020100503,2
1.60804020100503,1
1.60804020100503,1
1.60804020100503,3
1.60804020100503,1
1.60804020100503,3
1.60804020100503,3
1.60804020100503,0
1.60804020100503,2
1.60804020100503,2
1.60804020100503,1
1.60804020100503,3
1.60804020100503,0
1.60804020100503,2
1.60804020100503,2
1.60804020100503,1
1.60804020100503,1
1.60804020100503,1
1.60804020100503,3
1.60804020100503,3
1.60804020100503,2
1.60804020100503,1
1.60804020100503,2
1.60804020100503,0
1.60804020100503,1
1.60804020100503,0
1.60804020100503,1
1.60804020100503,2
1.60804020100503,2
1.60804020100503,3
1.60804020100503,1
1.60804020100503,0
1.60804020100503,2
1.60804020100503,2
1.60804020100503,1
1.60804020100503,0
1.60804020100503,1
1.60804020100503,2
1.60804020100503,1
1.60804020100503,1
1.60804020100503,1
1.60804020100503,0
1.60804020100503,1
1.60804020100503,0
1.60804020100503,3
1.60804020100503,1
1.60804020100503,0
1.60804020100503,1
1.60804020100503,3
1.60804020100503,1
1.60804020100503,3
1.60804020100503,2
1.60804020100503,1
1.60804020100503,2
1.60804020100503,2
1.60804020100503,2
1.60804020100503,1
1.60804020100503,2
1.60804020100503,3
1.60804020100503,0
1.60804020100503,2
1.60804020100503,2
1.60804020100503,4
1.60804020100503,1
1.60804020100503,0
1.60804020100503,0
1.60804020100503,0
1.60804020100503,1
1.60804020100503,2
1.60804020100503,1
1.60804020100503,3
1.60804020100503,0
1.60804020100503,1
1.60804020100503,0
1.60804020100503,3
1.60804020100503,2
1.60804020100503,3
1.60804020100503,1
1.60804020100503,1
1.60804020100503,3
1.60804020100503,6
1.60804020100503,0
1.60804020100503,3
1.60804020100503,1
1.60804020100503,3
1.60804020100503,4
1.60804020100503,3
1.60804020100503,0
1.60804020100503,0
1.60804020100503,1
1.60804020100503,2
1.60804020100503,2
1.60804020100503,0
1.60804020100503,1
1.60804020100503,1
1.60804020100503,1
1.60804020100503,3
1.60804020100503,0
1.60804020100503,2
1.60804020100503,3
1.60804020100503,1
1.60804020100503,1
1.60804020100503,2
1.60804020100503,2
1.60804020100503,2
1.60804020100503,0
1.60804020100503,2
1.60804020100503,2
1.60804020100503,2
1.60804020100503,0
1.60804020100503,2
1.60804020100503,0
1.60804020100503,0
1.60804020100503,0
1.60804020100503,3
1.60804020100503,3
1.60804020100503,0
1.60804020100503,1
1.60804020100503,2
1.60804020100503,1
1.60804020100503,0
1.60804020100503,0
1.60804020100503,1
1.60804020100503,3
1.60804020100503,0
1.60804020100503,2
1.60804020100503,0
1.60804020100503,1
1.60804020100503,1
1.60804020100503,2
1.60804020100503,1
1.60804020100503,0
1.60804020100503,1
1.60804020100503,2
1.60804020100503,2
1.60804020100503,3
1.60804020100503,1
1.60804020100503,0
1.60804020100503,1
1.60804020100503,1
1.60804020100503,1
1.60804020100503,0
1.60804020100503,2
1.60804020100503,4
1.60804020100503,0
1.60804020100503,3
1.60804020100503,1
1.60804020100503,1
1.60804020100503,0
1.60804020100503,1
1.60804020100503,3
1.60804020100503,4
1.60804020100503,1
1.60804020100503,3
1.60804020100503,3
1.60804020100503,2
1.60804020100503,0
1.60804020100503,1
1.60804020100503,0
1.60804020100503,1
1.60804020100503,2
1.60804020100503,0
1.60804020100503,1
1.60804020100503,2
1.60804020100503,2
1.60804020100503,0
1.60804020100503,2
1.60804020100503,2
1.60804020100503,1
1.60804020100503,4
1.60804020100503,2
1.60804020100503,0
1.60804020100503,2
1.60804020100503,2
1.60804020100503,0
1.60804020100503,2
1.60804020100503,2
1.60804020100503,1
1.60804020100503,4
1.60804020100503,1
1.60804020100503,1
1.60804020100503,1
1.60804020100503,1
1.60804020100503,2
1.60804020100503,1
1.60804020100503,2
1.60804020100503,0
1.60804020100503,1
1.60804020100503,1
1.60804020100503,1
1.80904522613065,2
1.80904522613065,1
1.80904522613065,2
1.80904522613065,2
1.80904522613065,2
1.80904522613065,1
1.80904522613065,0
1.80904522613065,4
1.80904522613065,0
1.80904522613065,1
1.80904522613065,1
1.80904522613065,0
1.80904522613065,3
1.80904522613065,1
1.80904522613065,3
1.80904522613065,4
1.80904522613065,0
1.80904522613065,2
1.80904522613065,3
1.80904522613065,2
1.80904522613065,2
1.80904522613065,3
1.80904522613065,2
1.80904522613065,0
1.80904522613065,0
1.80904522613065,1
1.80904522613065,5
1.80904522613065,3
1.80904522613065,0
1.80904522613065,2
1.80904522613065,1
1.80904522613065,0
1.80904522613065,1
1.80904522613065,0
1.80904522613065,1
1.80904522613065,2
1.80904522613065,1
1.80904522613065,4
1.80904522613065,1
1.80904522613065,2
1.80904522613065,3
1.80904522613065,3
1.80904522613065,3
1.80904522613065,1
1.80904522613065,0
1.80904522613065,0
1.80904522613065,2
1.80904522613065,5
1.80904522613065,2
1.80904522613065,4
1.80904522613065,4
1.80904522613065,0
1.80904522613065,2
1.80904522613065,1
1.80904522613065,2
1.80904522613065,1
1.80904522613065,0
1.80904522613065,0
1.80904522613065,4
1.80904522613065,3
1.80904522613065,2
1.80904522613065,1
1.80904522613065,1
1.80904522613065,2
1.80904522613065,1
1.80904522613065,0
1.80904522613065,2
1.80904522613065,1
1.80904522613065,1
1.80904522613065,1
1.80904522613065,0
1.80904522613065,2
1.80904522613065,1
1.80904522613065,1
1.80904522613065,5
1.80904522613065,0
1.80904522613065,0
1.80904522613065,0
1.80904522613065,2
1.80904522613065,1
1.80904522613065,2
1.80904522613065,0
1.80904522613065,1
1.80904522613065,5
1.80904522613065,2
1.80904522613065,1
1.80904522613065,3
1.80904522613065,1
1.80904522613065,2
1.80904522613065,3
1.80904522613065,2
1.80904522613065,1
1.80904522613065,2
1.80904522613065,3
1.80904522613065,2
1.80904522613065,3
1.80904522613065,3
1.80904522613065,1
1.80904522613065,1
1.80904522613065,2
1.80904522613065,0
1.80904522613065,4
1.80904522613065,3
1.80904522613065,1
1.80904522613065,2
1.80904522613065,2
1.80904522613065,2
1.80904522613065,2
1.80904522613065,0
1.80904522613065,2
1.80904522613065,2
1.80904522613065,2
1.80904522613065,1
1.80904522613065,2
1.80904522613065,3
1.80904522613065,2
1.80904522613065,0
1.80904522613065,0
1.80904522613065,1
1.80904522613065,1
1.80904522613065,1
1.80904522613065,1
1.80904522613065,4
1.80904522613065,2
1.80904522613065,6
1.80904522613065,3
1.80904522613065,2
1.80904522613065,1
1.80904522613065,2
1.80904522613065,1
1.80904522613065,1
1.80904522613065,0
1.80904522613065,2
1.80904522613065,0
1.80904522613065,2
1.80904522613065,1
1.80904522613065,1
1.80904522613065,2
1.80904522613065,1
1.80904522613065,0
1.80904522613065,1
1.80904522613065,1
1.80904522613065,0
1.80904522613065,2
1.80904522613065,2
1.80904522613065,1
1.80904522613065,1
1.80904522613065,1
1.80904522613065,1
1.80904522613065,3
1.80904522613065,3
1.80904522613065,1
1.80904522613065,0
1.80904522613065,2
1.80904522613065,3
1.80904522613065,1
1.80904522613065,0
1.80904522613065,4
1.80904522613065,3
1.80904522613065,2
1.80904522613065,1
1.80904522613065,0
1.80904522613065,1
1.80904522613065,3
1.80904522613065,2
1.80904522613065,1
1.80904522613065,1
1.80904522613065,3
1.80904522613065,3
1.80904522613065,2
1.80904522613065,2
1.80904522613065,1
1.80904522613065,2
1.80904522613065,1
1.80904522613065,1
1.80904522613065,1
1.80904522613065,0
1.80904522613065,0
1.80904522613065,1
1.80904522613065,2
1.80904522613065,0
1.80904522613065,1
1.80904522613065,1
1.80904522613065,2
1.80904522613065,1
1.80904522613065,0
1.80904522613065,3
1.80904522613065,3
1.80904522613065,1
1.80904522613065,4
1.80904522613065,2
1.80904522613065,1
1.80904522613065,1
1.80904522613065,1
1.80904522613065,2
1.80904522613065,4
1.80904522613065,2
1.80904522613065,2
1.80904522613065,1
1.80904522613065,3
2.01005025125628,1
2.01005025125628,4
2.01005025125628,0
2.01005025125628,2
2.01005025125628,0
2.01005025125628,2
2.01005025125628,1
2.01005025125628,1
2.01005025125628,1
2.01005025125628,0
2.01005025125628,1
2.01005025125628,2
2.01005025125628,2
2.01005025125628,1
2.01005025125628,3
2.01005025125628,3
2.01005025125628,2
2.01005025125628,3
2.01005025125628,2
2.01005025125628,1
2.01005025125628,2
2.01005025125628,2
2.01005025125628,0
2.01005025125628,1
2.01005025125628,3
2.01005025125628,1
2.01005025125628,1
2.01005025125628,1
2.01005025125628,0
2.01005025125628,2
2.01005025125628,1
2.01005025125628,2
2.01005025125628,2
2.01005025125628,1
2.01005025125628,0
2.01005025125628,5
2.01005025125628,0
2.01005025125628,2
2.01005025125628,0
2.01005025125628,2
2.01005025125628,0
2.01005025125628,0
2.01005025125628,2
2.01005025125628,0
2.01005025125628,1
2.01005025125628,2
2.01005025125628,3
2.01005025125628,3
2.01005025125628,2
2.01005025125628,0
2.01005025125628,2
2.01005025125628,2
2.01005025125628,1
2.01005025125628,4
2.01005025125628,2
2.01005025125628,3
2.01005025125628,2
2.01005025125628,2
2.01005025125628,2
2.01005025125628,4
2.01005025125628,0
2.01005025125628,1
2.01005025125628,1
2.01005025125628,0
2.01005025125628,2
2.01005025125628,0
2.01005025125628,1
2.01005025125628,0
2.01005025125628,1
2.01005025125628,0
2.01005025125628,1
2.01005025125628,3
2.01005025125628,4
2.01005025125628,0
2.01005025125628,0
2.01005025125628,1
2.01005025125628,0
2.01005025125628,3
2.01005025125628,1
2.01005025125628,0
2.01005025125628,0
2.01005025125628,1
2.01005025125628,0
2.01005025125628,0
2.01005025125628,0
2.01005025125628,0
2.01005025125628,1
2.01005025125628,1
2.01005025125628,3
2.01005025125628,1
2.01005025125628,1
2.01005025125628,1
2.01005025125628,0
2.01005025125628,0
2.01005025125628,1
2.01005025125628,0
2.01005025125628,1
2.01005025125628,2
2.01005025125628,3
2.01005025125628,3
2.01005025125628,2
2.01005025125628,5
2.01005025125628,2
2.01005025125628,4
2.01005025125628,1
2.01005025125628,1
2.01005025125628,0
2.01005025125628,1
2.01005025125628,5
2.01005025125628,0
2.01005025125628,3
2.01005025125628,2
2.01005025125628,5
2.01005025125628,3
2.01005025125628,4
2.01005025125628,1
2.01005025125628,3
2.01005025125628,1
2.01005025125628,1
2.01005025125628,4
2.01005025125628,2
2.01005025125628,2
2.01005025125628,4
2.01005025125628,1
2.01005025125628,3
2.01005025125628,2
2.01005025125628,2
2.01005025125628,0
2.01005025125628,2
2.01005025125628,1
2.01005025125628,0
2.01005025125628,2
2.01005025125628,2
2.01005025125628,3
2.01005025125628,1
2.01005025125628,2
2.01005025125628,1
2.01005025125628,0
2.01005025125628,3
2.01005025125628,4
2.01005025125628,3
2.01005025125628,1
2.01005025125628,0
2.01005025125628,3
2.01005025125628,0
2.01005025125628,3
2.01005025125628,3
2.01005025125628,2
2.01005025125628,1
2.01005025125628,2
2.01005025125628,3
2.01005025125628,2
2.01005025125628,2
2.01005025125628,0
2.01005025125628,1
2.01005025125628,2
2.01005025125628,1
2.01005025125628,0
2.01005025125628,3
2.01005025125628,0
2.01005025125628,1
2.01005025125628,2
2.01005025125628,1
2.01005025125628,3
2.01005025125628,4
2.01005025125628,2
2.01005025125628,1
2.01005025125628,2
2.01005025125628,1
2.01005025125628,1
2.01005025125628,1
2.01005025125628,1
2.01005025125628,0
2.01005025125628,1
2.01005025125628,1
2.01005025125628,1
2.01005025125628,3
2.01005025125628,1
2.01005025125628,2
2.01005025125628,2
2.01005025125628,0
2.01005025125628,2
2.01005025125628,1
2.01005025125628,1
2.01005025125628,1
2.01005025125628,2
2.01005025125628,1
2.01005025125628,4
2.01005025125628,1
2.01005025125628,2
2.01005025125628,1
2.01005025125628,2
2.01005025125628,0
2.01005025125628,0
2.01005025125628,1
2.01005025125628,2
2.01005025125628,1
2.01005025125628,6
2.01005025125628,2
2.01005025125628,5
2.21105527638191,1
2.21105527638191,1
2.21105527638191,2
2.21105527638191,2
2.21105527638191,2
2.21105527638191,0
2.21105527638191,1
2.21105527638191,1
2.21105527638191,1
2.21105527638191,0
2.21105527638191,1
2.21105527638191,1
2.21105527638191,2
2.21105527638191,3
2.21105527638191,0
2.21105527638191,1
2.21105527638191,0
2.21105527638191,4
2.21105527638191,0
2.21105527638191,4
2.21105527638191,5
2.21105527638191,3
2.21105527638191,2
2.21105527638191,2
2.21105527638191,4
2.21105527638191,2
2.21105527638191,2
2.21105527638191,0
2.21105527638191,4
2.21105527638191,2
2.21105527638191,1
2.21105527638191,1
2.21105527638191,3
2.21105527638191,3
2.21105527638191,1
2.21105527638191,2
2.21105527638191,1
2.21105527638191,1
2.21105527638191,3
2.21105527638191,1
2.21105527638191,3
2.21105527638191,1
2.21105527638191,3
2.21105527638191,3
2.21105527638191,5
2.21105527638191,1
2.21105527638191,2
2.21105527638191,1
2.21105527638191,2
2.21105527638191,3
2.21105527638191,3
2.21105527638191,1
2.21105527638191,1
2.21105527638191,0
2.21105527638191,2
2.21105527638191,0
2.21105527638191,0
2.21105527638191,3
2.21105527638191,3
2.21105527638191,1
2.21105527638191,2
2.21105527638191,0
2.21105527638191,0
2.21105527638191,2
2.21105527638191,4
2.21105527638191,1
2.21105527638191,1
2.21105527638191,3
2.21105527638191,1
2.21105527638191,3
2.21105527638191,1
2.21105527638191,0
2.21105527638191,2
2.21105527638191,3
2.21105527638191,2
2.21105527638191,0
2.21105527638191,5
2.21105527638191,1
2.21105527638191,2
2.21105527638191,1
2.21105527638191,3
2.21105527638191,2
2.21105527638191,2
2.21105527638191,3
2.21105527638191,2
2.21105527638191,3
2.21105527638191,3
2.21105527638191,4
2.21105527638191,2
2.21105527638191,2
2.21105527638191,3
2.21105527638191,1
2.21105527638191,1
2.21105527638191,0
2.21105527638191,2
2.21105527638191,3
2.21105527638191,3
2.21105527638191,4
2.21105527638191,0
2.21105527638191,3
2.21105527638191,0
2.21105527638191,3
2.21105527638191,2
2.21105527638191,2
2.21105527638191,1
2.21105527638191,2
2.21105527638191,3
2.21105527638191,2
2.21105527638191,3
2.21105527638191,2
2.21105527638191,1
2.21105527638191,1
2.21105527638191,1
2.21105527638191,2
2.21105527638191,0
2.21105527638191,3
2.21105527638191,1
2.21105527638191,3
2.21105527638191,3
2.21105527638191,4
2.21105527638191,4
2.21105527638191,0
2.21105527638191,2
2.21105527638191,1
2.21105527638191,0
2.21105527638191,3
2.21105527638191,2
2.21105527638191,2
2.21105527638191,5
2.21105527638191,2
2.21105527638191,1
2.21105527638191,1
2.21105527638191,0
2.21105527638191,1
2.21105527638191,2
2.21105527638191,2
2.21105527638191,3
2.21105527638191,2
2.21105527638191,1
2.21105527638191,2
2.21105527638191,3
2.21105527638191,4
2.21105527638191,0
2.21105527638191,0
2.21105527638191,1
2.21105527638191,2
2.21105527638191,1
2.21105527638191,1
2.21105527638191,1
2.21105527638191,2
2.21105527638191,2
2.21105527638191,0
2.21105527638191,1
2.21105527638191,2
2.21105527638191,1
2.21105527638191,3
2.21105527638191,3
2.21105527638191,2
2.21105527638191,3
2.21105527638191,0
2.21105527638191,1
2.21105527638191,3
2.21105527638191,2
2.21105527638191,4
2.21105527638191,3
2.21105527638191,2
2.21105527638191,0
2.21105527638191,2
2.21105527638191,1
2.21105527638191,2
2.21105527638191,0
2.21105527638191,4
2.21105527638191,1
2.21105527638191,1
2.21105527638191,2
2.21105527638191,3
2.21105527638191,1
2.21105527638191,4
2.21105527638191,2
2.21105527638191,2
2.21105527638191,3
2.21105527638191,3
2.21105527638191,2
2.21105527638191,0
2.21105527638191,2
2.21105527638191,2
2.21105527638191,4
2.21105527638191,0
2.21105527638191,1
2.21105527638191,6
2.21105527638191,3
2.21105527638191,0
2.21105527638191,3
2.21105527638191,1
2.21105527638191,2
2.21105527638191,0
2.21105527638191,2
2.21105527638191,2
2.21105527638191,2
2.21105527638191,1
2.41206030150754,2
2.41206030150754,1
2.41206030150754,3
2.41206030150754,2
2.41206030150754,1
2.41206030150754,4
2.41206030150754,5
2.41206030150754,2
2.41206030150754,1
2.41206030150754,3
2.41206030150754,1
2.41206030150754,3
2.41206030150754,3
2.41206030150754,2
2.41206030150754,2
2.41206030150754,1
2.41206030150754,2
2.41206030150754,1
2.41206030150754,0
2.41206030150754,1
2.41206030150754,4
2.41206030150754,1
2.41206030150754,3
2.41206030150754,3
2.41206030150754,1
2.41206030150754,3
2.41206030150754,4
2.41206030150754,2
2.41206030150754,3
2.41206030150754,1
2.41206030150754,3
2.41206030150754,0
2.41206030150754,2
2.41206030150754,2
2.41206030150754,4
2.41206030150754,2
2.41206030150754,6
2.41206030150754,3
2.41206030150754,5
2.41206030150754,1
2.41206030150754,3
2.41206030150754,6
2.41206030150754,4
2.41206030150754,3
2.41206030150754,2
2.41206030150754,3
2.41206030150754,2
2.41206030150754,3
2.41206030150754,1
2.41206030150754,1
2.41206030150754,1
2.41206030150754,3
2.41206030150754,4
2.41206030150754,2
2.41206030150754,0
2.41206030150754,1
2.41206030150754,3
2.41206030150754,3
2.41206030150754,1
2.41206030150754,2
2.41206030150754,1
2.41206030150754,1
2.41206030150754,0
2.41206030150754,3
2.41206030150754,4
2.41206030150754,3
2.41206030150754,1
2.41206030150754,0
2.41206030150754,4
2.41206030150754,3
2.41206030150754,5
2.41206030150754,2
2.41206030150754,1
2.41206030150754,3
2.41206030150754,2
2.41206030150754,3
2.41206030150754,2
2.41206030150754,1
2.41206030150754,1
2.41206030150754,4
2.41206030150754,3
2.41206030150754,1
2.41206030150754,4
2.41206030150754,3
2.41206030150754,2
2.41206030150754,6
2.41206030150754,2
2.41206030150754,1
2.41206030150754,2
2.41206030150754,0
2.41206030150754,4
2.41206030150754,1
2.41206030150754,1
2.41206030150754,6
2.41206030150754,1
2.41206030150754,1
2.41206030150754,0
2.41206030150754,3
2.41206030150754,2
2.41206030150754,2
2.41206030150754,2
2.41206030150754,1
2.41206030150754,6
2.41206030150754,3
2.41206030150754,4
2.41206030150754,4
2.41206030150754,0
2.41206030150754,0
2.41206030150754,1
2.41206030150754,2
2.41206030150754,1
2.41206030150754,0
2.41206030150754,3
2.41206030150754,1
2.41206030150754,2
2.41206030150754,1
2.41206030150754,1
2.41206030150754,3
2.41206030150754,2
2.41206030150754,1
2.41206030150754,3
2.41206030150754,1
2.41206030150754,6
2.41206030150754,1
2.41206030150754,0
2.41206030150754,0
2.41206030150754,3
2.41206030150754,3
2.41206030150754,2
2.41206030150754,0
2.41206030150754,2
2.41206030150754,3
2.41206030150754,6
2.41206030150754,2
2.41206030150754,3
2.41206030150754,0
2.41206030150754,1
2.41206030150754,2
2.41206030150754,1
2.41206030150754,5
2.41206030150754,2
2.41206030150754,4
2.41206030150754,3
2.41206030150754,0
2.41206030150754,1
2.41206030150754,3
2.41206030150754,3
2.41206030150754,3
2.41206030150754,2
2.41206030150754,4
2.41206030150754,2
2.41206030150754,2
2.41206030150754,2
2.41206030150754,2
2.41206030150754,2
2.41206030150754,2
2.41206030150754,3
2.41206030150754,2
2.41206030150754,5
2.41206030150754,5
2.41206030150754,2
2.41206030150754,3
2.41206030150754,2
2.41206030150754,0
2.41206030150754,2
2.41206030150754,2
2.41206030150754,1
2.41206030150754,2
2.41206030150754,3
2.41206030150754,5
2.41206030150754,2
2.41206030150754,1
2.41206030150754,1
2.41206030150754,0
2.41206030150754,1
2.41206030150754,1
2.41206030150754,2
2.41206030150754,4
2.41206030150754,3
2.41206030150754,2
2.41206030150754,1
2.41206030150754,3
2.41206030150754,5
2.41206030150754,3
2.41206030150754,3
2.41206030150754,1
2.41206030150754,8
2.41206030150754,1
2.41206030150754,0
2.41206030150754,1
2.41206030150754,3
2.41206030150754,2
2.41206030150754,3
2.41206030150754,1
2.41206030150754,5
2.41206030150754,2
2.41206030150754,1
2.41206030150754,3
2.41206030150754,4
2.41206030150754,2
2.61306532663317,0
2.61306532663317,0
2.61306532663317,4
2.61306532663317,1
2.61306532663317,3
2.61306532663317,1
2.61306532663317,1
2.61306532663317,1
2.61306532663317,0
2.61306532663317,3
2.61306532663317,0
2.61306532663317,4
2.61306532663317,1
2.61306532663317,2
2.61306532663317,1
2.61306532663317,1
2.61306532663317,1
2.61306532663317,2
2.61306532663317,4
2.61306532663317,2
2.61306532663317,2
2.61306532663317,3
2.61306532663317,3
2.61306532663317,5
2.61306532663317,2
2.61306532663317,2
2.61306532663317,5
2.61306532663317,3
2.61306532663317,0
2.61306532663317,3
2.61306532663317,2
2.61306532663317,4
2.61306532663317,6
2.61306532663317,2
2.61306532663317,4
2.61306532663317,3
2.61306532663317,4
2.61306532663317,2
2.61306532663317,3
2.61306532663317,1
2.61306532663317,1
2.61306532663317,2
2.61306532663317,4
2.61306532663317,5
2.61306532663317,4
2.61306532663317,2
2.61306532663317,2
2.61306532663317,1
2.61306532663317,2
2.61306532663317,2
2.61306532663317,1
2.61306532663317,0
2.61306532663317,2
2.61306532663317,1
2.61306532663317,2
2.61306532663317,0
2.61306532663317,5
2.61306532663317,5
2.61306532663317,0
2.61306532663317,0
2.61306532663317,3
2.61306532663317,6
2.61306532663317,2
2.61306532663317,3
2.61306532663317,3
2.61306532663317,3
2.61306532663317,3
2.61306532663317,3
2.61306532663317,3
2.61306532663317,5
2.61306532663317,4
2.61306532663317,2
2.61306532663317,3
2.61306532663317,5
2.61306532663317,3
2.61306532663317,1
2.61306532663317,4
2.61306532663317,2
2.61306532663317,2
2.61306532663317,1
2.61306532663317,2
2.61306532663317,3
2.61306532663317,1
2.61306532663317,4
2.61306532663317,3
2.61306532663317,1
2.61306532663317,1
2.61306532663317,2
2.61306532663317,6
2.61306532663317,4
2.61306532663317,1
2.61306532663317,1
2.61306532663317,5
2.61306532663317,5
2.61306532663317,3
2.61306532663317,5
2.61306532663317,1
2.61306532663317,6
2.61306532663317,2
2.61306532663317,2
2.61306532663317,2
2.61306532663317,3
2.61306532663317,6
2.61306532663317,2
2.61306532663317,0
2.61306532663317,2
2.61306532663317,1
2.61306532663317,3
2.61306532663317,2
2.61306532663317,4
2.61306532663317,4
2.61306532663317,0
2.61306532663317,7
2.61306532663317,3
2.61306532663317,2
2.61306532663317,0
2.61306532663317,3
2.61306532663317,4
2.61306532663317,3
2.61306532663317,4
2.61306532663317,3
2.61306532663317,3
2.61306532663317,2
2.61306532663317,1
2.61306532663317,3
2.61306532663317,2
2.61306532663317,2
2.61306532663317,1
2.61306532663317,2
2.61306532663317,3
2.61306532663317,5
2.61306532663317,1
2.61306532663317,3
2.61306532663317,5
2.61306532663317,3
2.61306532663317,4
2.61306532663317,2
2.61306532663317,3
2.61306532663317,3
2.61306532663317,4
2.61306532663317,3
2.61306532663317,4
2.61306532663317,3
2.61306532663317,3
2.61306532663317,2
2.61306532663317,7
2.61306532663317,1
2.61306532663317,2
2.61306532663317,0
2.61306532663317,3
2.61306532663317,5
2.61306532663317,2
2.61306532663317,3
2.61306532663317,3
2.61306532663317,1
2.61306532663317,7
2.61306532663317,1
2.61306532663317,3
2.61306532663317,0
2.61306532663317,3
2.61306532663317,4
2.61306532663317,2
2.61306532663317,1
2.61306532663317,3
2.61306532663317,2
2.61306532663317,2
2.61306532663317,0
2.61306532663317,1
2.61306532663317,3
2.61306532663317,1
2.61306532663317,2
2.61306532663317,3
2.61306532663317,3
2.61306532663317,1
2.61306532663317,2
2.61306532663317,0
2.61306532663317,0
2.61306532663317,2
2.61306532663317,2
2.61306532663317,3
2.61306532663317,4
2.61306532663317,3
2.61306532663317,3
2.61306532663317,3
2.61306532663317,1
2.61306532663317,1
2.61306532663317,5
2.61306532663317,2
2.61306532663317,1
2.61306532663317,2
2.61306532663317,1
2.61306532663317,0
2.61306532663317,4
2.61306532663317,2
2.61306532663317,1
2.61306532663317,0
2.61306532663317,3
2.61306532663317,4
2.61306532663317,3
2.61306532663317,1
2.81407035175879,3
2.81407035175879,1
2.81407035175879,2
2.81407035175879,4
2.81407035175879,1
2.81407035175879,3
2.81407035175879,2
2.81407035175879,3
2.81407035175879,2
2.81407035175879,0
2.81407035175879,2
2.81407035175879,4
2.81407035175879,6
2.81407035175879,2
2.81407035175879,1
2.81407035175879,1
2.81407035175879,1
2.81407035175879,6
2.81407035175879,7
2.81407035175879,4
2.81407035175879,2
2.81407035175879,4
2.81407035175879,3
2.81407035175879,2
2.81407035175879,2
2.81407035175879,1
2.81407035175879,1
2.81407035175879,3
2.81407035175879,2
2.81407035175879,4
2.81407035175879,2
2.81407035175879,3
2.81407035175879,2
2.81407035175879,1
2.81407035175879,2
2.81407035175879,4
2.81407035175879,4
2.81407035175879,4
2.81407035175879,2
2.81407035175879,2
2.81407035175879,2
2.81407035175879,2
2.81407035175879,2
2.81407035175879,3
2.81407035175879,2
2.81407035175879,3
2.81407035175879,3
2.81407035175879,1
2.81407035175879,2
2.81407035175879,4
2.81407035175879,5
2.81407035175879,2
2.81407035175879,2
2.81407035175879,2
2.81407035175879,3
2.81407035175879,3
2.81407035175879,3
2.81407035175879,3
2.81407035175879,3
2.81407035175879,4
2.81407035175879,3
2.81407035175879,2
2.81407035175879,5
2.81407035175879,1
2.81407035175879,2
2.81407035175879,1
2.81407035175879,1
2.81407035175879,3
2.81407035175879,4
2.81407035175879,0
2.81407035175879,2
2.81407035175879,2
2.81407035175879,3
2.81407035175879,2
2.81407035175879,1
2.81407035175879,1
2.81407035175879,2
2.81407035175879,2
2.81407035175879,1
2.81407035175879,4
2.81407035175879,3
2.81407035175879,4
2.81407035175879,0
2.81407035175879,3
2.81407035175879,2
2.81407035175879,1
2.81407035175879,2
2.81407035175879,5
2.81407035175879,1
2.81407035175879,1
2.81407035175879,5
2.81407035175879,2
2.81407035175879,2
2.81407035175879,2
2.81407035175879,3
2.81407035175879,1
2.81407035175879,1
2.81407035175879,4
2.81407035175879,2
2.81407035175879,5
2.81407035175879,0
2.81407035175879,1
2.81407035175879,2
2.81407035175879,1
2.81407035175879,2
2.81407035175879,8
2.81407035175879,5
2.81407035175879,2
2.81407035175879,1
2.81407035175879,0
2.81407035175879,1
2.81407035175879,0
2.81407035175879,2
2.81407035175879,1
2.81407035175879,2
2.81407035175879,3
2.81407035175879,4
2.81407035175879,3
2.81407035175879,3
2.81407035175879,4
2.81407035175879,5
2.81407035175879,3
2.81407035175879,6
2.81407035175879,1
2.81407035175879,3
2.81407035175879,5
2.81407035175879,2
2.81407035175879,4
2.81407035175879,0
2.81407035175879,4
2.81407035175879,5
2.81407035175879,2
2.81407035175879,1
2.81407035175879,1
2.81407035175879,1
2.81407035175879,2
2.81407035175879,3
2.81407035175879,4
2.81407035175879,3
2.81407035175879,1
2.81407035175879,2
2.81407035175879,3
2.81407035175879,2
2.81407035175879,4
2.81407035175879,2
2.81407035175879,3
2.81407035175879,4
2.81407035175879,4
2.81407035175879,3
2.81407035175879,2
2.81407035175879,3
2.81407035175879,2
2.81407035175879,4
2.81407035175879,3
2.81407035175879,0
2.81407035175879,2
2.81407035175879,2
2.81407035175879,1
2.81407035175879,3
2.81407035175879,4
2.81407035175879,5
2.81407035175879,3
2.81407035175879,4
2.81407035175879,1
2.81407035175879,1
2.81407035175879,2
2.81407035175879,1
2.81407035175879,1
2.81407035175879,2
2.81407035175879,2
2.81407035175879,1
2.81407035175879,2
2.81407035175879,3
2.81407035175879,5
2.81407035175879,3
2.81407035175879,2
2.81407035175879,3
2.81407035175879,2
2.81407035175879,3
2.81407035175879,1
2.81407035175879,2
2.81407035175879,4
2.81407035175879,2
2.81407035175879,2
2.81407035175879,2
2.81407035175879,2
2.81407035175879,0
2.81407035175879,1
2.81407035175879,6
2.81407035175879,2
2.81407035175879,3
2.81407035175879,2
2.81407035175879,0
2.81407035175879,0
2.81407035175879,4
2.81407035175879,4
2.81407035175879,3
2.81407035175879,2
2.81407035175879,1
2.81407035175879,2
3.01507537688442,3
3.01507537688442,5
3.01507537688442,3
3.01507537688442,1
3.01507537688442,4
3.01507537688442,1
3.01507537688442,2
3.01507537688442,5
3.01507537688442,1
3.01507537688442,2
3.01507537688442,4
3.01507537688442,8
3.01507537688442,3
3.01507537688442,5
3.01507537688442,3
3.01507537688442,2
3.01507537688442,2
3.01507537688442,2
3.01507537688442,2
3.01507537688442,3
3.01507537688442,4
3.01507537688442,0
3.01507537688442,2
3.01507537688442,2
3.01507537688442,4
3.01507537688442,2
3.01507537688442,1
3.01507537688442,0
3.01507537688442,1
3.01507537688442,2
3.01507537688442,2
3.01507537688442,0
3.01507537688442,4
3.01507537688442,0
3.01507537688442,2
3.01507537688442,2
3.01507537688442,1
3.01507537688442,1
3.01507537688442,2
3.01507537688442,1
3.01507537688442,3
3.01507537688442,2
3.01507537688442,3
3.01507537688442,2
3.01507537688442,4
3.01507537688442,4
3.01507537688442,0
3.01507537688442,2
3.01507537688442,2
3.01507537688442,4
3.01507537688442,2
3.01507537688442,4
3.01507537688442,2
3.01507537688442,5
3.01507537688442,3
3.01507537688442,2
3.01507537688442,1
3.01507537688442,2
3.01507537688442,1
3.01507537688442,1
3.01507537688442,3
3.01507537688442,3
3.01507537688442,5
3.01507537688442,4
3.01507537688442,6
3.01507537688442,1
3.01507537688442,6
3.01507537688442,2
3.01507537688442,3
3.01507537688442,5
3.01507537688442,5
3.01507537688442,2
3.01507537688442,2
3.01507537688442,3
3.01507537688442,0
3.01507537688442,2
3.01507537688442,3
3.01507537688442,0
3.01507537688442,1
3.01507537688442,2
3.01507537688442,0
3.01507537688442,4
3.01507537688442,1
3.01507537688442,3
3.01507537688442,3
3.01507537688442,5
3.01507537688442,3
3.01507537688442,1
3.01507537688442,0
3.01507537688442,1
3.01507537688442,4
3.01507537688442,2
3.01507537688442,1
3.01507537688442,5
3.01507537688442,6
3.01507537688442,1
3.01507537688442,1
3.01507537688442,1
3.01507537688442,3
3.01507537688442,2
3.01507537688442,0
3.01507537688442,2
3.01507537688442,2
3.01507537688442,6
3.01507537688442,2
3.01507537688442,3
3.01507537688442,3
3.01507537688442,1
3.01507537688442,3
3.01507537688442,7
3.01507537688442,4
3.01507537688442,1
3.01507537688442,0
3.01507537688442,2
3.01507537688442,3
3.01507537688442,5
3.01507537688442,3
3.01507537688442,7
3.01507537688442,3
3.01507537688442,2
3.01507537688442,5
3.01507537688442,3
3.01507537688442,4
3.01507537688442,5
3.01507537688442,4
3.01507537688442,3
3.01507537688442,2
3.01507537688442,4
3.01507537688442,4
3.01507537688442,2
3.01507537688442,4
3.01507537688442,1
3.01507537688442,2
3.01507537688442,6
3.01507537688442,3
3.01507537688442,3
3.01507537688442,1
3.01507537688442,1
3.01507537688442,2
3.01507537688442,3
3.01507537688442,2
3.01507537688442,2
3.01507537688442,5
3.01507537688442,2
3.01507537688442,5
3.01507537688442,1
3.01507537688442,3
3.01507537688442,4
3.01507537688442,3
3.01507537688442,1
3.01507537688442,3
3.01507537688442,1
3.01507537688442,2
3.01507537688442,3
3.01507537688442,0
3.01507537688442,1
3.01507537688442,1
3.01507537688442,0
3.01507537688442,2
3.01507537688442,5
3.01507537688442,2
3.01507537688442,1
3.01507537688442,2
3.01507537688442,2
3.01507537688442,1
3.01507537688442,5
3.01507537688442,1
3.01507537688442,2
3.01507537688442,2
3.01507537688442,2
3.01507537688442,1
3.01507537688442,2
3.01507537688442,2
3.01507537688442,0
3.01507537688442,0
3.01507537688442,2
3.01507537688442,3
3.01507537688442,2
3.01507537688442,3
3.01507537688442,0
3.01507537688442,1
3.01507537688442,3
3.01507537688442,6
3.01507537688442,1
3.01507537688442,1
3.01507537688442,1
3.01507537688442,2
3.01507537688442,4
3.01507537688442,1
3.01507537688442,2
3.01507537688442,0
3.01507537688442,5
3.01507537688442,1
3.01507537688442,2
3.01507537688442,2
3.01507537688442,0
3.01507537688442,2
3.01507537688442,2
3.01507537688442,2
3.01507537688442,1
3.21608040201005,4
3.21608040201005,2
3.21608040201005,1
3.21608040201005,2
3.21608040201005,2
3.21608040201005,3
3.21608040201005,1
3.21608040201005,3
3.21608040201005,0
3.21608040201005,1
3.21608040201005,2
3.21608040201005,1
3.21608040201005,4
3.21608040201005,3
3.21608040201005,3
3.21608040201005,5
3.21608040201005,0
3.21608040201005,4
3.21608040201005,1
3.21608040201005,2
3.21608040201005,2
3.21608040201005,3
3.21608040201005,4
3.21608040201005,3
3.21608040201005,3
3.21608040201005,0
3.21608040201005,2
3.21608040201005,2
3.21608040201005,4
3.21608040201005,2
3.21608040201005,1
3.21608040201005,5
3.21608040201005,3
3.21608040201005,5
3.21608040201005,4
3.21608040201005,2
3.21608040201005,2
3.21608040201005,2
3.21608040201005,4
3.21608040201005,2
3.21608040201005,2
3.21608040201005,4
3.21608040201005,5
3.21608040201005,1
3.21608040201005,3
3.21608040201005,5
3.21608040201005,6
3.21608040201005,4
3.21608040201005,2
3.21608040201005,3
3.21608040201005,2
3.21608040201005,2
3.21608040201005,4
3.21608040201005,1
3.21608040201005,4
3.21608040201005,1
3.21608040201005,2
3.21608040201005,2
3.21608040201005,5
3.21608040201005,4
3.21608040201005,2
3.21608040201005,2
3.21608040201005,1
3.21608040201005,2
3.21608040201005,5
3.21608040201005,3
3.21608040201005,4
3.21608040201005,5
3.21608040201005,0
3.21608040201005,2
3.21608040201005,5
3.21608040201005,2
3.21608040201005,7
3.21608040201005,1
3.21608040201005,4
3.21608040201005,1
3.21608040201005,2
3.21608040201005,0
3.21608040201005,2
3.21608040201005,2
3.21608040201005,3
3.21608040201005,4
3.21608040201005,3
3.21608040201005,3
3.21608040201005,0
3.21608040201005,3
3.21608040201005,1
3.21608040201005,5
3.21608040201005,3
3.21608040201005,2
3.21608040201005,4
3.21608040201005,3
3.21608040201005,3
3.21608040201005,4
3.21608040201005,6
3.21608040201005,4
3.21608040201005,1
3.21608040201005,3
3.21608040201005,4
3.21608040201005,2
3.21608040201005,2
3.21608040201005,3
3.21608040201005,4
3.21608040201005,3
3.21608040201005,0
3.21608040201005,1
3.21608040201005,2
3.21608040201005,2
3.21608040201005,2
3.21608040201005,1
3.21608040201005,5
3.21608040201005,3
3.21608040201005,1
3.21608040201005,2
3.21608040201005,2
3.21608040201005,4
3.21608040201005,0
3.21608040201005,2
3.21608040201005,2
3.21608040201005,3
3.21608040201005,6
3.21608040201005,4
3.21608040201005,2
3.21608040201005,2
3.21608040201005,1
3.21608040201005,4
3.21608040201005,2
3.21608040201005,2
3.21608040201005,1
3.21608040201005,2
3.21608040201005,2
3.21608040201005,4
3.21608040201005,4
3.21608040201005,7
3.21608040201005,1
3.21608040201005,2
3.21608040201005,2
3.21608040201005,5
3.21608040201005,1
3.21608040201005,4
3.21608040201005,5
3.21608040201005,5
3.21608040201005,1
3.21608040201005,2
3.21608040201005,5
3.21608040201005,1
3.21608040201005,2
3.21608040201005,3
3.21608040201005,1
3.21608040201005,5
3.21608040201005,3
3.21608040201005,1
3.21608040201005,2
3.21608040201005,1
3.21608040201005,5
3.21608040201005,2
3.21608040201005,4
3.21608040201005,5
3.21608040201005,3
3.21608040201005,4
3.21608040201005,1
3.21608040201005,2
3.21608040201005,5
3.21608040201005,4
3.21608040201005,1
3.21608040201005,2
3.21608040201005,1
3.21608040201005,4
3.21608040201005,3
3.21608040201005,2
3.21608040201005,3
3.21608040201005,2
3.21608040201005,0
3.21608040201005,2
3.21608040201005,2
3.21608040201005,4
3.21608040201005,2
3.21608040201005,6
3.21608040201005,3
3.21608040201005,2
3.21608040201005,1
3.21608040201005,2
3.21608040201005,3
3.21608040201005,2
3.21608040201005,6
3.21608040201005,2
3.21608040201005,2
3.21608040201005,1
3.21608040201005,2
3.21608040201005,1
3.21608040201005,5
3.21608040201005,4
3.21608040201005,4
3.21608040201005,1
3.21608040201005,4
3.21608040201005,3
3.21608040201005,3
3.21608040201005,4
3.21608040201005,1
3.21608040201005,5
3.41708542713568,5
3.41708542713568,4
3.41708542713568,3
3.41708542713568,4
3.41708542713568,2
3.41708542713568,3
3.41708542713568,1
3.41708542713568,1
3.41708542713568,1
3.41708542713568,3
3.41708542713568,4
3.41708542713568,2
3.41708542713568,3
3.41708542713568,7
3.41708542713568,2
3.41708542713568,3
3.41708542713568,1
3.41708542713568,4
3.41708542713568,2
3.41708542713568,1
3.41708542713568,2
3.41708542713568,3
3.41708542713568,3
3.41708542713568,0
3.41708542713568,0
3.41708542713568,1
3.41708542713568,5
3.41708542713568,5
3.41708542713568,5
3.41708542713568,2
3.41708542713568,3
3.41708542713568,0
3.41708542713568,1
3.41708542713568,2
3.41708542713568,6
3.41708542713568,2
3.41708542713568,3
3.41708542713568,2
3.41708542713568,2
3.41708542713568,6
3.41708542713568,0
3.41708542713568,3
3.41708542713568,3
3.41708542713568,3
3.41708542713568,3
3.41708542713568,2
3.41708542713568,5
3.41708542713568,2
3.41708542713568,1
3.41708542713568,6
3.41708542713568,1
3.41708542713568,3
3.41708542713568,8
3.41708542713568,3
3.41708542713568,1
3.41708542713568,2
3.41708542713568,5
3.41708542713568,3
3.41708542713568,0
3.41708542713568,4
3.41708542713568,3
3.41708542713568,3
3.41708542713568,2
3.41708542713568,0
3.41708542713568,1
3.41708542713568,2
3.41708542713568,1
3.41708542713568,2
3.41708542713568,4
3.41708542713568,2
3.41708542713568,4
3.41708542713568,3
3.41708542713568,5
3.41708542713568,3
3.41708542713568,3
3.41708542713568,2
3.41708542713568,2
3.41708542713568,2
3.41708542713568,2
3.41708542713568,0
3.41708542713568,2
3.41708542713568,3
3.41708542713568,0
3.41708542713568,4
3.41708542713568,1
3.41708542713568,3
3.41708542713568,1
3.41708542713568,3
3.41708542713568,3
3.41708542713568,3
3.41708542713568,2
3.41708542713568,5
3.41708542713568,3
3.41708542713568,3
3.41708542713568,4
3.41708542713568,7
3.41708542713568,2
3.41708542713568,3
3.41708542713568,2
3.41708542713568,3
3.41708542713568,4
3.41708542713568,4
3.41708542713568,5
3.41708542713568,7
3.41708542713568,5
3.41708542713568,2
3.41708542713568,3
3.41708542713568,4
3.41708542713568,1
3.41708542713568,3
3.41708542713568,1
3.41708542713568,3
3.41708542713568,1
3.41708542713568,2
3.41708542713568,1
3.41708542713568,3
3.41708542713568,0
3.41708542713568,1
3.41708542713568,2
3.41708542713568,0
3.41708542713568,2
3.41708542713568,1
3.41708542713568,1
3.41708542713568,0
3.41708542713568,4
3.41708542713568,2
3.41708542713568,5
3.41708542713568,3
3.41708542713568,2
3.41708542713568,2
3.41708542713568,4
3.41708542713568,2
3.41708542713568,1
3.41708542713568,4
3.41708542713568,4
3.41708542713568,6
3.41708542713568,3
3.41708542713568,3
3.41708542713568,4
3.41708542713568,5
3.41708542713568,3
3.41708542713568,2
3.41708542713568,3
3.41708542713568,2
3.41708542713568,3
3.41708542713568,4
3.41708542713568,5
3.41708542713568,4
3.41708542713568,0
3.41708542713568,5
3.41708542713568,5
3.41708542713568,0
3.41708542713568,3
3.41708542713568,7
3.41708542713568,5
3.41708542713568,4
3.41708542713568,2
3.41708542713568,2
3.41708542713568,1
3.41708542713568,5
3.41708542713568,5
3.41708542713568,1
3.41708542713568,4
3.41708542713568,4
3.41708542713568,8
3.41708542713568,3
3.41708542713568,2
3.41708542713568,3
3.41708542713568,1
3.41708542713568,3
3.41708542713568,1
3.41708542713568,2
3.41708542713568,2
3.41708542713568,3
3.41708542713568,0
3.41708542713568,0
3.41708542713568,1
3.41708542713568,6
3.41708542713568,3
3.41708542713568,1
3.41708542713568,1
3.41708542713568,2
3.41708542713568,5
3.41708542713568,2
3.41708542713568,1
3.41708542713568,1
3.41708542713568,4
3.41708542713568,1
3.41708542713568,1
3.41708542713568,3
3.41708542713568,3
3.41708542713568,6
3.41708542713568,3
3.41708542713568,5
3.41708542713568,3
3.41708542713568,3
3.41708542713568,6
3.41708542713568,3
3.41708542713568,2
3.41708542713568,3
3.61809045226131,5
3.61809045226131,2
3.61809045226131,3
3.61809045226131,3
3.61809045226131,4
3.61809045226131,2
3.61809045226131,1
3.61809045226131,3
3.61809045226131,4
3.61809045226131,2
3.61809045226131,3
3.61809045226131,4
3.61809045226131,2
3.61809045226131,4
3.61809045226131,5
3.61809045226131,3
3.61809045226131,1
3.61809045226131,2
3.61809045226131,3
3.61809045226131,3
3.61809045226131,1
3.61809045226131,2
3.61809045226131,6
3.61809045226131,2
3.61809045226131,3
3.61809045226131,2
3.61809045226131,2
3.61809045226131,5
3.61809045226131,5
3.61809045226131,7
3.61809045226131,4
3.61809045226131,4
3.61809045226131,5
3.61809045226131,3
3.61809045226131,6
3.61809045226131,7
3.61809045226131,1
3.61809045226131,3
3.61809045226131,3
3.61809045226131,3
3.61809045226131,4
3.61809045226131,1
3.61809045226131,3
3.61809045226131,3
3.61809045226131,4
3.61809045226131,0
3.61809045226131,3
3.61809045226131,3
3.61809045226131,2
3.61809045226131,3
3.61809045226131,3
3.61809045226131,2
3.61809045226131,1
3.61809045226131,5
3.61809045226131,4
3.61809045226131,3
3.61809045226131,4
3.61809045226131,2
3.61809045226131,3
3.61809045226131,2
3.61809045226131,4
3.61809045226131,2
3.61809045226131,3
3.61809045226131,1
3.61809045226131,2
3.61809045226131,2
3.61809045226131,4
3.61809045226131,2
3.61809045226131,0
3.61809045226131,3
3.61809045226131,1
3.61809045226131,2
3.61809045226131,1
3.61809045226131,5
3.61809045226131,4
3.61809045226131,5
3.61809045226131,3
3.61809045226131,1
3.61809045226131,5
3.61809045226131,4
3.61809045226131,5
3.61809045226131,3
3.61809045226131,2
3.61809045226131,1
3.61809045226131,2
3.61809045226131,7
3.61809045226131,6
3.61809045226131,9
3.61809045226131,3
3.61809045226131,3
3.61809045226131,1
3.61809045226131,4
3.61809045226131,1
3.61809045226131,1
3.61809045226131,3
3.61809045226131,2
3.61809045226131,4
3.61809045226131,3
3.61809045226131,2
3.61809045226131,1
3.61809045226131,1
3.61809045226131,3
3.61809045226131,3
3.61809045226131,3
3.61809045226131,2
3.61809045226131,1
3.61809045226131,1
3.61809045226131,1
3.61809045226131,2
3.61809045226131,4
3.61809045226131,7
3.61809045226131,5
3.61809045226131,3
3.61809045226131,8
3.61809045226131,2
3.61809045226131,2
3.61809045226131,3
3.61809045226131,6
3.61809045226131,3
3.61809045226131,3
3.61809045226131,1
3.61809045226131,6
3.61809045226131,3
3.61809045226131,1
3.61809045226131,4
3.61809045226131,6
3.61809045226131,3
3.61809045226131,2
3.61809045226131,6
3.61809045226131,2
3.61809045226131,0
3.61809045226131,2
3.61809045226131,5
3.61809045226131,1
3.61809045226131,1
3.61809045226131,5
3.61809045226131,2
3.61809045226131,6
3.61809045226131,2
3.61809045226131,3
3.61809045226131,3
3.61809045226131,2
3.61809045226131,2
3.61809045226131,4
3.61809045226131,2
3.61809045226131,1
3.61809045226131,3
3.61809045226131,5
3.61809045226131,4
3.61809045226131,2
3.61809045226131,2
3.61809045226131,2
3.61809045226131,4
3.61809045226131,3
3.61809045226131,5
3.61809045226131,4
3.61809045226131,2
3.61809045226131,4
3.61809045226131,2
3.61809045226131,3
3.61809045226131,6
3.61809045226131,3
3.61809045226131,1
3.61809045226131,2
3.61809045226131,4
3.61809045226131,2
3.61809045226131,6
3.61809045226131,4
3.61809045226131,9
3.61809045226131,5
3.61809045226131,1
3.61809045226131,3
3.61809045226131,3
3.61809045226131,1
3.61809045226131,8
3.61809045226131,3
3.61809045226131,3
3.61809045226131,4
3.61809045226131,5
3.61809045226131,1
3.61809045226131,4
3.61809045226131,6
3.61809045226131,5
3.61809045226131,1
3.61809045226131,2
3.61809045226131,2
3.61809045226131,4
3.61809045226131,5
3.61809045226131,2
3.61809045226131,1
3.61809045226131,3
3.61809045226131,2
3.61809045226131,3
3.61809045226131,0
3.61809045226131,1
3.61809045226131,5
3.61809045226131,5
3.61809045226131,5
3.61809045226131,1
3.61809045226131,1
3.81909547738693,5
3.81909547738693,2
3.81909547738693,3
3.81909547738693,2
3.81909547738693,6
3.81909547738693,5
3.81909547738693,3
3.81909547738693,3
3.81909547738693,4
3.81909547738693,1
3.81909547738693,3
3.81909547738693,0
3.81909547738693,2
3.81909547738693,2
3.81909547738693,4
3.81909547738693,3
3.81909547738693,5
3.81909547738693,1
3.81909547738693,3
3.81909547738693,1
3.81909547738693,0
3.81909547738693,5
3.81909547738693,2
3.81909547738693,2
3.81909547738693,0
3.81909547738693,4
3.81909547738693,2
3.81909547738693,2
3.81909547738693,1
3.81909547738693,4
3.81909547738693,6
3.81909547738693,3
3.81909547738693,4
3.81909547738693,4
3.81909547738693,2
3.81909547738693,1
3.81909547738693,2
3.81909547738693,3
3.81909547738693,6
3.81909547738693,3
3.81909547738693,3
3.81909547738693,4
3.81909547738693,5
3.81909547738693,0
3.81909547738693,5
3.81909547738693,4
3.81909547738693,3
3.81909547738693,1
3.81909547738693,5
3.81909547738693,3
3.81909547738693,4
3.81909547738693,4
3.81909547738693,1
3.81909547738693,2
3.81909547738693,2
3.81909547738693,6
3.81909547738693,1
3.81909547738693,2
3.81909547738693,6
3.81909547738693,1
3.81909547738693,3
3.81909547738693,1
3.81909547738693,3
3.81909547738693,3
3.81909547738693,2
3.81909547738693,2
3.81909547738693,2
3.81909547738693,4
3.81909547738693,5
3.81909547738693,3
3.81909547738693,2
3.81909547738693,4
3.81909547738693,5
3.81909547738693,3
3.81909547738693,4
3.81909547738693,8
3.81909547738693,2
3.81909547738693,5
3.81909547738693,2
3.81909547738693,4
3.81909547738693,2
3.81909547738693,3
3.81909547738693,6
3.81909547738693,1
3.81909547738693,2
3.81909547738693,6
3.81909547738693,2
3.81909547738693,1
3.81909547738693,2
3.81909547738693,8
3.81909547738693,6
3.81909547738693,9
3.81909547738693,4
3.81909547738693,1
3.81909547738693,0
3.81909547738693,0
3.81909547738693,5
3.81909547738693,1
3.81909547738693,3
3.81909547738693,0
3.81909547738693,3
3.81909547738693,3
3.81909547738693,3
3.81909547738693,4
3.81909547738693,8
3.81909547738693,5
3.81909547738693,1
3.81909547738693,4
3.81909547738693,5
3.81909547738693,3
3.81909547738693,2
3.81909547738693,7
3.81909547738693,6
3.81909547738693,4
3.81909547738693,3
3.81909547738693,3
3.81909547738693,6
3.81909547738693,2
3.81909547738693,6
3.81909547738693,2
3.81909547738693,3
3.81909547738693,2
3.81909547738693,5
3.81909547738693,4
3.81909547738693,2
3.81909547738693,7
3.81909547738693,4
3.81909547738693,1
3.81909547738693,1
3.81909547738693,4
3.81909547738693,5
3.81909547738693,4
3.81909547738693,1
3.81909547738693,4
3.81909547738693,4
3.81909547738693,4
3.81909547738693,5
3.81909547738693,7
3.81909547738693,3
3.81909547738693,5
3.81909547738693,2
3.81909547738693,1
3.81909547738693,2
3.81909547738693,1
3.81909547738693,5
3.81909547738693,3
3.81909547738693,4
3.81909547738693,5
3.81909547738693,4
3.81909547738693,4
3.81909547738693,5
3.81909547738693,3
3.81909547738693,5
3.81909547738693,1
3.81909547738693,2
3.81909547738693,1
3.81909547738693,4
3.81909547738693,3
3.81909547738693,5
3.81909547738693,2
3.81909547738693,1
3.81909547738693,4
3.81909547738693,3
3.81909547738693,2
3.81909547738693,1
3.81909547738693,4
3.81909547738693,4
3.81909547738693,4
3.81909547738693,4
3.81909547738693,3
3.81909547738693,2
3.81909547738693,4
3.81909547738693,5
3.81909547738693,4
3.81909547738693,4
3.81909547738693,1
3.81909547738693,2
3.81909547738693,3
3.81909547738693,3
3.81909547738693,4
3.81909547738693,2
3.81909547738693,4
3.81909547738693,3
3.81909547738693,2
3.81909547738693,3
3.81909547738693,6
3.81909547738693,3
3.81909547738693,2
3.81909547738693,4
3.81909547738693,6
3.81909547738693,2
3.81909547738693,1
3.81909547738693,1
3.81909547738693,2
3.81909547738693,4
3.81909547738693,1
3.81909547738693,1
3.81909547738693,1
3.81909547738693,3
3.81909547738693,5
4.02010050251256,0
4.02010050251256,2
4.02010050251256,3
4.02010050251256,6
4.02010050251256,1
4.02010050251256,3
4.02010050251256,6
4.02010050251256,5
4.02010050251256,4
4.02010050251256,2
4.02010050251256,2
4.02010050251256,2
4.02010050251256,6
4.02010050251256,7
4.02010050251256,3
4.02010050251256,4
4.02010050251256,5
4.02010050251256,3
4.02010050251256,5
4.02010050251256,0
4.02010050251256,5
4.02010050251256,5
4.02010050251256,0
4.02010050251256,2
4.02010050251256,3
4.02010050251256,3
4.02010050251256,1
4.02010050251256,5
4.02010050251256,5
4.02010050251256,3
4.02010050251256,3
4.02010050251256,7
4.02010050251256,5
4.02010050251256,4
4.02010050251256,2
4.02010050251256,5
4.02010050251256,7
4.02010050251256,5
4.02010050251256,3
4.02010050251256,1
4.02010050251256,4
4.02010050251256,2
4.02010050251256,2
4.02010050251256,3
4.02010050251256,3
4.02010050251256,4
4.02010050251256,2
4.02010050251256,3
4.02010050251256,3
4.02010050251256,1
4.02010050251256,1
4.02010050251256,1
4.02010050251256,5
4.02010050251256,3
4.02010050251256,2
4.02010050251256,4
4.02010050251256,3
4.02010050251256,4
4.02010050251256,6
4.02010050251256,1
4.02010050251256,1
4.02010050251256,3
4.02010050251256,2
4.02010050251256,3
4.02010050251256,0
4.02010050251256,3
4.02010050251256,4
4.02010050251256,6
4.02010050251256,0
4.02010050251256,5
4.02010050251256,1
4.02010050251256,2
4.02010050251256,6
4.02010050251256,4
4.02010050251256,4
4.02010050251256,2
4.02010050251256,2
4.02010050251256,3
4.02010050251256,5
4.02010050251256,0
4.02010050251256,2
4.02010050251256,7
4.02010050251256,0
4.02010050251256,3
4.02010050251256,5
4.02010050251256,4
4.02010050251256,2
4.02010050251256,4
4.02010050251256,1
4.02010050251256,3
4.02010050251256,3
4.02010050251256,1
4.02010050251256,1
4.02010050251256,4
4.02010050251256,1
4.02010050251256,0
4.02010050251256,7
4.02010050251256,2
4.02010050251256,5
4.02010050251256,6
4.02010050251256,2
4.02010050251256,3
4.02010050251256,1
4.02010050251256,6
4.02010050251256,2
4.02010050251256,2
4.02010050251256,2
4.02010050251256,4
4.02010050251256,4
4.02010050251256,4
4.02010050251256,2
4.02010050251256,3
4.02010050251256,3
4.02010050251256,2
4.02010050251256,4
4.02010050251256,1
4.02010050251256,5
4.02010050251256,8
4.02010050251256,9
4.02010050251256,3
4.02010050251256,5
4.02010050251256,2
4.02010050251256,3
4.02010050251256,3
4.02010050251256,4
4.02010050251256,3
4.02010050251256,5
4.02010050251256,3
4.02010050251256,1
4.02010050251256,2
4.02010050251256,2
4.02010050251256,5
4.02010050251256,6
4.02010050251256,2
4.02010050251256,4
4.02010050251256,1
4.02010050251256,7
4.02010050251256,3
4.02010050251256,2
4.02010050251256,2
4.02010050251256,3
4.02010050251256,4
4.02010050251256,3
4.02010050251256,4
4.02010050251256,9
4.02010050251256,1
4.02010050251256,3
4.02010050251256,6
4.02010050251256,7
4.02010050251256,4
4.02010050251256,3
4.02010050251256,4
4.02010050251256,2
4.02010050251256,3
4.02010050251256,3
4.02010050251256,2
4.02010050251256,2
4.02010050251256,7
4.02010050251256,4
4.02010050251256,7
4.02010050251256,3
4.02010050251256,7
4.02010050251256,2
4.02010050251256,2
4.02010050251256,4
4.02010050251256,3
4.02010050251256,4
4.02010050251256,8
4.02010050251256,5
4.02010050251256,1
4.02010050251256,0
4.02010050251256,1
4.02010050251256,3
4.02010050251256,6
4.02010050251256,3
4.02010050251256,3
4.02010050251256,4
4.02010050251256,4
4.02010050251256,5
4.02010050251256,1
4.02010050251256,4
4.02010050251256,3
4.02010050251256,3
4.02010050251256,1
4.02010050251256,3
4.02010050251256,2
4.02010050251256,2
4.02010050251256,3
4.02010050251256,6
4.02010050251256,4
4.02010050251256,2
4.02010050251256,2
4.02010050251256,2
4.02010050251256,1
4.02010050251256,0
4.02010050251256,7
4.02010050251256,2
4.02010050251256,2
4.02010050251256,4
4.02010050251256,5
4.22110552763819,6
4.22110552763819,7
4.22110552763819,3
4.22110552763819,2
4.22110552763819,3
4.22110552763819,3
4.22110552763819,5
4.22110552763819,3
4.22110552763819,4
4.22110552763819,5
4.22110552763819,4
4.22110552763819,1
4.22110552763819,3
4.22110552763819,4
4.22110552763819,5
4.22110552763819,6
4.22110552763819,2
4.22110552763819,2
4.22110552763819,8
4.22110552763819,2
4.22110552763819,2
4.22110552763819,4
4.22110552763819,1
4.22110552763819,9
4.22110552763819,4
4.22110552763819,3
4.22110552763819,4
4.22110552763819,1
4.22110552763819,7
4.22110552763819,5
4.22110552763819,4
4.22110552763819,3
4.22110552763819,4
4.22110552763819,3
4.22110552763819,1
4.22110552763819,2
4.22110552763819,2
4.22110552763819,4
4.22110552763819,5
4.22110552763819,4
4.22110552763819,6
4.22110552763819,4
4.22110552763819,3
4.22110552763819,1
4.22110552763819,3
4.22110552763819,1
4.22110552763819,3
4.22110552763819,2
4.22110552763819,3
4.22110552763819,2
4.22110552763819,6
4.22110552763819,6
4.22110552763819,4
4.22110552763819,6
4.22110552763819,1
4.22110552763819,2
4.22110552763819,7
4.22110552763819,5
4.22110552763819,3
4.22110552763819,5
4.22110552763819,3
4.22110552763819,4
4.22110552763819,4
4.22110552763819,5
4.22110552763819,5
4.22110552763819,5
4.22110552763819,3
4.22110552763819,3
4.22110552763819,6
4.22110552763819,3
4.22110552763819,6
4.22110552763819,0
4.22110552763819,1
4.22110552763819,5
4.22110552763819,7
4.22110552763819,6
4.22110552763819,3
4.22110552763819,5
4.22110552763819,3
4.22110552763819,2
4.22110552763819,6
4.22110552763819,4
4.22110552763819,5
4.22110552763819,3
4.22110552763819,3
4.22110552763819,3
4.22110552763819,2
4.22110552763819,5
4.22110552763819,5
4.22110552763819,6
4.22110552763819,3
4.22110552763819,1
4.22110552763819,6
4.22110552763819,4
4.22110552763819,3
4.22110552763819,4
4.22110552763819,4
4.22110552763819,1
4.22110552763819,5
4.22110552763819,0
4.22110552763819,3
4.22110552763819,3
4.22110552763819,2
4.22110552763819,6
4.22110552763819,2
4.22110552763819,3
4.22110552763819,2
4.22110552763819,3
4.22110552763819,3
4.22110552763819,2
4.22110552763819,0
4.22110552763819,7
4.22110552763819,4
4.22110552763819,3
4.22110552763819,2
4.22110552763819,2
4.22110552763819,7
4.22110552763819,5
4.22110552763819,3
4.22110552763819,6
4.22110552763819,5
4.22110552763819,2
4.22110552763819,0
4.22110552763819,2
4.22110552763819,9
4.22110552763819,6
4.22110552763819,0
4.22110552763819,4
4.22110552763819,2
4.22110552763819,3
4.22110552763819,2
4.22110552763819,6
4.22110552763819,4
4.22110552763819,4
4.22110552763819,2
4.22110552763819,6
4.22110552763819,5
4.22110552763819,6
4.22110552763819,7
4.22110552763819,4
4.22110552763819,2
4.22110552763819,6
4.22110552763819,3
4.22110552763819,3
4.22110552763819,2
4.22110552763819,5
4.22110552763819,3
4.22110552763819,8
4.22110552763819,2
4.22110552763819,0
4.22110552763819,3
4.22110552763819,3
4.22110552763819,2
4.22110552763819,5
4.22110552763819,4
4.22110552763819,7
4.22110552763819,6
4.22110552763819,3
4.22110552763819,2
4.22110552763819,5
4.22110552763819,2
4.22110552763819,1
4.22110552763819,3
4.22110552763819,4
4.22110552763819,2
4.22110552763819,1
4.22110552763819,2
4.22110552763819,4
4.22110552763819,4
4.22110552763819,8
4.22110552763819,4
4.22110552763819,3
4.22110552763819,3
4.22110552763819,1
4.22110552763819,4
4.22110552763819,3
4.22110552763819,2
4.22110552763819,3
4.22110552763819,3
4.22110552763819,3
4.22110552763819,8
4.22110552763819,2
4.22110552763819,1
4.22110552763819,3
4.22110552763819,4
4.22110552763819,3
4.22110552763819,2
4.22110552763819,0
4.22110552763819,1
4.22110552763819,4
4.22110552763819,2
4.22110552763819,4
4.22110552763819,8
4.22110552763819,5
4.22110552763819,6
4.22110552763819,2
4.22110552763819,3
4.22110552763819,1
4.22110552763819,2
4.22110552763819,3
4.42211055276382,4
4.42211055276382,3
4.42211055276382,1
4.42211055276382,6
4.42211055276382,2
4.42211055276382,1
4.42211055276382,2
4.42211055276382,3
4.42211055276382,4
4.42211055276382,4
4.42211055276382,2
4.42211055276382,2
4.42211055276382,4
4.42211055276382,2
4.42211055276382,8
4.42211055276382,2
4.42211055276382,2
4.42211055276382,5
4.42211055276382,3
4.42211055276382,4
4.42211055276382,4
4.42211055276382,3
4.42211055276382,4
4.42211055276382,3
4.42211055276382,2
4.42211055276382,6
4.42211055276382,4
4.42211055276382,4
4.42211055276382,3
4.42211055276382,2
4.42211055276382,3
4.42211055276382,3
4.42211055276382,2
4.42211055276382,3
4.42211055276382,3
4.42211055276382,3
4.42211055276382,6
4.42211055276382,3
4.42211055276382,1
4.42211055276382,5
4.42211055276382,4
4.42211055276382,2
4.42211055276382,7
4.42211055276382,4
4.42211055276382,3
4.42211055276382,2
4.42211055276382,3
4.42211055276382,3
4.42211055276382,4
4.42211055276382,2
4.42211055276382,5
4.42211055276382,3
4.42211055276382,5
4.42211055276382,4
4.42211055276382,5
4.42211055276382,7
4.42211055276382,4
4.42211055276382,2
4.42211055276382,1
4.42211055276382,6
4.42211055276382,7
4.42211055276382,4
4.42211055276382,5
4.42211055276382,3
4.42211055276382,3
4.42211055276382,2
4.42211055276382,3
4.42211055276382,1
4.42211055276382,2
4.42211055276382,3
4.42211055276382,3
4.42211055276382,4
4.42211055276382,1
4.42211055276382,3
4.42211055276382,2
4.42211055276382,6
4.42211055276382,3
4.42211055276382,4
4.42211055276382,0
4.42211055276382,2
4.42211055276382,3
4.42211055276382,5
4.42211055276382,3
4.42211055276382,4
4.42211055276382,1
4.42211055276382,8
4.42211055276382,4
4.42211055276382,3
4.42211055276382,1
4.42211055276382,4
4.42211055276382,4
4.42211055276382,6
4.42211055276382,3
4.42211055276382,5
4.42211055276382,3
4.42211055276382,3
4.42211055276382,2
4.42211055276382,4
4.42211055276382,3
4.42211055276382,3
4.42211055276382,2
4.42211055276382,2
4.42211055276382,1
4.42211055276382,3
4.42211055276382,4
4.42211055276382,2
4.42211055276382,4
4.42211055276382,4
4.42211055276382,4
4.42211055276382,4
4.42211055276382,6
4.42211055276382,4
4.42211055276382,3
4.42211055276382,5
4.42211055276382,3
4.42211055276382,3
4.42211055276382,3
4.42211055276382,5
4.42211055276382,2
4.42211055276382,2
4.42211055276382,3
4.42211055276382,5
4.42211055276382,7
4.42211055276382,4
4.42211055276382,3
4.42211055276382,7
4.42211055276382,3
4.42211055276382,2
4.42211055276382,1
4.42211055276382,1
4.42211055276382,3
4.42211055276382,5
4.42211055276382,4
4.42211055276382,2
4.42211055276382,2
4.42211055276382,3
4.42211055276382,4
4.42211055276382,4
4.42211055276382,5
4.42211055276382,4
4.42211055276382,2
4.42211055276382,5
4.42211055276382,2
4.42211055276382,4
4.42211055276382,5
4.42211055276382,1
4.42211055276382,2
4.42211055276382,1
4.42211055276382,3
4.42211055276382,3
4.42211055276382,4
4.42211055276382,3
4.42211055276382,1
4.42211055276382,9
4.42211055276382,5
4.42211055276382,1
4.42211055276382,3
4.42211055276382,3
4.42211055276382,1
4.42211055276382,1
4.42211055276382,3
4.42211055276382,5
4.42211055276382,5
4.42211055276382,6
4.42211055276382,7
4.42211055276382,1
4.42211055276382,3
4.42211055276382,6
4.42211055276382,5
4.42211055276382,1
4.42211055276382,0
4.42211055276382,3
4.42211055276382,6
4.42211055276382,1
4.42211055276382,1
4.42211055276382,9
4.42211055276382,2
4.42211055276382,5
4.42211055276382,4
4.42211055276382,8
4.42211055276382,2
4.42211055276382,5
4.42211055276382,5
4.42211055276382,5
4.42211055276382,2
4.42211055276382,3
4.42211055276382,2
4.42211055276382,1
4.42211055276382,0
4.42211055276382,3
4.42211055276382,4
4.42211055276382,4
4.42211055276382,5
4.42211055276382,4
4.42211055276382,8
4.42211055276382,6
4.42211055276382,3
4.42211055276382,1
4.42211055276382,2
4.42211055276382,3
4.62311557788945,7
4.62311557788945,5
4.62311557788945,2
4.62311557788945,7
4.62311557788945,7
4.62311557788945,2
4.62311557788945,5
4.62311557788945,6
4.62311557788945,5
4.62311557788945,4
4.62311557788945,4
4.62311557788945,2
4.62311557788945,2
4.62311557788945,2
4.62311557788945,6
4.62311557788945,1
4.62311557788945,4
4.62311557788945,2
4.62311557788945,3
4.62311557788945,7
4.62311557788945,4
4.62311557788945,0
4.62311557788945,5
4.62311557788945,5
4.62311557788945,4
4.62311557788945,8
4.62311557788945,9
4.62311557788945,2
4.62311557788945,3
4.62311557788945,5
4.62311557788945,5
4.62311557788945,3
4.62311557788945,2
4.62311557788945,4
4.62311557788945,8
4.62311557788945,3
4.62311557788945,4
4.62311557788945,5
4.62311557788945,5
4.62311557788945,3
4.62311557788945,4
4.62311557788945,5
4.62311557788945,4
4.62311557788945,3
4.62311557788945,3
4.62311557788945,4
4.62311557788945,3
4.62311557788945,5
4.62311557788945,3
4.62311557788945,2
4.62311557788945,1
4.62311557788945,3
4.62311557788945,4
4.62311557788945,6
4.62311557788945,7
4.62311557788945,5
4.62311557788945,0
4.62311557788945,6
4.62311557788945,3
4.62311557788945,4
4.62311557788945,5
4.62311557788945,4
4.62311557788945,3
4.62311557788945,4
4.62311557788945,2
4.62311557788945,4
4.62311557788945,6
4.62311557788945,8
4.62311557788945,2
4.62311557788945,2
4.62311557788945,1
4.62311557788945,3
4.62311557788945,3
4.62311557788945,3
4.62311557788945,3
4.62311557788945,2
4.62311557788945,5
4.62311557788945,8
4.62311557788945,6
4.62311557788945,1
4.62311557788945,3
4.62311557788945,6
4.62311557788945,3
4.62311557788945,3
4.62311557788945,5
4.62311557788945,3
4.62311557788945,1
4.62311557788945,2
4.62311557788945,2
4.62311557788945,4
4.62311557788945,5
4.62311557788945,5
4.62311557788945,2
4.62311557788945,4
4.62311557788945,5
4.62311557788945,3
4.62311557788945,1
4.62311557788945,2
4.62311557788945,5
4.62311557788945,3
4.62311557788945,2
4.62311557788945,4
4.62311557788945,3
4.62311557788945,4
4.62311557788945,3
4.62311557788945,5
4.62311557788945,0
4.62311557788945,3
4.62311557788945,2
4.62311557788945,2
4.62311557788945,3
4.62311557788945,3
4.62311557788945,2
4.62311557788945,7
4.62311557788945,2
4.62311557788945,1
4.62311557788945,1
4.62311557788945,3
4.62311557788945,0
4.62311557788945,3
4.62311557788945,2
4.62311557788945,5
4.62311557788945,6
4.62311557788945,2
4.62311557788945,5
4.62311557788945,4
4.62311557788945,2
4.62311557788945,3
4.62311557788945,2
4.62311557788945,3
4.62311557788945,6
4.62311557788945,5
4.62311557788945,5
4.62311557788945,5
4.62311557788945,6
4.62311557788945,2
4.62311557788945,4
4.62311557788945,0
4.62311557788945,3
4.62311557788945,4
4.62311557788945,3
4.62311557788945,3
4.62311557788945,5
4.62311557788945,0
4.62311557788945,4
4.62311557788945,8
4.62311557788945,0
4.62311557788945,7
4.62311557788945,4
4.62311557788945,8
4.62311557788945,1
4.62311557788945,3
4.62311557788945,6
4.62311557788945,4
4.62311557788945,8
4.62311557788945,3
4.62311557788945,5
4.62311557788945,3
4.62311557788945,6
4.62311557788945,2
4.62311557788945,9
4.62311557788945,3
4.62311557788945,4
4.62311557788945,3
4.62311557788945,5
4.62311557788945,5
4.62311557788945,3
4.62311557788945,5
4.62311557788945,3
4.62311557788945,4
4.62311557788945,2
4.62311557788945,7
4.62311557788945,5
4.62311557788945,1
4.62311557788945,1
4.62311557788945,6
4.62311557788945,5
4.62311557788945,8
4.62311557788945,1
4.62311557788945,7
4.62311557788945,2
4.62311557788945,3
4.62311557788945,7
4.62311557788945,3
4.62311557788945,6
4.62311557788945,4
4.62311557788945,2
4.62311557788945,1
4.62311557788945,1
4.62311557788945,1
4.62311557788945,6
4.62311557788945,2
4.62311557788945,5
4.62311557788945,2
4.62311557788945,4
4.62311557788945,5
4.62311557788945,2
4.62311557788945,5
4.62311557788945,4
4.62311557788945,1
4.82412060301507,2
4.82412060301507,2
4.82412060301507,4
4.82412060301507,5
4.82412060301507,4
4.82412060301507,4
4.82412060301507,7
4.82412060301507,4
4.82412060301507,2
4.82412060301507,2
4.82412060301507,2
4.82412060301507,8
4.82412060301507,5
4.82412060301507,6
4.82412060301507,4
4.82412060301507,4
4.82412060301507,5
4.82412060301507,3
4.82412060301507,2
4.82412060301507,2
4.82412060301507,3
4.82412060301507,3
4.82412060301507,7
4.82412060301507,3
4.82412060301507,5
4.82412060301507,8
4.82412060301507,9
4.82412060301507,6
4.82412060301507,2
4.82412060301507,3
4.82412060301507,4
4.82412060301507,2
4.82412060301507,5
4.82412060301507,1
4.82412060301507,2
4.82412060301507,5
4.82412060301507,8
4.82412060301507,3
4.82412060301507,2
4.82412060301507,5
4.82412060301507,4
4.82412060301507,5
4.82412060301507,7
4.82412060301507,4
4.82412060301507,6
4.82412060301507,2
4.82412060301507,4
4.82412060301507,2
4.82412060301507,2
4.82412060301507,3
4.82412060301507,1
4.82412060301507,6
4.82412060301507,5
4.82412060301507,6
4.82412060301507,3
4.82412060301507,2
4.82412060301507,1
4.82412060301507,5
4.82412060301507,5
4.82412060301507,1
4.82412060301507,5
4.82412060301507,2
4.82412060301507,4
4.82412060301507,2
4.82412060301507,4
4.82412060301507,7
4.82412060301507,5
4.82412060301507,9
4.82412060301507,4
4.82412060301507,6
4.82412060301507,2
4.82412060301507,2
4.82412060301507,7
4.82412060301507,6
4.82412060301507,3
4.82412060301507,2
4.82412060301507,5
4.82412060301507,6
4.82412060301507,2
4.82412060301507,6
4.82412060301507,2
4.82412060301507,4
4.82412060301507,3
4.82412060301507,2
4.82412060301507,7
4.82412060301507,5
4.82412060301507,6
4.82412060301507,1
4.82412060301507,3
4.82412060301507,3
4.82412060301507,1
4.82412060301507,2
4.82412060301507,2
4.82412060301507,4
4.82412060301507,8
4.82412060301507,1
4.82412060301507,5
4.82412060301507,3
4.82412060301507,4
4.82412060301507,4
4.82412060301507,5
4.82412060301507,3
4.82412060301507,3
4.82412060301507,6
4.82412060301507,4
4.82412060301507,1
4.82412060301507,5
4.82412060301507,4
4.82412060301507,4
4.82412060301507,6
4.82412060301507,2
4.82412060301507,5
4.82412060301507,7
4.82412060301507,3
4.82412060301507,4
4.82412060301507,4
4.82412060301507,8
4.82412060301507,3
4.82412060301507,1
4.82412060301507,3
4.82412060301507,4
4.82412060301507,3
4.82412060301507,7
4.82412060301507,7
4.82412060301507,2
4.82412060301507,5
4.82412060301507,5
4.82412060301507,4
4.82412060301507,4
4.82412060301507,4
4.82412060301507,5
4.82412060301507,2
4.82412060301507,6
4.82412060301507,4
4.82412060301507,2
4.82412060301507,4
4.82412060301507,4
4.82412060301507,3
4.82412060301507,5
4.82412060301507,2
4.82412060301507,5
4.82412060301507,4
4.82412060301507,1
4.82412060301507,2
4.82412060301507,3
4.82412060301507,5
4.82412060301507,3
4.82412060301507,1
4.82412060301507,4
4.82412060301507,2
4.82412060301507,3
4.82412060301507,3
4.82412060301507,3
4.82412060301507,6
4.82412060301507,6
4.82412060301507,5
4.82412060301507,3
4.82412060301507,1
4.82412060301507,5
4.82412060301507,7
4.82412060301507,5
4.82412060301507,3
4.82412060301507,1
4.82412060301507,2
4.82412060301507,3
4.82412060301507,4
4.82412060301507,2
4.82412060301507,1
4.82412060301507,7
4.82412060301507,3
4.82412060301507,4
4.82412060301507,8
4.82412060301507,1
4.82412060301507,1
4.82412060301507,2
4.82412060301507,4
4.82412060301507,8
4.82412060301507,4
4.82412060301507,4
4.82412060301507,4
4.82412060301507,4
4.82412060301507,4
4.82412060301507,5
4.82412060301507,2
4.82412060301507,4
4.82412060301507,6
4.82412060301507,4
4.82412060301507,4
4.82412060301507,4
4.82412060301507,2
4.82412060301507,5
4.82412060301507,4
4.82412060301507,3
4.82412060301507,2
4.82412060301507,1
4.82412060301507,10
4.82412060301507,4
4.82412060301507,5
4.82412060301507,3
4.82412060301507,5
5.0251256281407,1
5.0251256281407,6
5.0251256281407,3
5.0251256281407,2
5.0251256281407,4
5.0251256281407,3
5.0251256281407,3
5.0251256281407,3
5.0251256281407,5
5.0251256281407,2
5.0251256281407,7
5.0251256281407,2
5.0251256281407,5
5.0251256281407,5
5.0251256281407,4
5.0251256281407,7
5.0251256281407,3
5.0251256281407,6
5.0251256281407,5
5.0251256281407,1
5.0251256281407,6
5.0251256281407,3
5.0251256281407,5
5.0251256281407,3
5.0251256281407,2
5.0251256281407,3
5.0251256281407,3
5.0251256281407,5
5.0251256281407,3
5.0251256281407,8
5.0251256281407,2
5.0251256281407,5
5.0251256281407,6
5.0251256281407,3
5.0251256281407,4
5.0251256281407,4
5.0251256281407,9
5.0251256281407,5
5.0251256281407,3
5.0251256281407,8
5.0251256281407,5
5.0251256281407,3
5.0251256281407,3
5.0251256281407,4
5.0251256281407,3
5.0251256281407,4
5.0251256281407,3
5.0251256281407,0
5.0251256281407,8
5.0251256281407,7
5.0251256281407,3
5.0251256281407,5
5.0251256281407,2
5.0251256281407,6
5.0251256281407,4
5.0251256281407,5
5.0251256281407,4
5.0251256281407,6
5.0251256281407,6
5.0251256281407,5
5.0251256281407,4
5.0251256281407,7
5.0251256281407,2
5.0251256281407,7
5.0251256281407,8
5.0251256281407,3
5.0251256281407,1
5.0251256281407,2
5.0251256281407,6
5.0251256281407,6
5.0251256281407,4
5.0251256281407,8
5.0251256281407,2
5.0251256281407,5
5.0251256281407,4
5.0251256281407,5
5.0251256281407,4
5.0251256281407,6
5.0251256281407,8
5.0251256281407,2
5.0251256281407,2
5.0251256281407,5
5.0251256281407,6
5.0251256281407,4
5.0251256281407,2
5.0251256281407,10
5.0251256281407,5
5.0251256281407,2
5.0251256281407,3
5.0251256281407,3
5.0251256281407,4
5.0251256281407,5
5.0251256281407,7
5.0251256281407,5
5.0251256281407,2
5.0251256281407,4
5.0251256281407,3
5.0251256281407,2
5.0251256281407,2
5.0251256281407,2
5.0251256281407,4
5.0251256281407,1
5.0251256281407,5
5.0251256281407,5
5.0251256281407,2
5.0251256281407,3
5.0251256281407,7
5.0251256281407,0
5.0251256281407,8
5.0251256281407,1
5.0251256281407,5
5.0251256281407,4
5.0251256281407,6
5.0251256281407,4
5.0251256281407,1
5.0251256281407,3
5.0251256281407,5
5.0251256281407,8
5.0251256281407,2
5.0251256281407,3
5.0251256281407,3
5.0251256281407,6
5.0251256281407,3
5.0251256281407,3
5.0251256281407,7
5.0251256281407,2
5.0251256281407,2
5.0251256281407,3
5.0251256281407,3
5.0251256281407,3
5.0251256281407,4
5.0251256281407,3
5.0251256281407,5
5.0251256281407,3
5.0251256281407,4
5.0251256281407,5
5.0251256281407,7
5.0251256281407,3
5.0251256281407,3
5.0251256281407,4
5.0251256281407,5
5.0251256281407,4
5.0251256281407,2
5.0251256281407,2
5.0251256281407,4
5.0251256281407,4
5.0251256281407,5
5.0251256281407,7
5.0251256281407,2
5.0251256281407,5
5.0251256281407,5
5.0251256281407,5
5.0251256281407,5
5.0251256281407,3
5.0251256281407,3
5.0251256281407,5
5.0251256281407,3
5.0251256281407,4
5.0251256281407,2
5.0251256281407,1
5.0251256281407,2
5.0251256281407,1
5.0251256281407,5
5.0251256281407,6
5.0251256281407,5
5.0251256281407,2
5.0251256281407,5
5.0251256281407,4
5.0251256281407,4
5.0251256281407,6
5.0251256281407,7
5.0251256281407,5
5.0251256281407,5
5.0251256281407,6
5.0251256281407,4
5.0251256281407,8
5.0251256281407,5
5.0251256281407,3
5.0251256281407,4
5.0251256281407,5
5.0251256281407,3
5.0251256281407,2
5.0251256281407,1
5.0251256281407,3
5.0251256281407,4
5.0251256281407,6
5.0251256281407,5
5.0251256281407,3
5.0251256281407,4
5.0251256281407,6
5.0251256281407,7
5.0251256281407,5
5.0251256281407,2
5.0251256281407,7
5.0251256281407,1
5.0251256281407,4
5.0251256281407,1
5.0251256281407,4
5.0251256281407,6
5.0251256281407,3
5.22613065326633,6
5.22613065326633,2
5.22613065326633,1
5.22613065326633,3
5.22613065326633,5
5.22613065326633,3
5.22613065326633,10
5.22613065326633,1
5.22613065326633,3
5.22613065326633,4
5.22613065326633,2
5.22613065326633,6
5.22613065326633,3
5.22613065326633,3
5.22613065326633,4
5.22613065326633,4
5.22613065326633,1
5.22613065326633,4
5.22613065326633,2
5.22613065326633,4
5.22613065326633,5
5.22613065326633,3
5.22613065326633,3
5.22613065326633,5
5.22613065326633,3
5.22613065326633,3
5.22613065326633,7
5.22613065326633,2
5.22613065326633,0
5.22613065326633,7
5.22613065326633,5
5.22613065326633,2
5.22613065326633,6
5.22613065326633,4
5.22613065326633,3
5.22613065326633,2
5.22613065326633,5
5.22613065326633,6
5.22613065326633,1
5.22613065326633,1
5.22613065326633,3
5.22613065326633,4
5.22613065326633,4
5.22613065326633,1
5.22613065326633,4
5.22613065326633,7
5.22613065326633,3
5.22613065326633,7
5.22613065326633,2
5.22613065326633,4
5.22613065326633,5
5.22613065326633,4
5.22613065326633,2
5.22613065326633,3
5.22613065326633,6
5.22613065326633,6
5.22613065326633,3
5.22613065326633,4
5.22613065326633,2
5.22613065326633,6
5.22613065326633,1
5.22613065326633,2
5.22613065326633,3
5.22613065326633,2
5.22613065326633,5
5.22613065326633,12
5.22613065326633,3
5.22613065326633,2
5.22613065326633,4
5.22613065326633,3
5.22613065326633,9
5.22613065326633,3
5.22613065326633,8
5.22613065326633,4
5.22613065326633,1
5.22613065326633,6
5.22613065326633,9
5.22613065326633,2
5.22613065326633,5
5.22613065326633,1
5.22613065326633,4
5.22613065326633,6
5.22613065326633,3
5.22613065326633,5
5.22613065326633,3
5.22613065326633,8
5.22613065326633,5
5.22613065326633,7
5.22613065326633,4
5.22613065326633,4
5.22613065326633,8
5.22613065326633,7
5.22613065326633,6
5.22613065326633,7
5.22613065326633,1
5.22613065326633,2
5.22613065326633,1
5.22613065326633,2
5.22613065326633,2
5.22613065326633,9
5.22613065326633,6
5.22613065326633,3
5.22613065326633,4
5.22613065326633,3
5.22613065326633,3
5.22613065326633,0
5.22613065326633,1
5.22613065326633,5
5.22613065326633,1
5.22613065326633,5
5.22613065326633,7
5.22613065326633,2
5.22613065326633,7
5.22613065326633,4
5.22613065326633,4
5.22613065326633,3
5.22613065326633,6
5.22613065326633,0
5.22613065326633,7
5.22613065326633,0
5.22613065326633,2
5.22613065326633,4
5.22613065326633,3
5.22613065326633,2
5.22613065326633,6
5.22613065326633,2
5.22613065326633,3
5.22613065326633,1
5.22613065326633,3
5.22613065326633,6
5.22613065326633,3
5.22613065326633,6
5.22613065326633,3
5.22613065326633,6
5.22613065326633,6
5.22613065326633,3
5.22613065326633,1
5.22613065326633,7
5.22613065326633,4
5.22613065326633,1
5.22613065326633,3
5.22613065326633,5
5.22613065326633,3
5.22613065326633,9
5.22613065326633,5
5.22613065326633,2
5.22613065326633,6
5.22613065326633,5
5.22613065326633,1
5.22613065326633,3
5.22613065326633,2
5.22613065326633,2
5.22613065326633,0
5.22613065326633,7
5.22613065326633,1
5.22613065326633,5
5.22613065326633,3
5.22613065326633,3
5.22613065326633,1
5.22613065326633,6
5.22613065326633,3
5.22613065326633,2
5.22613065326633,1
5.22613065326633,4
5.22613065326633,5
5.22613065326633,1
5.22613065326633,2
5.22613065326633,5
5.22613065326633,5
5.22613065326633,6
5.22613065326633,7
5.22613065326633,1
5.22613065326633,2
5.22613065326633,5
5.22613065326633,1
5.22613065326633,5
5.22613065326633,4
5.22613065326633,1
5.22613065326633,6
5.22613065326633,2
5.22613065326633,2
5.22613065326633,1
5.22613065326633,6
5.22613065326633,2
5.22613065326633,2
5.22613065326633,5
5.22613065326633,5
5.22613065326633,6
5.22613065326633,3
5.22613065326633,6
5.22613065326633,3
5.22613065326633,5
5.22613065326633,4
5.22613065326633,7
5.22613065326633,5
5.22613065326633,2
5.22613065326633,6
5.22613065326633,4
5.22613065326633,7
5.22613065326633,5
5.42713567839196,3
5.42713567839196,10
5.42713567839196,5
5.42713567839196,1
5.42713567839196,5
5.42713567839196,5
5.42713567839196,3
5.42713567839196,5
5.42713567839196,0
5.42713567839196,0
5.42713567839196,4
5.42713567839196,4
5.42713567839196,0
5.42713567839196,5
5.42713567839196,4
5.42713567839196,6
5.42713567839196,5
5.42713567839196,3
5.42713567839196,8
5.42713567839196,5
5.42713567839196,4
5.42713567839196,4
5.42713567839196,4
5.42713567839196,3
5.42713567839196,1
5.42713567839196,6
5.42713567839196,7
5.42713567839196,6
5.42713567839196,6
5.42713567839196,3
5.42713567839196,3
5.42713567839196,3
5.42713567839196,4
5.42713567839196,5
5.42713567839196,1
5.42713567839196,2
5.42713567839196,7
5.42713567839196,5
5.42713567839196,3
5.42713567839196,4
5.42713567839196,7
5.42713567839196,7
5.42713567839196,7
5.42713567839196,4
5.42713567839196,3
5.42713567839196,2
5.42713567839196,5
5.42713567839196,8
5.42713567839196,5
5.42713567839196,3
5.42713567839196,1
5.42713567839196,5
5.42713567839196,6
5.42713567839196,6
5.42713567839196,6
5.42713567839196,5
5.42713567839196,3
5.42713567839196,6
5.42713567839196,2
5.42713567839196,5
5.42713567839196,5
5.42713567839196,3
5.42713567839196,6
5.42713567839196,4
5.42713567839196,4
5.42713567839196,2
5.42713567839196,2
5.42713567839196,6
5.42713567839196,5
5.42713567839196,2
5.42713567839196,3
5.42713567839196,4
5.42713567839196,3
5.42713567839196,4
5.42713567839196,6
5.42713567839196,8
5.42713567839196,3
5.42713567839196,4
5.42713567839196,7
5.42713567839196,4
5.42713567839196,4
5.42713567839196,2
5.42713567839196,2
5.42713567839196,8
5.42713567839196,4
5.42713567839196,2
5.42713567839196,4
5.42713567839196,5
5.42713567839196,5
5.42713567839196,7
5.42713567839196,6
5.42713567839196,7
5.42713567839196,5
5.42713567839196,3
5.42713567839196,3
5.42713567839196,3
5.42713567839196,4
5.42713567839196,6
5.42713567839196,4
5.42713567839196,5
5.42713567839196,3
5.42713567839196,3
5.42713567839196,10
5.42713567839196,5
5.42713567839196,4
5.42713567839196,2
5.42713567839196,3
5.42713567839196,2
5.42713567839196,8
5.42713567839196,4
5.42713567839196,2
5.42713567839196,4
5.42713567839196,5
5.42713567839196,5
5.42713567839196,2
5.42713567839196,5
5.42713567839196,7
5.42713567839196,5
5.42713567839196,1
5.42713567839196,4
5.42713567839196,2
5.42713567839196,4
5.42713567839196,2
5.42713567839196,5
5.42713567839196,4
5.42713567839196,3
5.42713567839196,7
5.42713567839196,2
5.42713567839196,7
5.42713567839196,4
5.42713567839196,1
5.42713567839196,6
5.42713567839196,6
5.42713567839196,6
5.42713567839196,9
5.42713567839196,4
5.42713567839196,4
5.42713567839196,3
5.42713567839196,5
5.42713567839196,2
5.42713567839196,5
5.42713567839196,3
5.42713567839196,6
5.42713567839196,5
5.42713567839196,4
5.42713567839196,8
5.42713567839196,4
5.42713567839196,4
5.42713567839196,4
5.42713567839196,5
5.42713567839196,3
5.42713567839196,3
5.42713567839196,3
5.42713567839196,3
5.42713567839196,4
5.42713567839196,4
5.42713567839196,2
5.42713567839196,2
5.42713567839196,7
5.42713567839196,3
5.42713567839196,3
5.42713567839196,2
5.42713567839196,1
5.42713567839196,6
5.42713567839196,7
5.42713567839196,3
5.42713567839196,0
5.42713567839196,3
5.42713567839196,5
5.42713567839196,5
5.42713567839196,2
5.42713567839196,3
5.42713567839196,8
5.42713567839196,4
5.42713567839196,2
5.42713567839196,3
5.42713567839196,6
5.42713567839196,7
5.42713567839196,3
5.42713567839196,6
5.42713567839196,1
5.42713567839196,1
5.42713567839196,2
5.42713567839196,5
5.42713567839196,3
5.42713567839196,3
5.42713567839196,9
5.42713567839196,4
5.42713567839196,4
5.42713567839196,5
5.42713567839196,6
5.42713567839196,4
5.42713567839196,3
5.42713567839196,2
5.42713567839196,6
5.42713567839196,12
5.42713567839196,6
5.42713567839196,2
5.42713567839196,11
5.42713567839196,2
5.62814070351759,3
5.62814070351759,5
5.62814070351759,6
5.62814070351759,8
5.62814070351759,8
5.62814070351759,5
5.62814070351759,3
5.62814070351759,6
5.62814070351759,3
5.62814070351759,2
5.62814070351759,6
5.62814070351759,1
5.62814070351759,5
5.62814070351759,6
5.62814070351759,7
5.62814070351759,8
5.62814070351759,2
5.62814070351759,2
5.62814070351759,4
5.62814070351759,7
5.62814070351759,3
5.62814070351759,4
5.62814070351759,2
5.62814070351759,4
5.62814070351759,4
5.62814070351759,4
5.62814070351759,3
5.62814070351759,7
5.62814070351759,7
5.62814070351759,5
5.62814070351759,1
5.62814070351759,2
5.62814070351759,6
5.62814070351759,7
5.62814070351759,0
5.62814070351759,1
5.62814070351759,6
5.62814070351759,5
5.62814070351759,4
5.62814070351759,3
5.62814070351759,3
5.62814070351759,5
5.62814070351759,5
5.62814070351759,4
5.62814070351759,4
5.62814070351759,2
5.62814070351759,4
5.62814070351759,5
5.62814070351759,6
5.62814070351759,3
5.62814070351759,5
5.62814070351759,4
5.62814070351759,1
5.62814070351759,6
5.62814070351759,2
5.62814070351759,3
5.62814070351759,3
5.62814070351759,8
5.62814070351759,3
5.62814070351759,3
5.62814070351759,6
5.62814070351759,2
5.62814070351759,2
5.62814070351759,2
5.62814070351759,3
5.62814070351759,3
5.62814070351759,4
5.62814070351759,6
5.62814070351759,1
5.62814070351759,9
5.62814070351759,4
5.62814070351759,3
5.62814070351759,3
5.62814070351759,7
5.62814070351759,3
5.62814070351759,1
5.62814070351759,8
5.62814070351759,5
5.62814070351759,3
5.62814070351759,8
5.62814070351759,10
5.62814070351759,8
5.62814070351759,1
5.62814070351759,2
5.62814070351759,5
5.62814070351759,9
5.62814070351759,7
5.62814070351759,2
5.62814070351759,5
5.62814070351759,8
5.62814070351759,2
5.62814070351759,4
5.62814070351759,4
5.62814070351759,5
5.62814070351759,3
5.62814070351759,6
5.62814070351759,3
5.62814070351759,0
5.62814070351759,2
5.62814070351759,4
5.62814070351759,3
5.62814070351759,1
5.62814070351759,2
5.62814070351759,3
5.62814070351759,5
5.62814070351759,4
5.62814070351759,5
5.62814070351759,5
5.62814070351759,3
5.62814070351759,3
5.62814070351759,6
5.62814070351759,4
5.62814070351759,5
5.62814070351759,4
5.62814070351759,4
5.62814070351759,4
5.62814070351759,3
5.62814070351759,2
5.62814070351759,7
5.62814070351759,8
5.62814070351759,4
5.62814070351759,5
5.62814070351759,2
5.62814070351759,3
5.62814070351759,4
5.62814070351759,3
5.62814070351759,5
5.62814070351759,2
5.62814070351759,6
5.62814070351759,2
5.62814070351759,4
5.62814070351759,6
5.62814070351759,3
5.62814070351759,4
5.62814070351759,5
5.62814070351759,9
5.62814070351759,5
5.62814070351759,2
5.62814070351759,4
5.62814070351759,6
5.62814070351759,4
5.62814070351759,7
5.62814070351759,3
5.62814070351759,4
5.62814070351759,6
5.62814070351759,6
5.62814070351759,2
5.62814070351759,6
5.62814070351759,2
5.62814070351759,5
5.62814070351759,3
5.62814070351759,2
5.62814070351759,3
5.62814070351759,4
5.62814070351759,6
5.62814070351759,4
5.62814070351759,4
5.62814070351759,3
5.62814070351759,2
5.62814070351759,6
5.62814070351759,5
5.62814070351759,6
5.62814070351759,3
5.62814070351759,4
5.62814070351759,5
5.62814070351759,4
5.62814070351759,5
5.62814070351759,1
5.62814070351759,2
5.62814070351759,4
5.62814070351759,3
5.62814070351759,5
5.62814070351759,4
5.62814070351759,4
5.62814070351759,5
5.62814070351759,11
5.62814070351759,4
5.62814070351759,4
5.62814070351759,5
5.62814070351759,2
5.62814070351759,10
5.62814070351759,3
5.62814070351759,2
5.62814070351759,5
5.62814070351759,0
5.62814070351759,4
5.62814070351759,2
5.62814070351759,2
5.62814070351759,6
5.62814070351759,1
5.62814070351759,4
5.62814070351759,1
5.62814070351759,2
5.62814070351759,5
5.62814070351759,9
5.62814070351759,6
5.62814070351759,3
5.62814070351759,7
5.62814070351759,3
5.62814070351759,9
5.82914572864322,8
5.82914572864322,7
5.82914572864322,6
5.82914572864322,3
5.82914572864322,9
5.82914572864322,1
5.82914572864322,6
5.82914572864322,6
5.82914572864322,5
5.82914572864322,6
5.82914572864322,4
5.82914572864322,5
5.82914572864322,3
5.82914572864322,3
5.82914572864322,5
5.82914572864322,5
5.82914572864322,3
5.82914572864322,6
5.82914572864322,4
5.82914572864322,5
5.82914572864322,6
5.82914572864322,4
5.82914572864322,3
5.82914572864322,4
5.82914572864322,5
5.82914572864322,1
5.82914572864322,4
5.82914572864322,6
5.82914572864322,6
5.82914572864322,6
5.82914572864322,7
5.82914572864322,7
5.82914572864322,5
5.82914572864322,5
5.82914572864322,1
5.82914572864322,4
5.82914572864322,4
5.82914572864322,3
5.82914572864322,4
5.82914572864322,7
5.82914572864322,5
5.82914572864322,3
5.82914572864322,2
5.82914572864322,4
5.82914572864322,5
5.82914572864322,8
5.82914572864322,3
5.82914572864322,4
5.82914572864322,6
5.82914572864322,4
5.82914572864322,7
5.82914572864322,8
5.82914572864322,5
5.82914572864322,4
5.82914572864322,8
5.82914572864322,3
5.82914572864322,8
5.82914572864322,3
5.82914572864322,3
5.82914572864322,7
5.82914572864322,4
5.82914572864322,2
5.82914572864322,4
5.82914572864322,7
5.82914572864322,11
5.82914572864322,5
5.82914572864322,3
5.82914572864322,5
5.82914572864322,5
5.82914572864322,5
5.82914572864322,2
5.82914572864322,9
5.82914572864322,1
5.82914572864322,3
5.82914572864322,6
5.82914572864322,3
5.82914572864322,6
5.82914572864322,5
5.82914572864322,6
5.82914572864322,6
5.82914572864322,2
5.82914572864322,3
5.82914572864322,2
5.82914572864322,1
5.82914572864322,5
5.82914572864322,5
5.82914572864322,9
5.82914572864322,4
5.82914572864322,9
5.82914572864322,7
5.82914572864322,3
5.82914572864322,2
5.82914572864322,5
5.82914572864322,3
5.82914572864322,0
5.82914572864322,3
5.82914572864322,7
5.82914572864322,2
5.82914572864322,2
5.82914572864322,7
5.82914572864322,3
5.82914572864322,2
5.82914572864322,6
5.82914572864322,4
5.82914572864322,2
5.82914572864322,5
5.82914572864322,2
5.82914572864322,3
5.82914572864322,7
5.82914572864322,3
5.82914572864322,6
5.82914572864322,3
5.82914572864322,6
5.82914572864322,7
5.82914572864322,5
5.82914572864322,6
5.82914572864322,5
5.82914572864322,4
5.82914572864322,5
5.82914572864322,3
5.82914572864322,2
5.82914572864322,4
5.82914572864322,5
5.82914572864322,4
5.82914572864322,3
5.82914572864322,2
5.82914572864322,4
5.82914572864322,3
5.82914572864322,3
5.82914572864322,4
5.82914572864322,2
5.82914572864322,3
5.82914572864322,8
5.82914572864322,4
5.82914572864322,4
5.82914572864322,1
5.82914572864322,2
5.82914572864322,4
5.82914572864322,6
5.82914572864322,3
5.82914572864322,4
5.82914572864322,3
5.82914572864322,2
5.82914572864322,7
5.82914572864322,8
5.82914572864322,7
5.82914572864322,4
5.82914572864322,1
5.82914572864322,5
5.82914572864322,5
5.82914572864322,2
5.82914572864322,6
5.82914572864322,8
5.82914572864322,5
5.82914572864322,8
5.82914572864322,5
5.82914572864322,3
5.82914572864322,6
5.82914572864322,2
5.82914572864322,3
5.82914572864322,5
5.82914572864322,5
5.82914572864322,3
5.82914572864322,6
5.82914572864322,5
5.82914572864322,7
5.82914572864322,1
5.82914572864322,3
5.82914572864322,6
5.82914572864322,5
5.82914572864322,3
5.82914572864322,2
5.82914572864322,7
5.82914572864322,9
5.82914572864322,2
5.82914572864322,4
5.82914572864322,7
5.82914572864322,4
5.82914572864322,2
5.82914572864322,6
5.82914572864322,6
5.82914572864322,4
5.82914572864322,3
5.82914572864322,5
5.82914572864322,4
5.82914572864322,3
5.82914572864322,7
5.82914572864322,7
5.82914572864322,5
5.82914572864322,4
5.82914572864322,5
5.82914572864322,8
5.82914572864322,10
5.82914572864322,4
5.82914572864322,5
5.82914572864322,5
5.82914572864322,3
5.82914572864322,4
5.82914572864322,4
5.82914572864322,4
6.03015075376884,5
6.03015075376884,7
6.03015075376884,6
6.03015075376884,4
6.03015075376884,3
6.03015075376884,5
6.03015075376884,2
6.03015075376884,5
6.03015075376884,5
6.03015075376884,4
6.03015075376884,4
6.03015075376884,5
6.03015075376884,4
6.03015075376884,2
6.03015075376884,1
6.03015075376884,4
6.03015075376884,3
6.03015075376884,3
6.03015075376884,5
6.03015075376884,5
6.03015075376884,4
6.03015075376884,4
6.03015075376884,4
6.03015075376884,4
6.03015075376884,5
6.03015075376884,4
6.03015075376884,6
6.03015075376884,5
6.03015075376884,7
6.03015075376884,3
6.03015075376884,3
6.03015075376884,5
6.03015075376884,7
6.03015075376884,4
6.03015075376884,11
6.03015075376884,5
6.03015075376884,5
6.03015075376884,4
6.03015075376884,2
6.03015075376884,5
6.03015075376884,2
6.03015075376884,3
6.03015075376884,5
6.03015075376884,2
6.03015075376884,3
6.03015075376884,3
6.03015075376884,8
6.03015075376884,8
6.03015075376884,5
6.03015075376884,4
6.03015075376884,2
6.03015075376884,3
6.03015075376884,2
6.03015075376884,4
6.03015075376884,5
6.03015075376884,2
6.03015075376884,7
6.03015075376884,6
6.03015075376884,3
6.03015075376884,4
6.03015075376884,4
6.03015075376884,0
6.03015075376884,8
6.03015075376884,2
6.03015075376884,4
6.03015075376884,2
6.03015075376884,3
6.03015075376884,1
6.03015075376884,7
6.03015075376884,3
6.03015075376884,2
6.03015075376884,5
6.03015075376884,4
6.03015075376884,7
6.03015075376884,3
6.03015075376884,7
6.03015075376884,4
6.03015075376884,7
6.03015075376884,8
6.03015075376884,4
6.03015075376884,5
6.03015075376884,5
6.03015075376884,6
6.03015075376884,6
6.03015075376884,3
6.03015075376884,7
6.03015075376884,1
6.03015075376884,3
6.03015075376884,10
6.03015075376884,4
6.03015075376884,4
6.03015075376884,3
6.03015075376884,2
6.03015075376884,4
6.03015075376884,6
6.03015075376884,6
6.03015075376884,5
6.03015075376884,3
6.03015075376884,2
6.03015075376884,8
6.03015075376884,4
6.03015075376884,4
6.03015075376884,8
6.03015075376884,1
6.03015075376884,4
6.03015075376884,4
6.03015075376884,5
6.03015075376884,3
6.03015075376884,4
6.03015075376884,3
6.03015075376884,1
6.03015075376884,7
6.03015075376884,5
6.03015075376884,4
6.03015075376884,4
6.03015075376884,3
6.03015075376884,8
6.03015075376884,4
6.03015075376884,3
6.03015075376884,2
6.03015075376884,6
6.03015075376884,2
6.03015075376884,1
6.03015075376884,3
6.03015075376884,3
6.03015075376884,3
6.03015075376884,6
6.03015075376884,5
6.03015075376884,5
6.03015075376884,8
6.03015075376884,3
6.03015075376884,7
6.03015075376884,2
6.03015075376884,4
6.03015075376884,2
6.03015075376884,2
6.03015075376884,2
6.03015075376884,4
6.03015075376884,3
6.03015075376884,7
6.03015075376884,8
6.03015075376884,0
6.03015075376884,6
6.03015075376884,5
6.03015075376884,2
6.03015075376884,4
6.03015075376884,6
6.03015075376884,5
6.03015075376884,3
6.03015075376884,1
6.03015075376884,6
6.03015075376884,5
6.03015075376884,3
6.03015075376884,3
6.03015075376884,5
6.03015075376884,7
6.03015075376884,0
6.03015075376884,1
6.03015075376884,4
6.03015075376884,9
6.03015075376884,6
6.03015075376884,3
6.03015075376884,5
6.03015075376884,5
6.03015075376884,6
6.03015075376884,3
6.03015075376884,4
6.03015075376884,2
6.03015075376884,5
6.03015075376884,6
6.03015075376884,6
6.03015075376884,5
6.03015075376884,4
6.03015075376884,7
6.03015075376884,5
6.03015075376884,5
6.03015075376884,1
6.03015075376884,7
6.03015075376884,4
6.03015075376884,1
6.03015075376884,2
6.03015075376884,8
6.03015075376884,4
6.03015075376884,4
6.03015075376884,3
6.03015075376884,4
6.03015075376884,6
6.03015075376884,1
6.03015075376884,4
6.03015075376884,7
6.03015075376884,6
6.03015075376884,4
6.03015075376884,9
6.03015075376884,8
6.03015075376884,9
6.03015075376884,3
6.03015075376884,4
6.03015075376884,7
6.03015075376884,6
6.03015075376884,5
6.23115577889447,5
6.23115577889447,7
6.23115577889447,3
6.23115577889447,8
6.23115577889447,6
6.23115577889447,6
6.23115577889447,5
6.23115577889447,4
6.23115577889447,4
6.23115577889447,2
6.23115577889447,3
6.23115577889447,5
6.23115577889447,6
6.23115577889447,3
6.23115577889447,3
6.23115577889447,4
6.23115577889447,5
6.23115577889447,4
6.23115577889447,2
6.23115577889447,8
6.23115577889447,4
6.23115577889447,4
6.23115577889447,5
6.23115577889447,5
6.23115577889447,7
6.23115577889447,5
6.23115577889447,5
6.23115577889447,7
6.23115577889447,6
6.23115577889447,6
6.23115577889447,4
6.23115577889447,6
6.23115577889447,6
6.23115577889447,5
6.23115577889447,6
6.23115577889447,8
6.23115577889447,4
6.23115577889447,2
6.23115577889447,6
6.23115577889447,3
6.23115577889447,4
6.23115577889447,5
6.23115577889447,4
6.23115577889447,3
6.23115577889447,3
6.23115577889447,2
6.23115577889447,6
6.23115577889447,3
6.23115577889447,5
6.23115577889447,5
6.23115577889447,7
6.23115577889447,4
6.23115577889447,3
6.23115577889447,3
6.23115577889447,4
6.23115577889447,2
6.23115577889447,7
6.23115577889447,4
6.23115577889447,5
6.23115577889447,2
6.23115577889447,7
6.23115577889447,5
6.23115577889447,3
6.23115577889447,2
6.23115577889447,6
6.23115577889447,3
6.23115577889447,3
6.23115577889447,6
6.23115577889447,3
6.23115577889447,2
6.23115577889447,2
6.23115577889447,4
6.23115577889447,5
6.23115577889447,4
6.23115577889447,6
6.23115577889447,8
6.23115577889447,5
6.23115577889447,3
6.23115577889447,6
6.23115577889447,7
6.23115577889447,4
6.23115577889447,5
6.23115577889447,4
6.23115577889447,2
6.23115577889447,5
6.23115577889447,6
6.23115577889447,2
6.23115577889447,7
6.23115577889447,8
6.23115577889447,6
6.23115577889447,5
6.23115577889447,3
6.23115577889447,1
6.23115577889447,3
6.23115577889447,6
6.23115577889447,3
6.23115577889447,1
6.23115577889447,7
6.23115577889447,3
6.23115577889447,2
6.23115577889447,8
6.23115577889447,1
6.23115577889447,6
6.23115577889447,6
6.23115577889447,3
6.23115577889447,3
6.23115577889447,5
6.23115577889447,7
6.23115577889447,10
6.23115577889447,7
6.23115577889447,3
6.23115577889447,3
6.23115577889447,2
6.23115577889447,8
6.23115577889447,5
6.23115577889447,8
6.23115577889447,4
6.23115577889447,8
6.23115577889447,7
6.23115577889447,5
6.23115577889447,4
6.23115577889447,2
6.23115577889447,5
6.23115577889447,4
6.23115577889447,9
6.23115577889447,3
6.23115577889447,5
6.23115577889447,3
6.23115577889447,3
6.23115577889447,10
6.23115577889447,5
6.23115577889447,9
6.23115577889447,4
6.23115577889447,4
6.23115577889447,3
6.23115577889447,3
6.23115577889447,3
6.23115577889447,4
6.23115577889447,6
6.23115577889447,2
6.23115577889447,2
6.23115577889447,5
6.23115577889447,2
6.23115577889447,2
6.23115577889447,5
6.23115577889447,4
6.23115577889447,8
6.23115577889447,7
6.23115577889447,4
6.23115577889447,5
6.23115577889447,4
6.23115577889447,6
6.23115577889447,6
6.23115577889447,7
6.23115577889447,1
6.23115577889447,6
6.23115577889447,7
6.23115577889447,3
6.23115577889447,5
6.23115577889447,6
6.23115577889447,5
6.23115577889447,4
6.23115577889447,7
6.23115577889447,4
6.23115577889447,2
6.23115577889447,4
6.23115577889447,7
6.23115577889447,4
6.23115577889447,7
6.23115577889447,4
6.23115577889447,5
6.23115577889447,4
6.23115577889447,7
6.23115577889447,5
6.23115577889447,6
6.23115577889447,6
6.23115577889447,11
6.23115577889447,9
6.23115577889447,5
6.23115577889447,3
6.23115577889447,2
6.23115577889447,2
6.23115577889447,5
6.23115577889447,5
6.23115577889447,7
6.23115577889447,4
6.23115577889447,4
6.23115577889447,6
6.23115577889447,4
6.23115577889447,4
6.23115577889447,6
6.23115577889447,4
6.23115577889447,3
6.23115577889447,10
6.23115577889447,4
6.23115577889447,7
6.23115577889447,7
6.23115577889447,12
6.23115577889447,6
6.23115577889447,8
6.4321608040201,8
6.4321608040201,7
6.4321608040201,5
6.4321608040201,3
6.4321608040201,4
6.4321608040201,5
6.4321608040201,10
6.4321608040201,4
6.4321608040201,3
6.4321608040201,4
6.4321608040201,7
6.4321608040201,5
6.4321608040201,7
6.4321608040201,9
6.4321608040201,4
6.4321608040201,6
6.4321608040201,2
6.4321608040201,9
6.4321608040201,5
6.4321608040201,4
6.4321608040201,6
6.4321608040201,4
6.4321608040201,3
6.4321608040201,5
6.4321608040201,3
6.4321608040201,3
6.4321608040201,5
6.4321608040201,6
6.4321608040201,4
6.4321608040201,5
6.4321608040201,2
6.4321608040201,7
6.4321608040201,4
6.4321608040201,8
6.4321608040201,6
6.4321608040201,3
6.4321608040201,4
6.4321608040201,5
6.4321608040201,3
6.4321608040201,6
6.4321608040201,5
6.4321608040201,4
6.4321608040201,3
6.4321608040201,3
6.4321608040201,6
6.4321608040201,8
6.4321608040201,7
6.4321608040201,9
6.4321608040201,5
6.4321608040201,6
6.4321608040201,3
6.4321608040201,6
6.4321608040201,5
6.4321608040201,4
6.4321608040201,5
6.4321608040201,3
6.4321608040201,8
6.4321608040201,7
6.4321608040201,9
6.4321608040201,9
6.4321608040201,9
6.4321608040201,2
6.4321608040201,8
6.4321608040201,4
6.4321608040201,3
6.4321608040201,7
6.4321608040201,3
6.4321608040201,3
6.4321608040201,4
6.4321608040201,5
6.4321608040201,5
6.4321608040201,2
6.4321608040201,4
6.4321608040201,4
6.4321608040201,2
6.4321608040201,6
6.4321608040201,4
6.4321608040201,6
6.4321608040201,9
6.4321608040201,6
6.4321608040201,6
6.4321608040201,3
6.4321608040201,3
6.4321608040201,4
6.4321608040201,6
6.4321608040201,3
6.4321608040201,7
6.4321608040201,6
6.4321608040201,5
6.4321608040201,2
6.4321608040201,5
6.4321608040201,5
6.4321608040201,5
6.4321608040201,7
6.4321608040201,6
6.4321608040201,3
6.4321608040201,4
6.4321608040201,3
6.4321608040201,8
6.4321608040201,2
6.4321608040201,5
6.4321608040201,6
6.4321608040201,7
6.4321608040201,3
6.4321608040201,7
6.4321608040201,2
6.4321608040201,2
6.4321608040201,4
6.4321608040201,5
6.4321608040201,4
6.4321608040201,5
6.4321608040201,2
6.4321608040201,7
6.4321608040201,3
6.4321608040201,6
6.4321608040201,3
6.4321608040201,2
6.4321608040201,6
6.4321608040201,8
6.4321608040201,5
6.4321608040201,4
6.4321608040201,8
6.4321608040201,7
6.4321608040201,6
6.4321608040201,2
6.4321608040201,5
6.4321608040201,3
6.4321608040201,2
6.4321608040201,6
6.4321608040201,4
6.4321608040201,5
6.4321608040201,3
6.4321608040201,9
6.4321608040201,3
6.4321608040201,2
6.4321608040201,3
6.4321608040201,5
6.4321608040201,4
6.4321608040201,6
6.4321608040201,6
6.4321608040201,7
6.4321608040201,4
6.4321608040201,4
6.4321608040201,5
6.4321608040201,3
6.4321608040201,1
6.4321608040201,4
6.4321608040201,3
6.4321608040201,3
6.4321608040201,5
6.4321608040201,3
6.4321608040201,4
6.4321608040201,4
6.4321608040201,5
6.4321608040201,9
6.4321608040201,3
6.4321608040201,5
6.4321608040201,6
6.4321608040201,4
6.4321608040201,4
6.4321608040201,3
6.4321608040201,4
6.4321608040201,3
6.4321608040201,5
6.4321608040201,5
6.4321608040201,4
6.4321608040201,5
6.4321608040201,4
6.4321608040201,1
6.4321608040201,2
6.4321608040201,6
6.4321608040201,6
6.4321608040201,4
6.4321608040201,3
6.4321608040201,3
6.4321608040201,1
6.4321608040201,3
6.4321608040201,8
6.4321608040201,5
6.4321608040201,4
6.4321608040201,3
6.4321608040201,1
6.4321608040201,3
6.4321608040201,5
6.4321608040201,2
6.4321608040201,5
6.4321608040201,4
6.4321608040201,1
6.4321608040201,3
6.4321608040201,2
6.4321608040201,3
6.4321608040201,6
6.4321608040201,6
6.4321608040201,6
6.4321608040201,1
6.4321608040201,3
6.4321608040201,9
6.4321608040201,5
6.4321608040201,3
6.4321608040201,3
6.63316582914573,6
6.63316582914573,4
6.63316582914573,2
6.63316582914573,1
6.63316582914573,6
6.63316582914573,6
6.63316582914573,7
6.63316582914573,4
6.63316582914573,3
6.63316582914573,10
6.63316582914573,3
6.63316582914573,6
6.63316582914573,3
6.63316582914573,9
6.63316582914573,4
6.63316582914573,5
6.63316582914573,6
6.63316582914573,3
6.63316582914573,4
6.63316582914573,5
6.63316582914573,4
6.63316582914573,5
6.63316582914573,8
6.63316582914573,2
6.63316582914573,3
6.63316582914573,6
6.63316582914573,5
6.63316582914573,6
6.63316582914573,5
6.63316582914573,6
6.63316582914573,5
6.63316582914573,4
6.63316582914573,3
6.63316582914573,7
6.63316582914573,4
6.63316582914573,6
6.63316582914573,4
6.63316582914573,2
6.63316582914573,3
6.63316582914573,3
6.63316582914573,10
6.63316582914573,5
6.63316582914573,7
6.63316582914573,9
6.63316582914573,4
6.63316582914573,5
6.63316582914573,3
6.63316582914573,4
6.63316582914573,2
6.63316582914573,4
6.63316582914573,2
6.63316582914573,5
6.63316582914573,4
6.63316582914573,7
6.63316582914573,1
6.63316582914573,9
6.63316582914573,5
6.63316582914573,7
6.63316582914573,4
6.63316582914573,3
6.63316582914573,3
6.63316582914573,5
6.63316582914573,7
6.63316582914573,3
6.63316582914573,5
6.63316582914573,3
6.63316582914573,1
6.63316582914573,8
6.63316582914573,3
6.63316582914573,4
6.63316582914573,4
6.63316582914573,4
6.63316582914573,3
6.63316582914573,6
6.63316582914573,6
6.63316582914573,4
6.63316582914573,1
6.63316582914573,6
6.63316582914573,7
6.63316582914573,10
6.63316582914573,3
6.63316582914573,5
6.63316582914573,3
6.63316582914573,5
6.63316582914573,5
6.63316582914573,3
6.63316582914573,4
6.63316582914573,5
6.63316582914573,6
6.63316582914573,5
6.63316582914573,3
6.63316582914573,4
6.63316582914573,3
6.63316582914573,6
6.63316582914573,3
6.63316582914573,9
6.63316582914573,2
6.63316582914573,3
6.63316582914573,4
6.63316582914573,7
6.63316582914573,6
6.63316582914573,5
6.63316582914573,1
6.63316582914573,2
6.63316582914573,10
6.63316582914573,3
6.63316582914573,5
6.63316582914573,5
6.63316582914573,4
6.63316582914573,8
6.63316582914573,5
6.63316582914573,6
6.63316582914573,5
6.63316582914573,3
6.63316582914573,4
6.63316582914573,6
6.63316582914573,3
6.63316582914573,3
6.63316582914573,3
6.63316582914573,3
6.63316582914573,7
6.63316582914573,1
6.63316582914573,6
6.63316582914573,3
6.63316582914573,2
6.63316582914573,3
6.63316582914573,7
6.63316582914573,4
6.63316582914573,5
6.63316582914573,4
6.63316582914573,2
6.63316582914573,8
6.63316582914573,3
6.63316582914573,7
6.63316582914573,7
6.63316582914573,1
6.63316582914573,9
6.63316582914573,3
6.63316582914573,5
6.63316582914573,2
6.63316582914573,7
6.63316582914573,4
6.63316582914573,6
6.63316582914573,10
6.63316582914573,4
6.63316582914573,3
6.63316582914573,5
6.63316582914573,2
6.63316582914573,2
6.63316582914573,4
6.63316582914573,3
6.63316582914573,2
6.63316582914573,4
6.63316582914573,3
6.63316582914573,8
6.63316582914573,6
6.63316582914573,3
6.63316582914573,7
6.63316582914573,4
6.63316582914573,2
6.63316582914573,7
6.63316582914573,4
6.63316582914573,2
6.63316582914573,5
6.63316582914573,5
6.63316582914573,4
6.63316582914573,3
6.63316582914573,3
6.63316582914573,2
6.63316582914573,1
6.63316582914573,5
6.63316582914573,7
6.63316582914573,5
6.63316582914573,4
6.63316582914573,8
6.63316582914573,4
6.63316582914573,5
6.63316582914573,6
6.63316582914573,4
6.63316582914573,7
6.63316582914573,3
6.63316582914573,3
6.63316582914573,8
6.63316582914573,8
6.63316582914573,5
6.63316582914573,7
6.63316582914573,5
6.63316582914573,2
6.63316582914573,4
6.63316582914573,6
6.63316582914573,6
6.63316582914573,2
6.63316582914573,4
6.63316582914573,4
6.63316582914573,8
6.63316582914573,5
6.63316582914573,6
6.63316582914573,6
6.63316582914573,4
6.63316582914573,1
6.83417085427136,9
6.83417085427136,5
6.83417085427136,6
6.83417085427136,6
6.83417085427136,5
6.83417085427136,2
6.83417085427136,7
6.83417085427136,8
6.83417085427136,1
6.83417085427136,6
6.83417085427136,5
6.83417085427136,2
6.83417085427136,5
6.83417085427136,2
6.83417085427136,5
6.83417085427136,2
6.83417085427136,5
6.83417085427136,3
6.83417085427136,7
6.83417085427136,4
6.83417085427136,5
6.83417085427136,2
6.83417085427136,4
6.83417085427136,6
6.83417085427136,8
6.83417085427136,2
6.83417085427136,4
6.83417085427136,2
6.83417085427136,2
6.83417085427136,0
6.83417085427136,2
6.83417085427136,4
6.83417085427136,5
6.83417085427136,7
6.83417085427136,3
6.83417085427136,4
6.83417085427136,5
6.83417085427136,5
6.83417085427136,7
6.83417085427136,3
6.83417085427136,6
6.83417085427136,6
6.83417085427136,4
6.83417085427136,3
6.83417085427136,1
6.83417085427136,7
6.83417085427136,5
6.83417085427136,3
6.83417085427136,1
6.83417085427136,2
6.83417085427136,5
6.83417085427136,3
6.83417085427136,7
6.83417085427136,5
6.83417085427136,9
6.83417085427136,4
6.83417085427136,4
6.83417085427136,5
6.83417085427136,8
6.83417085427136,5
6.83417085427136,2
6.83417085427136,9
6.83417085427136,9
6.83417085427136,1
6.83417085427136,3
6.83417085427136,5
6.83417085427136,6
6.83417085427136,6
6.83417085427136,3
6.83417085427136,5
6.83417085427136,2
6.83417085427136,5
6.83417085427136,9
6.83417085427136,8
6.83417085427136,7
6.83417085427136,1
6.83417085427136,2
6.83417085427136,7
6.83417085427136,4
6.83417085427136,2
6.83417085427136,9
6.83417085427136,2
6.83417085427136,4
6.83417085427136,4
6.83417085427136,7
6.83417085427136,3
6.83417085427136,4
6.83417085427136,4
6.83417085427136,6
6.83417085427136,6
6.83417085427136,5
6.83417085427136,7
6.83417085427136,2
6.83417085427136,7
6.83417085427136,6
6.83417085427136,3
6.83417085427136,4
6.83417085427136,12
6.83417085427136,7
6.83417085427136,8
6.83417085427136,4
6.83417085427136,3
6.83417085427136,6
6.83417085427136,5
6.83417085427136,8
6.83417085427136,5
6.83417085427136,3
6.83417085427136,12
6.83417085427136,6
6.83417085427136,5
6.83417085427136,5
6.83417085427136,4
6.83417085427136,6
6.83417085427136,6
6.83417085427136,7
6.83417085427136,3
6.83417085427136,1
6.83417085427136,3
6.83417085427136,8
6.83417085427136,6
6.83417085427136,5
6.83417085427136,6
6.83417085427136,4
6.83417085427136,3
6.83417085427136,3
6.83417085427136,2
6.83417085427136,4
6.83417085427136,4
6.83417085427136,1
6.83417085427136,4
6.83417085427136,8
6.83417085427136,6
6.83417085427136,5
6.83417085427136,7
6.83417085427136,5
6.83417085427136,9
6.83417085427136,6
6.83417085427136,8
6.83417085427136,3
6.83417085427136,8
6.83417085427136,11
6.83417085427136,0
6.83417085427136,7
6.83417085427136,2
6.83417085427136,5
6.83417085427136,5
6.83417085427136,3
6.83417085427136,8
6.83417085427136,7
6.83417085427136,4
6.83417085427136,4
6.83417085427136,9
6.83417085427136,3
6.83417085427136,6
6.83417085427136,4
6.83417085427136,6
6.83417085427136,6
6.83417085427136,6
6.83417085427136,3
6.83417085427136,3
6.83417085427136,7
6.83417085427136,3
6.83417085427136,7
6.83417085427136,8
6.83417085427136,0
6.83417085427136,4
6.83417085427136,2
6.83417085427136,3
6.83417085427136,6
6.83417085427136,6
6.83417085427136,6
6.83417085427136,2
6.83417085427136,6
6.83417085427136,5
6.83417085427136,9
6.83417085427136,4
6.83417085427136,4
6.83417085427136,2
6.83417085427136,7
6.83417085427136,2
6.83417085427136,5
6.83417085427136,7
6.83417085427136,6
6.83417085427136,5
6.83417085427136,6
6.83417085427136,4
6.83417085427136,7
6.83417085427136,9
6.83417085427136,3
6.83417085427136,4
6.83417085427136,6
6.83417085427136,6
6.83417085427136,7
6.83417085427136,8
6.83417085427136,6
6.83417085427136,6
6.83417085427136,5
6.83417085427136,4
6.83417085427136,2
6.83417085427136,3
7.03517587939699,3
7.03517587939699,8
7.03517587939699,9
7.03517587939699,4
7.03517587939699,4
7.03517587939699,6
7.03517587939699,6
7.03517587939699,3
7.03517587939699,5
7.03517587939699,6
7.03517587939699,1
7.03517587939699,10
7.03517587939699,3
7.03517587939699,5
7.03517587939699,4
7.03517587939699,7
7.03517587939699,2
7.03517587939699,3
7.03517587939699,3
7.03517587939699,4
7.03517587939699,4
7.03517587939699,8
7.03517587939699,5
7.03517587939699,7
7.03517587939699,6
7.03517587939699,0
7.03517587939699,3
7.03517587939699,4
7.03517587939699,3
7.03517587939699,3
7.03517587939699,6
7.03517587939699,5
7.03517587939699,9
7.03517587939699,8
7.03517587939699,10
7.03517587939699,6
7.03517587939699,4
7.03517587939699,7
7.03517587939699,5
7.03517587939699,8
7.03517587939699,6
7.03517587939699,8
7.03517587939699,5
7.03517587939699,9
7.03517587939699,6
7.03517587939699,1
7.03517587939699,3
7.03517587939699,6
7.03517587939699,5
7.03517587939699,5
7.03517587939699,4
7.03517587939699,7
7.03517587939699,1
7.03517587939699,6
7.03517587939699,4
7.03517587939699,6
7.03517587939699,6
7.03517587939699,1
7.03517587939699,4
7.03517587939699,4
7.03517587939699,3
7.03517587939699,7
7.03517587939699,7
7.03517587939699,4
7.03517587939699,2
7.03517587939699,4
7.03517587939699,7
7.03517587939699,4
7.03517587939699,4
7.03517587939699,6
7.03517587939699,7
7.03517587939699,5
7.03517587939699,4
7.03517587939699,3
7.03517587939699,4
7.03517587939699,4
7.03517587939699,4
7.03517587939699,4
7.03517587939699,4
7.03517587939699,3
7.03517587939699,2
7.03517587939699,4
7.03517587939699,3
7.03517587939699,4
7.03517587939699,4
7.03517587939699,6
7.03517587939699,7
7.03517587939699,3
7.03517587939699,3
7.03517587939699,8
7.03517587939699,5
7.03517587939699,6
7.03517587939699,5
7.03517587939699,10
7.03517587939699,8
7.03517587939699,4
7.03517587939699,9
7.03517587939699,9
7.03517587939699,5
7.03517587939699,7
7.03517587939699,6
7.03517587939699,3
7.03517587939699,5
7.03517587939699,7
7.03517587939699,3
7.03517587939699,8
7.03517587939699,1
7.03517587939699,5
7.03517587939699,5
7.03517587939699,3
7.03517587939699,5
7.03517587939699,4
7.03517587939699,5
7.03517587939699,3
7.03517587939699,8
7.03517587939699,5
7.03517587939699,5
7.03517587939699,4
7.03517587939699,8
7.03517587939699,9
7.03517587939699,6
7.03517587939699,9
7.03517587939699,4
7.03517587939699,7
7.03517587939699,2
7.03517587939699,5
7.03517587939699,3
7.03517587939699,4
7.03517587939699,5
7.03517587939699,6
7.03517587939699,4
7.03517587939699,5
7.03517587939699,7
7.03517587939699,8
7.03517587939699,7
7.03517587939699,7
7.03517587939699,2
7.03517587939699,3
7.03517587939699,2
7.03517587939699,4
7.03517587939699,7
7.03517587939699,7
7.03517587939699,5
7.03517587939699,4
7.03517587939699,5
7.03517587939699,4
7.03517587939699,6
7.03517587939699,2
7.03517587939699,4
7.03517587939699,7
7.03517587939699,6
7.03517587939699,5
7.03517587939699,5
7.03517587939699,6
7.03517587939699,5
7.03517587939699,6
7.03517587939699,6
7.03517587939699,4
7.03517587939699,3
7.03517587939699,4
7.03517587939699,3
7.03517587939699,12
7.03517587939699,5
7.03517587939699,5
7.03517587939699,3
7.03517587939699,2
7.03517587939699,8
7.03517587939699,4
7.03517587939699,5
7.03517587939699,5
7.03517587939699,5
7.03517587939699,5
7.03517587939699,8
7.03517587939699,7
7.03517587939699,1
7.03517587939699,5
7.03517587939699,4
7.03517587939699,7
7.03517587939699,7
7.03517587939699,7
7.03517587939699,4
7.03517587939699,5
7.03517587939699,6
7.03517587939699,7
7.03517587939699,10
7.03517587939699,3
7.03517587939699,4
7.03517587939699,6
7.03517587939699,3
7.03517587939699,6
7.03517587939699,10
7.03517587939699,8
7.03517587939699,5
7.03517587939699,6
7.03517587939699,2
7.03517587939699,3
7.03517587939699,3
7.03517587939699,6
7.03517587939699,6
7.03517587939699,6
7.23618090452261,4
7.23618090452261,2
7.23618090452261,6
7.23618090452261,5
7.23618090452261,6
7.23618090452261,6
7.23618090452261,3
7.23618090452261,5
7.23618090452261,4
7.23618090452261,6
7.23618090452261,8
7.23618090452261,4
7.23618090452261,5
7.23618090452261,2
7.23618090452261,2
7.23618090452261,2
7.23618090452261,7
7.23618090452261,2
7.23618090452261,3
7.23618090452261,3
7.23618090452261,4
7.23618090452261,6
7.23618090452261,7
7.23618090452261,4
7.23618090452261,6
7.23618090452261,8
7.23618090452261,3
7.23618090452261,2
7.23618090452261,5
7.23618090452261,3
7.23618090452261,5
7.23618090452261,8
7.23618090452261,3
7.23618090452261,6
7.23618090452261,5
7.23618090452261,4
7.23618090452261,8
7.23618090452261,4
7.23618090452261,5
7.23618090452261,8
7.23618090452261,7
7.23618090452261,4
7.23618090452261,3
7.23618090452261,7
7.23618090452261,7
7.23618090452261,8
7.23618090452261,2
7.23618090452261,6
7.23618090452261,8
7.23618090452261,2
7.23618090452261,10
7.23618090452261,2
7.23618090452261,2
7.23618090452261,5
7.23618090452261,5
7.23618090452261,8
7.23618090452261,6
7.23618090452261,4
7.23618090452261,5
7.23618090452261,3
7.23618090452261,2
7.23618090452261,2
7.23618090452261,8
7.23618090452261,5
7.23618090452261,2
7.23618090452261,4
7.23618090452261,5
7.23618090452261,4
7.23618090452261,7
7.23618090452261,8
7.23618090452261,7
7.23618090452261,2
7.23618090452261,11
7.23618090452261,4
7.23618090452261,4
7.23618090452261,5
7.23618090452261,6
7.23618090452261,6
7.23618090452261,4
7.23618090452261,5
7.23618090452261,1
7.23618090452261,3
7.23618090452261,4
7.23618090452261,4
7.23618090452261,1
7.23618090452261,7
7.23618090452261,2
7.23618090452261,5
7.23618090452261,2
7.23618090452261,5
7.23618090452261,7
7.23618090452261,4
7.23618090452261,5
7.23618090452261,6
7.23618090452261,1
7.23618090452261,8
7.23618090452261,9
7.23618090452261,7
7.23618090452261,5
7.23618090452261,4
7.23618090452261,6
7.23618090452261,5
7.23618090452261,3
7.23618090452261,6
7.23618090452261,1
7.23618090452261,3
7.23618090452261,4
7.23618090452261,1
7.23618090452261,7
7.23618090452261,6
7.23618090452261,5
7.23618090452261,4
7.23618090452261,7
7.23618090452261,10
7.23618090452261,5
7.23618090452261,3
7.23618090452261,4
7.23618090452261,9
7.23618090452261,5
7.23618090452261,7
7.23618090452261,2
7.23618090452261,5
7.23618090452261,7
7.23618090452261,6
7.23618090452261,3
7.23618090452261,1
7.23618090452261,4
7.23618090452261,5
7.23618090452261,9
7.23618090452261,3
7.23618090452261,2
7.23618090452261,6
7.23618090452261,3
7.23618090452261,5
7.23618090452261,5
7.23618090452261,2
7.23618090452261,7
7.23618090452261,7
7.23618090452261,7
7.23618090452261,11
7.23618090452261,9
7.23618090452261,2
7.23618090452261,11
7.23618090452261,3
7.23618090452261,8
7.23618090452261,6
7.23618090452261,6
7.23618090452261,4
7.23618090452261,5
7.23618090452261,9
7.23618090452261,6
7.23618090452261,6
7.23618090452261,7
7.23618090452261,2
7.23618090452261,10
7.23618090452261,5
7.23618090452261,4
7.23618090452261,5
7.23618090452261,5
7.23618090452261,5
7.23618090452261,6
7.23618090452261,5
7.23618090452261,7
7.23618090452261,10
7.23618090452261,5
7.23618090452261,6
7.23618090452261,7
7.23618090452261,4
7.23618090452261,3
7.23618090452261,4
7.23618090452261,3
7.23618090452261,7
7.23618090452261,9
7.23618090452261,4
7.23618090452261,5
7.23618090452261,3
7.23618090452261,5
7.23618090452261,7
7.23618090452261,4
7.23618090452261,7
7.23618090452261,7
7.23618090452261,3
7.23618090452261,5
7.23618090452261,5
7.23618090452261,7
7.23618090452261,8
7.23618090452261,6
7.23618090452261,4
7.23618090452261,5
7.23618090452261,3
7.23618090452261,6
7.23618090452261,5
7.23618090452261,6
7.23618090452261,6
7.23618090452261,1
7.23618090452261,5
7.23618090452261,5
7.23618090452261,5
7.23618090452261,4
7.23618090452261,4
7.43718592964824,5
7.43718592964824,5
7.43718592964824,3
7.43718592964824,1
7.43718592964824,7
7.43718592964824,4
7.43718592964824,8
7.43718592964824,6
7.43718592964824,11
7.43718592964824,6
7.43718592964824,3
7.43718592964824,4
7.43718592964824,4
7.43718592964824,4
7.43718592964824,8
7.43718592964824,7
7.43718592964824,11
7.43718592964824,8
7.43718592964824,9
7.43718592964824,3
7.43718592964824,6
7.43718592964824,5
7.43718592964824,6
7.43718592964824,5
7.43718592964824,4
7.43718592964824,6
7.43718592964824,2
7.43718592964824,3
7.43718592964824,2
7.43718592964824,8
7.43718592964824,7
7.43718592964824,9
7.43718592964824,11
7.43718592964824,2
7.43718592964824,3
7.43718592964824,3
7.43718592964824,4
7.43718592964824,6
7.43718592964824,4
7.43718592964824,7
7.43718592964824,7
7.43718592964824,8
7.43718592964824,5
7.43718592964824,8
7.43718592964824,4
7.43718592964824,7
7.43718592964824,5
7.43718592964824,3
7.43718592964824,4
7.43718592964824,3
7.43718592964824,6
7.43718592964824,4
7.43718592964824,7
7.43718592964824,4
7.43718592964824,4
7.43718592964824,6
7.43718592964824,5
7.43718592964824,7
7.43718592964824,7
7.43718592964824,4
7.43718592964824,5
7.43718592964824,1
7.43718592964824,4
7.43718592964824,4
7.43718592964824,6
7.43718592964824,9
7.43718592964824,8
7.43718592964824,9
7.43718592964824,3
7.43718592964824,6
7.43718592964824,2
7.43718592964824,3
7.43718592964824,6
7.43718592964824,6
7.43718592964824,6
7.43718592964824,5
7.43718592964824,6
7.43718592964824,5
7.43718592964824,7
7.43718592964824,7
7.43718592964824,7
7.43718592964824,3
7.43718592964824,5
7.43718592964824,3
7.43718592964824,6
7.43718592964824,8
7.43718592964824,9
7.43718592964824,6
7.43718592964824,6
7.43718592964824,5
7.43718592964824,9
7.43718592964824,5
7.43718592964824,6
7.43718592964824,7
7.43718592964824,9
7.43718592964824,5
7.43718592964824,6
7.43718592964824,5
7.43718592964824,5
7.43718592964824,6
7.43718592964824,4
7.43718592964824,7
7.43718592964824,8
7.43718592964824,3
7.43718592964824,5
7.43718592964824,4
7.43718592964824,5
7.43718592964824,6
7.43718592964824,2
7.43718592964824,5
7.43718592964824,5
7.43718592964824,3
7.43718592964824,4
7.43718592964824,8
7.43718592964824,8
7.43718592964824,3
7.43718592964824,6
7.43718592964824,4
7.43718592964824,4
7.43718592964824,4
7.43718592964824,7
7.43718592964824,2
7.43718592964824,5
7.43718592964824,7
7.43718592964824,5
7.43718592964824,6
7.43718592964824,10
7.43718592964824,9
7.43718592964824,1
7.43718592964824,3
7.43718592964824,4
7.43718592964824,14
7.43718592964824,2
7.43718592964824,3
7.43718592964824,2
7.43718592964824,3
7.43718592964824,2
7.43718592964824,6
7.43718592964824,4
7.43718592964824,4
7.43718592964824,6
7.43718592964824,3
7.43718592964824,4
7.43718592964824,7
7.43718592964824,7
7.43718592964824,2
7.43718592964824,6
7.43718592964824,3
7.43718592964824,7
7.43718592964824,4
7.43718592964824,2
7.43718592964824,4
7.43718592964824,3
7.43718592964824,8
7.43718592964824,7
7.43718592964824,5
7.43718592964824,4
7.43718592964824,3
7.43718592964824,11
7.43718592964824,6
7.43718592964824,4
7.43718592964824,5
7.43718592964824,6
7.43718592964824,6
7.43718592964824,11
7.43718592964824,5
7.43718592964824,8
7.43718592964824,15
7.43718592964824,6
7.43718592964824,5
7.43718592964824,12
7.43718592964824,4
7.43718592964824,6
7.43718592964824,4
7.43718592964824,4
7.43718592964824,6
7.43718592964824,4
7.43718592964824,5
7.43718592964824,2
7.43718592964824,4
7.43718592964824,10
7.43718592964824,3
7.43718592964824,7
7.43718592964824,9
7.43718592964824,5
7.43718592964824,1
7.43718592964824,5
7.43718592964824,5
7.43718592964824,3
7.43718592964824,2
7.43718592964824,1
7.43718592964824,4
7.43718592964824,3
7.43718592964824,6
7.43718592964824,8
7.43718592964824,8
7.43718592964824,4
7.43718592964824,2
7.43718592964824,5
7.43718592964824,5
7.63819095477387,9
7.63819095477387,5
7.63819095477387,2
7.63819095477387,6
7.63819095477387,4
7.63819095477387,4
7.63819095477387,3
7.63819095477387,7
7.63819095477387,7
7.63819095477387,4
7.63819095477387,4
7.63819095477387,4
7.63819095477387,7
7.63819095477387,2
7.63819095477387,6
7.63819095477387,7
7.63819095477387,10
7.63819095477387,5
7.63819095477387,5
7.63819095477387,7
7.63819095477387,5
7.63819095477387,5
7.63819095477387,5
7.63819095477387,4
7.63819095477387,6
7.63819095477387,5
7.63819095477387,8
7.63819095477387,5
7.63819095477387,4
7.63819095477387,6
7.63819095477387,3
7.63819095477387,4
7.63819095477387,3
7.63819095477387,6
7.63819095477387,5
7.63819095477387,4
7.63819095477387,8
7.63819095477387,6
7.63819095477387,6
7.63819095477387,4
7.63819095477387,3
7.63819095477387,2
7.63819095477387,8
7.63819095477387,4
7.63819095477387,3
7.63819095477387,6
7.63819095477387,2
7.63819095477387,3
7.63819095477387,8
7.63819095477387,3
7.63819095477387,1
7.63819095477387,8
7.63819095477387,5
7.63819095477387,7
7.63819095477387,3
7.63819095477387,6
7.63819095477387,3
7.63819095477387,4
7.63819095477387,7
7.63819095477387,11
7.63819095477387,11
7.63819095477387,10
7.63819095477387,5
7.63819095477387,6
7.63819095477387,7
7.63819095477387,2
7.63819095477387,6
7.63819095477387,8
7.63819095477387,4
7.63819095477387,4
7.63819095477387,3
7.63819095477387,8
7.63819095477387,4
7.63819095477387,3
7.63819095477387,6
7.63819095477387,5
7.63819095477387,6
7.63819095477387,2
7.63819095477387,9
7.63819095477387,4
7.63819095477387,4
7.63819095477387,4
7.63819095477387,3
7.63819095477387,4
7.63819095477387,5
7.63819095477387,3
7.63819095477387,3
7.63819095477387,8
7.63819095477387,7
7.63819095477387,5
7.63819095477387,4
7.63819095477387,3
7.63819095477387,9
7.63819095477387,2
7.63819095477387,2
7.63819095477387,4
7.63819095477387,9
7.63819095477387,5
7.63819095477387,5
7.63819095477387,6
7.63819095477387,4
7.63819095477387,3
7.63819095477387,9
7.63819095477387,9
7.63819095477387,9
7.63819095477387,10
7.63819095477387,8
7.63819095477387,6
7.63819095477387,15
7.63819095477387,5
7.63819095477387,4
7.63819095477387,4
7.63819095477387,8
7.63819095477387,4
7.63819095477387,4
7.63819095477387,3
7.63819095477387,4
7.63819095477387,4
7.63819095477387,4
7.63819095477387,2
7.63819095477387,15
7.63819095477387,5
7.63819095477387,7
7.63819095477387,7
7.63819095477387,8
7.63819095477387,2
7.63819095477387,6
7.63819095477387,2
7.63819095477387,5
7.63819095477387,4
7.63819095477387,5
7.63819095477387,4
7.63819095477387,3
7.63819095477387,5
7.63819095477387,7
7.63819095477387,2
7.63819095477387,7
7.63819095477387,5
7.63819095477387,7
7.63819095477387,5
7.63819095477387,5
7.63819095477387,4
7.63819095477387,5
7.63819095477387,5
7.63819095477387,4
7.63819095477387,5
7.63819095477387,6
7.63819095477387,4
7.63819095477387,8
7.63819095477387,5
7.63819095477387,7
7.63819095477387,4
7.63819095477387,5
7.63819095477387,11
7.63819095477387,2
7.63819095477387,4
7.63819095477387,2
7.63819095477387,5
7.63819095477387,8
7.63819095477387,5
7.63819095477387,4
7.63819095477387,4
7.63819095477387,6
7.63819095477387,2
7.63819095477387,8
7.63819095477387,3
7.63819095477387,6
7.63819095477387,5
7.63819095477387,2
7.63819095477387,6
7.63819095477387,2
7.63819095477387,5
7.63819095477387,12
7.63819095477387,4
7.63819095477387,4
7.63819095477387,5
7.63819095477387,6
7.63819095477387,4
7.63819095477387,3
7.63819095477387,5
7.63819095477387,11
7.63819095477387,4
7.63819095477387,3
7.63819095477387,7
7.63819095477387,8
7.63819095477387,5
7.63819095477387,3
7.63819095477387,3
7.63819095477387,7
7.63819095477387,6
7.63819095477387,7
7.63819095477387,8
7.63819095477387,6
7.63819095477387,8
7.63819095477387,6
7.63819095477387,9
7.63819095477387,3
7.63819095477387,3
7.63819095477387,6
7.63819095477387,2
7.8391959798995,5
7.8391959798995,4
7.8391959798995,7
7.8391959798995,1
7.8391959798995,6
7.8391959798995,4
7.8391959798995,3
7.8391959798995,7
7.8391959798995,3
7.8391959798995,8
7.8391959798995,7
7.8391959798995,4
7.8391959798995,4
7.8391959798995,8
7.8391959798995,4
7.8391959798995,5
7.8391959798995,3
7.8391959798995,2
7.8391959798995,4
7.8391959798995,8
7.8391959798995,5
7.8391959798995,7
7.8391959798995,5
7.8391959798995,2
7.8391959798995,4
7.8391959798995,5
7.8391959798995,7
7.8391959798995,3
7.8391959798995,9
7.8391959798995,8
7.8391959798995,4
7.8391959798995,1
7.8391959798995,7
7.8391959798995,7
7.8391959798995,9
7.8391959798995,4
7.8391959798995,4
7.8391959798995,1
7.8391959798995,5
7.8391959798995,6
7.8391959798995,5
7.8391959798995,1
7.8391959798995,2
7.8391959798995,8
7.8391959798995,7
7.8391959798995,9
7.8391959798995,6
7.8391959798995,9
7.8391959798995,5
7.8391959798995,4
7.8391959798995,5
7.8391959798995,8
7.8391959798995,7
7.8391959798995,6
7.8391959798995,6
7.8391959798995,6
7.8391959798995,8
7.8391959798995,2
7.8391959798995,3
7.8391959798995,3
7.8391959798995,4
7.8391959798995,5
7.8391959798995,8
7.8391959798995,4
7.8391959798995,2
7.8391959798995,5
7.8391959798995,5
7.8391959798995,2
7.8391959798995,7
7.8391959798995,2
7.8391959798995,4
7.8391959798995,5
7.8391959798995,7
7.8391959798995,7
7.8391959798995,4
7.8391959798995,5
7.8391959798995,6
7.8391959798995,3
7.8391959798995,4
7.8391959798995,2
7.8391959798995,6
7.8391959798995,9
7.8391959798995,6
7.8391959798995,6
7.8391959798995,4
7.8391959798995,8
7.8391959798995,3
7.8391959798995,8
7.8391959798995,4
7.8391959798995,8
7.8391959798995,3
7.8391959798995,3
7.8391959798995,6
7.8391959798995,2
7.8391959798995,5
7.8391959798995,6
7.8391959798995,8
7.8391959798995,4
7.8391959798995,4
7.8391959798995,4
7.8391959798995,12
7.8391959798995,6
7.8391959798995,7
7.8391959798995,7
7.8391959798995,3
7.8391959798995,2
7.8391959798995,6
7.8391959798995,4
7.8391959798995,6
7.8391959798995,9
7.8391959798995,8
7.8391959798995,3
7.8391959798995,4
7.8391959798995,4
7.8391959798995,10
7.8391959798995,7
7.8391959798995,12
7.8391959798995,3
7.8391959798995,4
7.8391959798995,6
7.8391959798995,3
7.8391959798995,6
7.8391959798995,3
7.8391959798995,5
7.8391959798995,8
7.8391959798995,8
7.8391959798995,8
7.8391959798995,5
7.8391959798995,2
7.8391959798995,5
7.8391959798995,3
7.8391959798995,9
7.8391959798995,3
7.8391959798995,4
7.8391959798995,3
7.8391959798995,6
7.8391959798995,7
7.8391959798995,6
7.8391959798995,7
7.8391959798995,4
7.8391959798995,2
7.8391959798995,7
7.8391959798995,3
7.8391959798995,8
7.8391959798995,5
7.8391959798995,3
7.8391959798995,3
7.8391959798995,8
7.8391959798995,3
7.8391959798995,4
7.8391959798995,5
7.8391959798995,5
7.8391959798995,8
7.8391959798995,11
7.8391959798995,8
7.8391959798995,3
7.8391959798995,4
7.8391959798995,1
7.8391959798995,3
7.8391959798995,4
7.8391959798995,3
7.8391959798995,9
7.8391959798995,4
7.8391959798995,4
7.8391959798995,13
7.8391959798995,8
7.8391959798995,4
7.8391959798995,2
7.8391959798995,3
7.8391959798995,5
7.8391959798995,7
7.8391959798995,3
7.8391959798995,2
7.8391959798995,4
7.8391959798995,0
7.8391959798995,8
7.8391959798995,4
7.8391959798995,4
7.8391959798995,4
7.8391959798995,6
7.8391959798995,6
7.8391959798995,8
7.8391959798995,5
7.8391959798995,7
7.8391959798995,4
7.8391959798995,7
7.8391959798995,10
7.8391959798995,5
7.8391959798995,6
7.8391959798995,3
7.8391959798995,4
7.8391959798995,10
7.8391959798995,9
7.8391959798995,3
7.8391959798995,4
7.8391959798995,8
7.8391959798995,9
7.8391959798995,3
7.8391959798995,7
7.8391959798995,4
8.04020100502512,9
8.04020100502512,7
8.04020100502512,6
8.04020100502512,3
8.04020100502512,8
8.04020100502512,4
8.04020100502512,7
8.04020100502512,7
8.04020100502512,1
8.04020100502512,8
8.04020100502512,3
8.04020100502512,3
8.04020100502512,7
8.04020100502512,6
8.04020100502512,5
8.04020100502512,6
8.04020100502512,3
8.04020100502512,3
8.04020100502512,7
8.04020100502512,9
8.04020100502512,8
8.04020100502512,8
8.04020100502512,10
8.04020100502512,9
8.04020100502512,7
8.04020100502512,8
8.04020100502512,6
8.04020100502512,9
8.04020100502512,5
8.04020100502512,7
8.04020100502512,5
8.04020100502512,4
8.04020100502512,7
8.04020100502512,2
8.04020100502512,1
8.04020100502512,7
8.04020100502512,7
8.04020100502512,9
8.04020100502512,6
8.04020100502512,5
8.04020100502512,6
8.04020100502512,6
8.04020100502512,7
8.04020100502512,7
8.04020100502512,5
8.04020100502512,3
8.04020100502512,5
8.04020100502512,5
8.04020100502512,4
8.04020100502512,3
8.04020100502512,8
8.04020100502512,6
8.04020100502512,6
8.04020100502512,3
8.04020100502512,7
8.04020100502512,2
8.04020100502512,5
8.04020100502512,5
8.04020100502512,3
8.04020100502512,3
8.04020100502512,6
8.04020100502512,9
8.04020100502512,1
8.04020100502512,6
8.04020100502512,6
8.04020100502512,4
8.04020100502512,7
8.04020100502512,6
8.04020100502512,3
8.04020100502512,9
8.04020100502512,8
8.04020100502512,8
8.04020100502512,4
8.04020100502512,5
8.04020100502512,5
8.04020100502512,6
8.04020100502512,5
8.04020100502512,10
8.04020100502512,4
8.04020100502512,5
8.04020100502512,6
8.04020100502512,5
8.04020100502512,4
8.04020100502512,8
8.04020100502512,2
8.04020100502512,2
8.04020100502512,3
8.04020100502512,3
8.04020100502512,9
8.04020100502512,4
8.04020100502512,6
8.04020100502512,7
8.04020100502512,5
8.04020100502512,10
8.04020100502512,5
8.04020100502512,8
8.04020100502512,11
8.04020100502512,5
8.04020100502512,6
8.04020100502512,4
8.04020100502512,7
8.04020100502512,5
8.04020100502512,7
8.04020100502512,3
8.04020100502512,9
8.04020100502512,9
8.04020100502512,4
8.04020100502512,5
8.04020100502512,7
8.04020100502512,2
8.04020100502512,6
8.04020100502512,5
8.04020100502512,5
8.04020100502512,6
8.04020100502512,7
8.04020100502512,2
8.04020100502512,4
8.04020100502512,5
8.04020100502512,5
8.04020100502512,9
8.04020100502512,10
8.04020100502512,4
8.04020100502512,2
8.04020100502512,12
8.04020100502512,4
8.04020100502512,5
8.04020100502512,8
8.04020100502512,4
8.04020100502512,8
8.04020100502512,6
8.04020100502512,11
8.04020100502512,10
8.04020100502512,7
8.04020100502512,4
8.04020100502512,6
8.04020100502512,6
8.04020100502512,4
8.04020100502512,4
8.04020100502512,4
8.04020100502512,8
8.04020100502512,15
8.04020100502512,5
8.04020100502512,4
8.04020100502512,10
8.04020100502512,4
8.04020100502512,5
8.04020100502512,8
8.04020100502512,8
8.04020100502512,3
8.04020100502512,7
8.04020100502512,4
8.04020100502512,5
8.04020100502512,9
8.04020100502512,4
8.04020100502512,5
8.04020100502512,8
8.04020100502512,5
8.04020100502512,9
8.04020100502512,3
8.04020100502512,5
8.04020100502512,5
8.04020100502512,5
8.04020100502512,2
8.04020100502512,9
8.04020100502512,9
8.04020100502512,10
8.04020100502512,6
8.04020100502512,7
8.04020100502512,6
8.04020100502512,1
8.04020100502512,6
8.04020100502512,3
8.04020100502512,3
8.04020100502512,5
8.04020100502512,10
8.04020100502512,12
8.04020100502512,8
8.04020100502512,4
8.04020100502512,4
8.04020100502512,5
8.04020100502512,6
8.04020100502512,5
8.04020100502512,7
8.04020100502512,5
8.04020100502512,8
8.04020100502512,3
8.04020100502512,6
8.04020100502512,3
8.04020100502512,6
8.04020100502512,8
8.04020100502512,2
8.04020100502512,7
8.04020100502512,5
8.04020100502512,5
8.04020100502512,9
8.04020100502512,4
8.04020100502512,12
8.04020100502512,5
8.04020100502512,8
8.04020100502512,3
8.24120603015075,2
8.24120603015075,7
8.24120603015075,5
8.24120603015075,5
8.24120603015075,5
8.24120603015075,9
8.24120603015075,3
8.24120603015075,5
8.24120603015075,4
8.24120603015075,9
8.24120603015075,6
8.24120603015075,11
8.24120603015075,7
8.24120603015075,2
8.24120603015075,4
8.24120603015075,2
8.24120603015075,7
8.24120603015075,5
8.24120603015075,7
8.24120603015075,6
8.24120603015075,9
8.24120603015075,6
8.24120603015075,7
8.24120603015075,5
8.24120603015075,6
8.24120603015075,4
8.24120603015075,5
8.24120603015075,3
8.24120603015075,3
8.24120603015075,4
8.24120603015075,2
8.24120603015075,6
8.24120603015075,5
8.24120603015075,4
8.24120603015075,5
8.24120603015075,6
8.24120603015075,2
8.24120603015075,1
8.24120603015075,8
8.24120603015075,5
8.24120603015075,8
8.24120603015075,5
8.24120603015075,3
8.24120603015075,3
8.24120603015075,1
8.24120603015075,5
8.24120603015075,4
8.24120603015075,7
8.24120603015075,11
8.24120603015075,5
8.24120603015075,8
8.24120603015075,5
8.24120603015075,7
8.24120603015075,5
8.24120603015075,7
8.24120603015075,4
8.24120603015075,5
8.24120603015075,9
8.24120603015075,3
8.24120603015075,5
8.24120603015075,6
8.24120603015075,4
8.24120603015075,5
8.24120603015075,5
8.24120603015075,4
8.24120603015075,4
8.24120603015075,7
8.24120603015075,4
8.24120603015075,6
8.24120603015075,7
8.24120603015075,5
8.24120603015075,4
8.24120603015075,6
8.24120603015075,2
8.24120603015075,6
8.24120603015075,5
8.24120603015075,6
8.24120603015075,5
8.24120603015075,11
8.24120603015075,4
8.24120603015075,7
8.24120603015075,5
8.24120603015075,3
8.24120603015075,2
8.24120603015075,2
8.24120603015075,7
8.24120603015075,4
8.24120603015075,9
8.24120603015075,4
8.24120603015075,5
8.24120603015075,6
8.24120603015075,9
8.24120603015075,10
8.24120603015075,2
8.24120603015075,7
8.24120603015075,5
8.24120603015075,5
8.24120603015075,4
8.24120603015075,3
8.24120603015075,5
8.24120603015075,7
8.24120603015075,3
8.24120603015075,9
8.24120603015075,7
8.24120603015075,8
8.24120603015075,8
8.24120603015075,4
8.24120603015075,4
8.24120603015075,11
8.24120603015075,6
8.24120603015075,2
8.24120603015075,2
8.24120603015075,2
8.24120603015075,7
8.24120603015075,5
8.24120603015075,7
8.24120603015075,4
8.24120603015075,10
8.24120603015075,4
8.24120603015075,5
8.24120603015075,8
8.24120603015075,3
8.24120603015075,2
8.24120603015075,5
8.24120603015075,3
8.24120603015075,8
8.24120603015075,4
8.24120603015075,8
8.24120603015075,5
8.24120603015075,9
8.24120603015075,8
8.24120603015075,9
8.24120603015075,4
8.24120603015075,6
8.24120603015075,6
8.24120603015075,9
8.24120603015075,5
8.24120603015075,7
8.24120603015075,5
8.24120603015075,5
8.24120603015075,7
8.24120603015075,2
8.24120603015075,4
8.24120603015075,5
8.24120603015075,10
8.24120603015075,4
8.24120603015075,3
8.24120603015075,7
8.24120603015075,3
8.24120603015075,4
8.24120603015075,5
8.24120603015075,2
8.24120603015075,8
8.24120603015075,4
8.24120603015075,8
8.24120603015075,5
8.24120603015075,9
8.24120603015075,6
8.24120603015075,6
8.24120603015075,11
8.24120603015075,10
8.24120603015075,6
8.24120603015075,4
8.24120603015075,2
8.24120603015075,2
8.24120603015075,3
8.24120603015075,5
8.24120603015075,4
8.24120603015075,4
8.24120603015075,5
8.24120603015075,4
8.24120603015075,7
8.24120603015075,4
8.24120603015075,5
8.24120603015075,5
8.24120603015075,4
8.24120603015075,6
8.24120603015075,12
8.24120603015075,6
8.24120603015075,5
8.24120603015075,5
8.24120603015075,4
8.24120603015075,4
8.24120603015075,7
8.24120603015075,9
8.24120603015075,7
8.24120603015075,6
8.24120603015075,5
8.24120603015075,4
8.24120603015075,3
8.24120603015075,5
8.24120603015075,4
8.24120603015075,4
8.24120603015075,9
8.24120603015075,4
8.24120603015075,5
8.24120603015075,5
8.24120603015075,4
8.24120603015075,3
8.24120603015075,4
8.44221105527638,8
8.44221105527638,9
8.44221105527638,8
8.44221105527638,8
8.44221105527638,7
8.44221105527638,6
8.44221105527638,3
8.44221105527638,6
8.44221105527638,7
8.44221105527638,4
8.44221105527638,7
8.44221105527638,6
8.44221105527638,4
8.44221105527638,8
8.44221105527638,6
8.44221105527638,4
8.44221105527638,6
8.44221105527638,11
8.44221105527638,6
8.44221105527638,7
8.44221105527638,3
8.44221105527638,1
8.44221105527638,3
8.44221105527638,7
8.44221105527638,9
8.44221105527638,6
8.44221105527638,5
8.44221105527638,7
8.44221105527638,6
8.44221105527638,5
8.44221105527638,2
8.44221105527638,3
8.44221105527638,5
8.44221105527638,4
8.44221105527638,8
8.44221105527638,5
8.44221105527638,7
8.44221105527638,5
8.44221105527638,5
8.44221105527638,9
8.44221105527638,3
8.44221105527638,4
8.44221105527638,6
8.44221105527638,8
8.44221105527638,2
8.44221105527638,4
8.44221105527638,7
8.44221105527638,6
8.44221105527638,7
8.44221105527638,8
8.44221105527638,10
8.44221105527638,9
8.44221105527638,10
8.44221105527638,4
8.44221105527638,9
8.44221105527638,5
8.44221105527638,6
8.44221105527638,6
8.44221105527638,9
8.44221105527638,5
8.44221105527638,5
8.44221105527638,6
8.44221105527638,7
8.44221105527638,4
8.44221105527638,7
8.44221105527638,6
8.44221105527638,2
8.44221105527638,8
8.44221105527638,5
8.44221105527638,12
8.44221105527638,6
8.44221105527638,4
8.44221105527638,7
8.44221105527638,6
8.44221105527638,7
8.44221105527638,7
8.44221105527638,6
8.44221105527638,3
8.44221105527638,5
8.44221105527638,4
8.44221105527638,7
8.44221105527638,11
8.44221105527638,1
8.44221105527638,4
8.44221105527638,9
8.44221105527638,3
8.44221105527638,5
8.44221105527638,5
8.44221105527638,4
8.44221105527638,4
8.44221105527638,6
8.44221105527638,7
8.44221105527638,7
8.44221105527638,9
8.44221105527638,11
8.44221105527638,13
8.44221105527638,6
8.44221105527638,6
8.44221105527638,5
8.44221105527638,9
8.44221105527638,8
8.44221105527638,10
8.44221105527638,3
8.44221105527638,5
8.44221105527638,1
8.44221105527638,6
8.44221105527638,7
8.44221105527638,7
8.44221105527638,8
8.44221105527638,6
8.44221105527638,5
8.44221105527638,5
8.44221105527638,8
8.44221105527638,3
8.44221105527638,5
8.44221105527638,11
8.44221105527638,7
8.44221105527638,5
8.44221105527638,6
8.44221105527638,8
8.44221105527638,8
8.44221105527638,5
8.44221105527638,4
8.44221105527638,5
8.44221105527638,8
8.44221105527638,1
8.44221105527638,14
8.44221105527638,4
8.44221105527638,8
8.44221105527638,8
8.44221105527638,7
8.44221105527638,7
8.44221105527638,5
8.44221105527638,9
8.44221105527638,3
8.44221105527638,8
8.44221105527638,5
8.44221105527638,6
8.44221105527638,8
8.44221105527638,3
8.44221105527638,5
8.44221105527638,3
8.44221105527638,11
8.44221105527638,6
8.44221105527638,9
8.44221105527638,8
8.44221105527638,8
8.44221105527638,4
8.44221105527638,5
8.44221105527638,10
8.44221105527638,3
8.44221105527638,8
8.44221105527638,9
8.44221105527638,3
8.44221105527638,3
8.44221105527638,3
8.44221105527638,8
8.44221105527638,5
8.44221105527638,5
8.44221105527638,3
8.44221105527638,6
8.44221105527638,7
8.44221105527638,7
8.44221105527638,4
8.44221105527638,5
8.44221105527638,6
8.44221105527638,7
8.44221105527638,8
8.44221105527638,8
8.44221105527638,8
8.44221105527638,9
8.44221105527638,9
8.44221105527638,5
8.44221105527638,7
8.44221105527638,13
8.44221105527638,4
8.44221105527638,4
8.44221105527638,10
8.44221105527638,3
8.44221105527638,4
8.44221105527638,10
8.44221105527638,6
8.44221105527638,4
8.44221105527638,5
8.44221105527638,6
8.44221105527638,12
8.44221105527638,4
8.44221105527638,3
8.44221105527638,3
8.44221105527638,5
8.44221105527638,11
8.44221105527638,3
8.44221105527638,5
8.44221105527638,9
8.44221105527638,4
8.44221105527638,9
8.44221105527638,8
8.44221105527638,5
8.44221105527638,5
8.44221105527638,5
8.64321608040201,5
8.64321608040201,4
8.64321608040201,5
8.64321608040201,7
8.64321608040201,7
8.64321608040201,5
8.64321608040201,6
8.64321608040201,4
8.64321608040201,5
8.64321608040201,5
8.64321608040201,3
8.64321608040201,5
8.64321608040201,6
8.64321608040201,6
8.64321608040201,6
8.64321608040201,5
8.64321608040201,4
8.64321608040201,2
8.64321608040201,9
8.64321608040201,11
8.64321608040201,3
8.64321608040201,11
8.64321608040201,5
8.64321608040201,10
8.64321608040201,6
8.64321608040201,6
8.64321608040201,7
8.64321608040201,7
8.64321608040201,5
8.64321608040201,9
8.64321608040201,4
8.64321608040201,6
8.64321608040201,8
8.64321608040201,6
8.64321608040201,3
8.64321608040201,9
8.64321608040201,7
8.64321608040201,7
8.64321608040201,4
8.64321608040201,5
8.64321608040201,2
8.64321608040201,5
8.64321608040201,7
8.64321608040201,8
8.64321608040201,1
8.64321608040201,6
8.64321608040201,7
8.64321608040201,11
8.64321608040201,5
8.64321608040201,8
8.64321608040201,7
8.64321608040201,7
8.64321608040201,5
8.64321608040201,9
8.64321608040201,4
8.64321608040201,4
8.64321608040201,5
8.64321608040201,7
8.64321608040201,6
8.64321608040201,3
8.64321608040201,3
8.64321608040201,3
8.64321608040201,4
8.64321608040201,4
8.64321608040201,5
8.64321608040201,5
8.64321608040201,5
8.64321608040201,8
8.64321608040201,6
8.64321608040201,3
8.64321608040201,12
8.64321608040201,4
8.64321608040201,4
8.64321608040201,1
8.64321608040201,11
8.64321608040201,10
8.64321608040201,7
8.64321608040201,6
8.64321608040201,4
8.64321608040201,8
8.64321608040201,7
8.64321608040201,6
8.64321608040201,8
8.64321608040201,8
8.64321608040201,6
8.64321608040201,7
8.64321608040201,14
8.64321608040201,7
8.64321608040201,7
8.64321608040201,13
8.64321608040201,6
8.64321608040201,10
8.64321608040201,9
8.64321608040201,11
8.64321608040201,4
8.64321608040201,4
8.64321608040201,4
8.64321608040201,2
8.64321608040201,5
8.64321608040201,10
8.64321608040201,9
8.64321608040201,6
8.64321608040201,6
8.64321608040201,5
8.64321608040201,5
8.64321608040201,4
8.64321608040201,2
8.64321608040201,4
8.64321608040201,6
8.64321608040201,8
8.64321608040201,5
8.64321608040201,3
8.64321608040201,2
8.64321608040201,4
8.64321608040201,6
8.64321608040201,14
8.64321608040201,7
8.64321608040201,4
8.64321608040201,6
8.64321608040201,10
8.64321608040201,5
8.64321608040201,5
8.64321608040201,7
8.64321608040201,8
8.64321608040201,6
8.64321608040201,7
8.64321608040201,2
8.64321608040201,4
8.64321608040201,8
8.64321608040201,6
8.64321608040201,7
8.64321608040201,4
8.64321608040201,4
8.64321608040201,7
8.64321608040201,7
8.64321608040201,6
8.64321608040201,7
8.64321608040201,7
8.64321608040201,5
8.64321608040201,7
8.64321608040201,10
8.64321608040201,4
8.64321608040201,10
8.64321608040201,3
8.64321608040201,8
8.64321608040201,9
8.64321608040201,4
8.64321608040201,4
8.64321608040201,10
8.64321608040201,4
8.64321608040201,8
8.64321608040201,6
8.64321608040201,5
8.64321608040201,5
8.64321608040201,5
8.64321608040201,6
8.64321608040201,5
8.64321608040201,7
8.64321608040201,6
8.64321608040201,7
8.64321608040201,7
8.64321608040201,10
8.64321608040201,9
8.64321608040201,4
8.64321608040201,3
8.64321608040201,6
8.64321608040201,7
8.64321608040201,11
8.64321608040201,4
8.64321608040201,2
8.64321608040201,5
8.64321608040201,6
8.64321608040201,7
8.64321608040201,5
8.64321608040201,7
8.64321608040201,8
8.64321608040201,11
8.64321608040201,5
8.64321608040201,14
8.64321608040201,4
8.64321608040201,7
8.64321608040201,7
8.64321608040201,8
8.64321608040201,8
8.64321608040201,6
8.64321608040201,4
8.64321608040201,4
8.64321608040201,8
8.64321608040201,4
8.64321608040201,7
8.64321608040201,7
8.64321608040201,6
8.64321608040201,5
8.64321608040201,6
8.64321608040201,5
8.64321608040201,5
8.64321608040201,4
8.64321608040201,8
8.64321608040201,4
8.64321608040201,5
8.84422110552764,3
8.84422110552764,6
8.84422110552764,6
8.84422110552764,4
8.84422110552764,9
8.84422110552764,4
8.84422110552764,4
8.84422110552764,2
8.84422110552764,4
8.84422110552764,4
8.84422110552764,6
8.84422110552764,5
8.84422110552764,4
8.84422110552764,10
8.84422110552764,8
8.84422110552764,6
8.84422110552764,5
8.84422110552764,5
8.84422110552764,5
8.84422110552764,5
8.84422110552764,10
8.84422110552764,6
8.84422110552764,9
8.84422110552764,5
8.84422110552764,8
8.84422110552764,3
8.84422110552764,8
8.84422110552764,7
8.84422110552764,10
8.84422110552764,5
8.84422110552764,4
8.84422110552764,8
8.84422110552764,6
8.84422110552764,6
8.84422110552764,3
8.84422110552764,7
8.84422110552764,3
8.84422110552764,7
8.84422110552764,3
8.84422110552764,9
8.84422110552764,10
8.84422110552764,7
8.84422110552764,7
8.84422110552764,4
8.84422110552764,6
8.84422110552764,9
8.84422110552764,7
8.84422110552764,6
8.84422110552764,8
8.84422110552764,4
8.84422110552764,7
8.84422110552764,11
8.84422110552764,5
8.84422110552764,2
8.84422110552764,7
8.84422110552764,6
8.84422110552764,9
8.84422110552764,4
8.84422110552764,6
8.84422110552764,5
8.84422110552764,0
8.84422110552764,8
8.84422110552764,2
8.84422110552764,7
8.84422110552764,6
8.84422110552764,6
8.84422110552764,2
8.84422110552764,8
8.84422110552764,7
8.84422110552764,6
8.84422110552764,5
8.84422110552764,7
8.84422110552764,7
8.84422110552764,5
8.84422110552764,6
8.84422110552764,10
8.84422110552764,3
8.84422110552764,4
8.84422110552764,5
8.84422110552764,7
8.84422110552764,10
8.84422110552764,6
8.84422110552764,4
8.84422110552764,7
8.84422110552764,4
8.84422110552764,4
8.84422110552764,11
8.84422110552764,3
8.84422110552764,7
8.84422110552764,5
8.84422110552764,6
8.84422110552764,4
8.84422110552764,7
8.84422110552764,5
8.84422110552764,7
8.84422110552764,5
8.84422110552764,8
8.84422110552764,6
8.84422110552764,6
8.84422110552764,5
8.84422110552764,10
8.84422110552764,4
8.84422110552764,5
8.84422110552764,4
8.84422110552764,7
8.84422110552764,7
8.84422110552764,10
8.84422110552764,6
8.84422110552764,6
8.84422110552764,9
8.84422110552764,4
8.84422110552764,10
8.84422110552764,4
8.84422110552764,3
8.84422110552764,3
8.84422110552764,11
8.84422110552764,7
8.84422110552764,5
8.84422110552764,2
8.84422110552764,6
8.84422110552764,6
8.84422110552764,7
8.84422110552764,5
8.84422110552764,4
8.84422110552764,11
8.84422110552764,6
8.84422110552764,4
8.84422110552764,6
8.84422110552764,7
8.84422110552764,8
8.84422110552764,6
8.84422110552764,4
8.84422110552764,4
8.84422110552764,7
8.84422110552764,2
8.84422110552764,3
8.84422110552764,8
8.84422110552764,5
8.84422110552764,4
8.84422110552764,6
8.84422110552764,7
8.84422110552764,8
8.84422110552764,6
8.84422110552764,6
8.84422110552764,9
8.84422110552764,9
8.84422110552764,4
8.84422110552764,7
8.84422110552764,5
8.84422110552764,4
8.84422110552764,7
8.84422110552764,8
8.84422110552764,6
8.84422110552764,5
8.84422110552764,4
8.84422110552764,4
8.84422110552764,2
8.84422110552764,1
8.84422110552764,5
8.84422110552764,6
8.84422110552764,7
8.84422110552764,6
8.84422110552764,3
8.84422110552764,5
8.84422110552764,8
8.84422110552764,6
8.84422110552764,8
8.84422110552764,6
8.84422110552764,7
8.84422110552764,9
8.84422110552764,8
8.84422110552764,8
8.84422110552764,2
8.84422110552764,2
8.84422110552764,7
8.84422110552764,5
8.84422110552764,12
8.84422110552764,6
8.84422110552764,12
8.84422110552764,3
8.84422110552764,5
8.84422110552764,8
8.84422110552764,10
8.84422110552764,5
8.84422110552764,5
8.84422110552764,3
8.84422110552764,8
8.84422110552764,7
8.84422110552764,4
8.84422110552764,7
8.84422110552764,4
8.84422110552764,3
8.84422110552764,8
8.84422110552764,11
8.84422110552764,6
8.84422110552764,5
8.84422110552764,2
8.84422110552764,5
8.84422110552764,4
8.84422110552764,8
9.04522613065327,9
9.04522613065327,2
9.04522613065327,7
9.04522613065327,7
9.04522613065327,4
9.04522613065327,5
9.04522613065327,6
9.04522613065327,7
9.04522613065327,9
9.04522613065327,8
9.04522613065327,2
9.04522613065327,9
9.04522613065327,9
9.04522613065327,8
9.04522613065327,5
9.04522613065327,9
9.04522613065327,8
9.04522613065327,1
9.04522613065327,7
9.04522613065327,5
9.04522613065327,6
9.04522613065327,8
9.04522613065327,6
9.04522613065327,11
9.04522613065327,4
9.04522613065327,7
9.04522613065327,7
9.04522613065327,3
9.04522613065327,5
9.04522613065327,9
9.04522613065327,7
9.04522613065327,5
9.04522613065327,5
9.04522613065327,7
9.04522613065327,8
9.04522613065327,9
9.04522613065327,7
9.04522613065327,5
9.04522613065327,3
9.04522613065327,6
9.04522613065327,6
9.04522613065327,8
9.04522613065327,4
9.04522613065327,7
9.04522613065327,6
9.04522613065327,11
9.04522613065327,1
9.04522613065327,5
9.04522613065327,9
9.04522613065327,4
9.04522613065327,2
9.04522613065327,8
9.04522613065327,7
9.04522613065327,3
9.04522613065327,8
9.04522613065327,5
9.04522613065327,2
9.04522613065327,9
9.04522613065327,8
9.04522613065327,2
9.04522613065327,5
9.04522613065327,5
9.04522613065327,10
9.04522613065327,2
9.04522613065327,6
9.04522613065327,4
9.04522613065327,6
9.04522613065327,8
9.04522613065327,10
9.04522613065327,7
9.04522613065327,5
9.04522613065327,5
9.04522613065327,8
9.04522613065327,7
9.04522613065327,2
9.04522613065327,7
9.04522613065327,5
9.04522613065327,4
9.04522613065327,5
9.04522613065327,6
9.04522613065327,10
9.04522613065327,7
9.04522613065327,11
9.04522613065327,5
9.04522613065327,7
9.04522613065327,3
9.04522613065327,5
9.04522613065327,6
9.04522613065327,7
9.04522613065327,8
9.04522613065327,3
9.04522613065327,8
9.04522613065327,4
9.04522613065327,3
9.04522613065327,4
9.04522613065327,7
9.04522613065327,4
9.04522613065327,2
9.04522613065327,7
9.04522613065327,6
9.04522613065327,5
9.04522613065327,4
9.04522613065327,10
9.04522613065327,5
9.04522613065327,11
9.04522613065327,5
9.04522613065327,8
9.04522613065327,9
9.04522613065327,3
9.04522613065327,5
9.04522613065327,3
9.04522613065327,6
9.04522613065327,7
9.04522613065327,4
9.04522613065327,4
9.04522613065327,6
9.04522613065327,7
9.04522613065327,6
9.04522613065327,5
9.04522613065327,4
9.04522613065327,6
9.04522613065327,3
9.04522613065327,11
9.04522613065327,6
9.04522613065327,5
9.04522613065327,7
9.04522613065327,6
9.04522613065327,3
9.04522613065327,6
9.04522613065327,6
9.04522613065327,3
9.04522613065327,5
9.04522613065327,6
9.04522613065327,6
9.04522613065327,8
9.04522613065327,6
9.04522613065327,11
9.04522613065327,7
9.04522613065327,6
9.04522613065327,5
9.04522613065327,3
9.04522613065327,3
9.04522613065327,8
9.04522613065327,6
9.04522613065327,7
9.04522613065327,6
9.04522613065327,3
9.04522613065327,6
9.04522613065327,7
9.04522613065327,10
9.04522613065327,6
9.04522613065327,6
9.04522613065327,6
9.04522613065327,2
9.04522613065327,7
9.04522613065327,4
9.04522613065327,4
9.04522613065327,3
9.04522613065327,1
9.04522613065327,11
9.04522613065327,2
9.04522613065327,7
9.04522613065327,6
9.04522613065327,11
9.04522613065327,7
9.04522613065327,3
9.04522613065327,11
9.04522613065327,7
9.04522613065327,10
9.04522613065327,8
9.04522613065327,9
9.04522613065327,2
9.04522613065327,4
9.04522613065327,8
9.04522613065327,4
9.04522613065327,8
9.04522613065327,6
9.04522613065327,8
9.04522613065327,7
9.04522613065327,3
9.04522613065327,4
9.04522613065327,8
9.04522613065327,8
9.04522613065327,4
9.04522613065327,6
9.04522613065327,5
9.04522613065327,7
9.04522613065327,5
9.04522613065327,2
9.04522613065327,4
9.04522613065327,6
9.04522613065327,10
9.04522613065327,10
9.04522613065327,6
9.04522613065327,8
9.04522613065327,4
9.04522613065327,11
9.04522613065327,5
9.04522613065327,1
9.04522613065327,8
9.24623115577889,13
9.24623115577889,3
9.24623115577889,1
9.24623115577889,4
9.24623115577889,5
9.24623115577889,4
9.24623115577889,9
9.24623115577889,5
9.24623115577889,7
9.24623115577889,4
9.24623115577889,2
9.24623115577889,7
9.24623115577889,7
9.24623115577889,9
9.24623115577889,2
9.24623115577889,1
9.24623115577889,5
9.24623115577889,10
9.24623115577889,4
9.24623115577889,5
9.24623115577889,10
9.24623115577889,6
9.24623115577889,6
9.24623115577889,6
9.24623115577889,7
9.24623115577889,2
9.24623115577889,6
9.24623115577889,10
9.24623115577889,3
9.24623115577889,5
9.24623115577889,4
9.24623115577889,6
9.24623115577889,5
9.24623115577889,2
9.24623115577889,14
9.24623115577889,6
9.24623115577889,7
9.24623115577889,8
9.24623115577889,5
9.24623115577889,11
9.24623115577889,6
9.24623115577889,7
9.24623115577889,6
9.24623115577889,4
9.24623115577889,5
9.24623115577889,11
9.24623115577889,9
9.24623115577889,5
9.24623115577889,6
9.24623115577889,8
9.24623115577889,7
9.24623115577889,3
9.24623115577889,6
9.24623115577889,5
9.24623115577889,4
9.24623115577889,6
9.24623115577889,7
9.24623115577889,7
9.24623115577889,7
9.24623115577889,7
9.24623115577889,5
9.24623115577889,6
9.24623115577889,3
9.24623115577889,5
9.24623115577889,6
9.24623115577889,8
9.24623115577889,6
9.24623115577889,5
9.24623115577889,3
9.24623115577889,2
9.24623115577889,8
9.24623115577889,4
9.24623115577889,7
9.24623115577889,11
9.24623115577889,5
9.24623115577889,4
9.24623115577889,6
9.24623115577889,17
9.24623115577889,7
9.24623115577889,10
9.24623115577889,8
9.24623115577889,8
9.24623115577889,8
9.24623115577889,3
9.24623115577889,3
9.24623115577889,7
9.24623115577889,7
9.24623115577889,12
9.24623115577889,7
9.24623115577889,5
9.24623115577889,5
9.24623115577889,5
9.24623115577889,6
9.24623115577889,6
9.24623115577889,3
9.24623115577889,7
9.24623115577889,10
9.24623115577889,9
9.24623115577889,7
9.24623115577889,2
9.24623115577889,9
9.24623115577889,1
9.24623115577889,5
9.24623115577889,2
9.24623115577889,5
9.24623115577889,3
9.24623115577889,5
9.24623115577889,1
9.24623115577889,6
9.24623115577889,4
9.24623115577889,3
9.24623115577889,3
9.24623115577889,4
9.24623115577889,6
9.24623115577889,6
9.24623115577889,6
9.24623115577889,10
9.24623115577889,4
9.24623115577889,3
9.24623115577889,7
9.24623115577889,6
9.24623115577889,8
9.24623115577889,3
9.24623115577889,7
9.24623115577889,7
9.24623115577889,2
9.24623115577889,3
9.24623115577889,4
9.24623115577889,4
9.24623115577889,6
9.24623115577889,6
9.24623115577889,6
9.24623115577889,6
9.24623115577889,6
9.24623115577889,4
9.24623115577889,6
9.24623115577889,5
9.24623115577889,7
9.24623115577889,8
9.24623115577889,4
9.24623115577889,8
9.24623115577889,4
9.24623115577889,6
9.24623115577889,11
9.24623115577889,7
9.24623115577889,6
9.24623115577889,2
9.24623115577889,10
9.24623115577889,8
9.24623115577889,4
9.24623115577889,3
9.24623115577889,1
9.24623115577889,4
9.24623115577889,6
9.24623115577889,9
9.24623115577889,10
9.24623115577889,1
9.24623115577889,11
9.24623115577889,7
9.24623115577889,9
9.24623115577889,14
9.24623115577889,2
9.24623115577889,4
9.24623115577889,6
9.24623115577889,2
9.24623115577889,4
9.24623115577889,10
9.24623115577889,16
9.24623115577889,5
9.24623115577889,7
9.24623115577889,10
9.24623115577889,4
9.24623115577889,3
9.24623115577889,7
9.24623115577889,9
9.24623115577889,7
9.24623115577889,6
9.24623115577889,8
9.24623115577889,5
9.24623115577889,7
9.24623115577889,9
9.24623115577889,4
9.24623115577889,8
9.24623115577889,4
9.24623115577889,6
9.24623115577889,6
9.24623115577889,7
9.24623115577889,7
9.24623115577889,6
9.24623115577889,9
9.24623115577889,4
9.24623115577889,5
9.24623115577889,5
9.24623115577889,7
9.24623115577889,3
9.24623115577889,7
9.24623115577889,8
9.24623115577889,9
9.24623115577889,7
9.24623115577889,3
9.44723618090452,8
9.44723618090452,7
9.44723618090452,7
9.44723618090452,5
9.44723618090452,8
9.44723618090452,7
9.44723618090452,4
9.44723618090452,6
9.44723618090452,6
9.44723618090452,8
9.44723618090452,5
9.44723618090452,5
9.44723618090452,8
9.44723618090452,8
9.44723618090452,5
9.44723618090452,8
9.44723618090452,12
9.44723618090452,7
9.44723618090452,6
9.44723618090452,3
9.44723618090452,6
9.44723618090452,9
9.44723618090452,3
9.44723618090452,3
9.44723618090452,10
9.44723618090452,3
9.44723618090452,4
9.44723618090452,6
9.44723618090452,11
9.44723618090452,8
9.44723618090452,9
9.44723618090452,6
9.44723618090452,6
9.44723618090452,8
9.44723618090452,9
9.44723618090452,5
9.44723618090452,10
9.44723618090452,5
9.44723618090452,3
9.44723618090452,8
9.44723618090452,9
9.44723618090452,5
9.44723618090452,5
9.44723618090452,6
9.44723618090452,10
9.44723618090452,7
9.44723618090452,10
9.44723618090452,7
9.44723618090452,7
9.44723618090452,7
9.44723618090452,3
9.44723618090452,5
9.44723618090452,6
9.44723618090452,5
9.44723618090452,4
9.44723618090452,6
9.44723618090452,7
9.44723618090452,7
9.44723618090452,9
9.44723618090452,4
9.44723618090452,4
9.44723618090452,7
9.44723618090452,3
9.44723618090452,4
9.44723618090452,5
9.44723618090452,3
9.44723618090452,2
9.44723618090452,9
9.44723618090452,6
9.44723618090452,9
9.44723618090452,5
9.44723618090452,5
9.44723618090452,6
9.44723618090452,1
9.44723618090452,5
9.44723618090452,7
9.44723618090452,2
9.44723618090452,2
9.44723618090452,4
9.44723618090452,6
9.44723618090452,10
9.44723618090452,0
9.44723618090452,6
9.44723618090452,4
9.44723618090452,5
9.44723618090452,8
9.44723618090452,5
9.44723618090452,10
9.44723618090452,7
9.44723618090452,6
9.44723618090452,5
9.44723618090452,4
9.44723618090452,11
9.44723618090452,13
9.44723618090452,6
9.44723618090452,3
9.44723618090452,8
9.44723618090452,8
9.44723618090452,3
9.44723618090452,4
9.44723618090452,5
9.44723618090452,10
9.44723618090452,7
9.44723618090452,4
9.44723618090452,3
9.44723618090452,9
9.44723618090452,1
9.44723618090452,4
9.44723618090452,7
9.44723618090452,13
9.44723618090452,7
9.44723618090452,6
9.44723618090452,4
9.44723618090452,10
9.44723618090452,4
9.44723618090452,9
9.44723618090452,4
9.44723618090452,9
9.44723618090452,2
9.44723618090452,6
9.44723618090452,8
9.44723618090452,5
9.44723618090452,5
9.44723618090452,8
9.44723618090452,5
9.44723618090452,5
9.44723618090452,7
9.44723618090452,1
9.44723618090452,6
9.44723618090452,9
9.44723618090452,7
9.44723618090452,6
9.44723618090452,7
9.44723618090452,7
9.44723618090452,5
9.44723618090452,8
9.44723618090452,10
9.44723618090452,3
9.44723618090452,2
9.44723618090452,6
9.44723618090452,7
9.44723618090452,3
9.44723618090452,5
9.44723618090452,4
9.44723618090452,5
9.44723618090452,7
9.44723618090452,7
9.44723618090452,7
9.44723618090452,2
9.44723618090452,5
9.44723618090452,6
9.44723618090452,10
9.44723618090452,4
9.44723618090452,8
9.44723618090452,3
9.44723618090452,6
9.44723618090452,10
9.44723618090452,3
9.44723618090452,3
9.44723618090452,5
9.44723618090452,1
9.44723618090452,9
9.44723618090452,4
9.44723618090452,3
9.44723618090452,5
9.44723618090452,6
9.44723618090452,11
9.44723618090452,3
9.44723618090452,6
9.44723618090452,14
9.44723618090452,7
9.44723618090452,7
9.44723618090452,6
9.44723618090452,6
9.44723618090452,7
9.44723618090452,3
9.44723618090452,5
9.44723618090452,5
9.44723618090452,4
9.44723618090452,8
9.44723618090452,9
9.44723618090452,3
9.44723618090452,2
9.44723618090452,4
9.44723618090452,10
9.44723618090452,7
9.44723618090452,4
9.44723618090452,2
9.44723618090452,7
9.44723618090452,4
9.44723618090452,6
9.44723618090452,8
9.44723618090452,11
9.44723618090452,7
9.44723618090452,5
9.44723618090452,8
9.44723618090452,8
9.44723618090452,7
9.44723618090452,2
9.44723618090452,6
9.64824120603015,7
9.64824120603015,3
9.64824120603015,10
9.64824120603015,3
9.64824120603015,7
9.64824120603015,5
9.64824120603015,8
9.64824120603015,6
9.64824120603015,3
9.64824120603015,6
9.64824120603015,2
9.64824120603015,6
9.64824120603015,4
9.64824120603015,2
9.64824120603015,8
9.64824120603015,6
9.64824120603015,8
9.64824120603015,9
9.64824120603015,6
9.64824120603015,1
9.64824120603015,11
9.64824120603015,2
9.64824120603015,4
9.64824120603015,7
9.64824120603015,4
9.64824120603015,3
9.64824120603015,6
9.64824120603015,2
9.64824120603015,2
9.64824120603015,6
9.64824120603015,7
9.64824120603015,5
9.64824120603015,6
9.64824120603015,10
9.64824120603015,6
9.64824120603015,10
9.64824120603015,4
9.64824120603015,3
9.64824120603015,4
9.64824120603015,8
9.64824120603015,5
9.64824120603015,2
9.64824120603015,4
9.64824120603015,10
9.64824120603015,6
9.64824120603015,5
9.64824120603015,9
9.64824120603015,5
9.64824120603015,3
9.64824120603015,6
9.64824120603015,5
9.64824120603015,11
9.64824120603015,9
9.64824120603015,8
9.64824120603015,8
9.64824120603015,3
9.64824120603015,7
9.64824120603015,3
9.64824120603015,1
9.64824120603015,5
9.64824120603015,6
9.64824120603015,6
9.64824120603015,4
9.64824120603015,5
9.64824120603015,9
9.64824120603015,5
9.64824120603015,6
9.64824120603015,4
9.64824120603015,6
9.64824120603015,5
9.64824120603015,11
9.64824120603015,8
9.64824120603015,5
9.64824120603015,6
9.64824120603015,8
9.64824120603015,3
9.64824120603015,6
9.64824120603015,7
9.64824120603015,6
9.64824120603015,6
9.64824120603015,4
9.64824120603015,8
9.64824120603015,7
9.64824120603015,5
9.64824120603015,7
9.64824120603015,6
9.64824120603015,9
9.64824120603015,5
9.64824120603015,2
9.64824120603015,4
9.64824120603015,8
9.64824120603015,4
9.64824120603015,4
9.64824120603015,7
9.64824120603015,9
9.64824120603015,9
9.64824120603015,9
9.64824120603015,3
9.64824120603015,7
9.64824120603015,4
9.64824120603015,6
9.64824120603015,5
9.64824120603015,8
9.64824120603015,7
9.64824120603015,9
9.64824120603015,5
9.64824120603015,7
9.64824120603015,3
9.64824120603015,8
9.64824120603015,5
9.64824120603015,4
9.64824120603015,5
9.64824120603015,7
9.64824120603015,2
9.64824120603015,6
9.64824120603015,3
9.64824120603015,5
9.64824120603015,4
9.64824120603015,8
9.64824120603015,4
9.64824120603015,6
9.64824120603015,3
9.64824120603015,8
9.64824120603015,7
9.64824120603015,7
9.64824120603015,4
9.64824120603015,9
9.64824120603015,4
9.64824120603015,4
9.64824120603015,6
9.64824120603015,7
9.64824120603015,5
9.64824120603015,6
9.64824120603015,5
9.64824120603015,11
9.64824120603015,8
9.64824120603015,5
9.64824120603015,5
9.64824120603015,6
9.64824120603015,6
9.64824120603015,7
9.64824120603015,7
9.64824120603015,8
9.64824120603015,2
9.64824120603015,2
9.64824120603015,8
9.64824120603015,7
9.64824120603015,5
9.64824120603015,3
9.64824120603015,6
9.64824120603015,7
9.64824120603015,5
9.64824120603015,5
9.64824120603015,5
9.64824120603015,6
9.64824120603015,6
9.64824120603015,12
9.64824120603015,6
9.64824120603015,7
9.64824120603015,9
9.64824120603015,6
9.64824120603015,6
9.64824120603015,5
9.64824120603015,4
9.64824120603015,7
9.64824120603015,7
9.64824120603015,5
9.64824120603015,8
9.64824120603015,7
9.64824120603015,5
9.64824120603015,8
9.64824120603015,9
9.64824120603015,7
9.64824120603015,10
9.64824120603015,9
9.64824120603015,4
9.64824120603015,5
9.64824120603015,9
9.64824120603015,3
9.64824120603015,9
9.64824120603015,2
9.64824120603015,6
9.64824120603015,5
9.64824120603015,4
9.64824120603015,9
9.64824120603015,7
9.64824120603015,5
9.64824120603015,7
9.64824120603015,6
9.64824120603015,7
9.64824120603015,5
9.64824120603015,5
9.64824120603015,8
9.64824120603015,7
9.64824120603015,8
9.64824120603015,9
9.64824120603015,6
9.64824120603015,8
9.64824120603015,7
9.64824120603015,10
9.84924623115578,11
9.84924623115578,6
9.84924623115578,4
9.84924623115578,5
9.84924623115578,13
9.84924623115578,4
9.84924623115578,5
9.84924623115578,4
9.84924623115578,6
9.84924623115578,10
9.84924623115578,5
9.84924623115578,4
9.84924623115578,4
9.84924623115578,5
9.84924623115578,7
9.84924623115578,2
9.84924623115578,4
9.84924623115578,11
9.84924623115578,12
9.84924623115578,9
9.84924623115578,5
9.84924623115578,7
9.84924623115578,7
9.84924623115578,8
9.84924623115578,3
9.84924623115578,5
9.84924623115578,6
9.84924623115578,10
9.84924623115578,6
9.84924623115578,6
9.84924623115578,5
9.84924623115578,6
9.84924623115578,3
9.84924623115578,14
9.84924623115578,3
9.84924623115578,4
9.84924623115578,11
9.84924623115578,7
9.84924623115578,4
9.84924623115578,6
9.84924623115578,4
9.84924623115578,9
9.84924623115578,2
9.84924623115578,5
9.84924623115578,3
9.84924623115578,3
9.84924623115578,5
9.84924623115578,6
9.84924623115578,7
9.84924623115578,6
9.84924623115578,7
9.84924623115578,2
9.84924623115578,7
9.84924623115578,7
9.84924623115578,8
9.84924623115578,6
9.84924623115578,8
9.84924623115578,4
9.84924623115578,6
9.84924623115578,5
9.84924623115578,6
9.84924623115578,9
9.84924623115578,12
9.84924623115578,7
9.84924623115578,6
9.84924623115578,6
9.84924623115578,8
9.84924623115578,8
9.84924623115578,4
9.84924623115578,11
9.84924623115578,11
9.84924623115578,4
9.84924623115578,4
9.84924623115578,1
9.84924623115578,9
9.84924623115578,7
9.84924623115578,7
9.84924623115578,8
9.84924623115578,8
9.84924623115578,6
9.84924623115578,9
9.84924623115578,9
9.84924623115578,7
9.84924623115578,5
9.84924623115578,6
9.84924623115578,6
9.84924623115578,7
9.84924623115578,10
9.84924623115578,6
9.84924623115578,7
9.84924623115578,9
9.84924623115578,8
9.84924623115578,3
9.84924623115578,8
9.84924623115578,6
9.84924623115578,4
9.84924623115578,10
9.84924623115578,5
9.84924623115578,3
9.84924623115578,11
9.84924623115578,6
9.84924623115578,5
9.84924623115578,5
9.84924623115578,3
9.84924623115578,7
9.84924623115578,5
9.84924623115578,11
9.84924623115578,3
9.84924623115578,8
9.84924623115578,7
9.84924623115578,6
9.84924623115578,6
9.84924623115578,8
9.84924623115578,4
9.84924623115578,3
9.84924623115578,6
9.84924623115578,5
9.84924623115578,5
9.84924623115578,4
9.84924623115578,3
9.84924623115578,7
9.84924623115578,10
9.84924623115578,7
9.84924623115578,4
9.84924623115578,4
9.84924623115578,7
9.84924623115578,10
9.84924623115578,7
9.84924623115578,6
9.84924623115578,2
9.84924623115578,10
9.84924623115578,8
9.84924623115578,2
9.84924623115578,7
9.84924623115578,5
9.84924623115578,9
9.84924623115578,3
9.84924623115578,5
9.84924623115578,6
9.84924623115578,4
9.84924623115578,5
9.84924623115578,9
9.84924623115578,5
9.84924623115578,6
9.84924623115578,6
9.84924623115578,5
9.84924623115578,5
9.84924623115578,8
9.84924623115578,4
9.84924623115578,7
9.84924623115578,11
9.84924623115578,7
9.84924623115578,11
9.84924623115578,14
9.84924623115578,1
9.84924623115578,6
9.84924623115578,6
9.84924623115578,8
9.84924623115578,5
9.84924623115578,5
9.84924623115578,0
9.84924623115578,6
9.84924623115578,6
9.84924623115578,6
9.84924623115578,6
9.84924623115578,6
9.84924623115578,6
9.84924623115578,4
9.84924623115578,7
9.84924623115578,6
9.84924623115578,10
9.84924623115578,7
9.84924623115578,4
9.84924623115578,1
9.84924623115578,12
9.84924623115578,2
9.84924623115578,5
9.84924623115578,6
9.84924623115578,4
9.84924623115578,9
9.84924623115578,8
9.84924623115578,9
9.84924623115578,5
9.84924623115578,10
9.84924623115578,6
9.84924623115578,6
9.84924623115578,9
9.84924623115578,7
9.84924623115578,11
9.84924623115578,6
9.84924623115578,9
9.84924623115578,6
9.84924623115578,6
9.84924623115578,6
9.84924623115578,7
9.84924623115578,3
9.84924623115578,8
9.84924623115578,4
9.84924623115578,10
9.84924623115578,4
10.0502512562814,11
10.0502512562814,8
10.0502512562814,5
10.0502512562814,6
10.0502512562814,9
10.0502512562814,6
10.0502512562814,8
10.0502512562814,4
10.0502512562814,6
10.0502512562814,5
10.0502512562814,10
10.0502512562814,3
10.0502512562814,4
10.0502512562814,5
10.0502512562814,7
10.0502512562814,5
10.0502512562814,7
10.0502512562814,10
10.0502512562814,3
10.0502512562814,7
10.0502512562814,8
10.0502512562814,3
10.0502512562814,5
10.0502512562814,5
10.0502512562814,7
10.0502512562814,8
10.0502512562814,6
10.0502512562814,5
10.0502512562814,8
10.0502512562814,8
10.0502512562814,6
10.0502512562814,5
10.0502512562814,4
10.0502512562814,8
10.0502512562814,6
10.0502512562814,9
10.0502512562814,5
10.0502512562814,6
10.0502512562814,8
10.0502512562814,8
10.0502512562814,4
10.0502512562814,10
10.0502512562814,2
10.0502512562814,6
10.0502512562814,6
10.0502512562814,4
10.0502512562814,4
10.0502512562814,7
10.0502512562814,6
10.0502512562814,7
10.0502512562814,7
10.0502512562814,4
10.0502512562814,8
10.0502512562814,5
10.0502512562814,4
10.0502512562814,9
10.0502512562814,7
10.0502512562814,6
10.0502512562814,7
10.0502512562814,5
10.0502512562814,8
10.0502512562814,6
10.0502512562814,7
10.0502512562814,4
10.0502512562814,5
10.0502512562814,10
10.0502512562814,7
10.0502512562814,5
10.0502512562814,6
10.0502512562814,7
10.0502512562814,7
10.0502512562814,5
10.0502512562814,6
10.0502512562814,6
10.0502512562814,4
10.0502512562814,11
10.0502512562814,11
10.0502512562814,7
10.0502512562814,7
10.0502512562814,6
10.0502512562814,5
10.0502512562814,6
10.0502512562814,5
10.0502512562814,5
10.0502512562814,10
10.0502512562814,4
10.0502512562814,3
10.0502512562814,15
10.0502512562814,4
10.0502512562814,5
10.0502512562814,5
10.0502512562814,6
10.0502512562814,4
10.0502512562814,7
10.0502512562814,5
10.0502512562814,8
10.0502512562814,7
10.0502512562814,8
10.0502512562814,6
10.0502512562814,8
10.0502512562814,4
10.0502512562814,9
10.0502512562814,11
10.0502512562814,7
10.0502512562814,9
10.0502512562814,7
10.0502512562814,9
10.0502512562814,9
10.0502512562814,6
10.0502512562814,4
10.0502512562814,5
10.0502512562814,9
10.0502512562814,4
10.0502512562814,9
10.0502512562814,6
10.0502512562814,7
10.0502512562814,10
10.0502512562814,4
10.0502512562814,3
10.0502512562814,5
10.0502512562814,6
10.0502512562814,6
10.0502512562814,4
10.0502512562814,10
10.0502512562814,8
10.0502512562814,6
10.0502512562814,4
10.0502512562814,11
10.0502512562814,6
10.0502512562814,6
10.0502512562814,6
10.0502512562814,5
10.0502512562814,2
10.0502512562814,2
10.0502512562814,4
10.0502512562814,7
10.0502512562814,7
10.0502512562814,2
10.0502512562814,6
10.0502512562814,4
10.0502512562814,5
10.0502512562814,7
10.0502512562814,8
10.0502512562814,5
10.0502512562814,4
10.0502512562814,6
10.0502512562814,3
10.0502512562814,7
10.0502512562814,7
10.0502512562814,3
10.0502512562814,8
10.0502512562814,0
10.0502512562814,8
10.0502512562814,5
10.0502512562814,7
10.0502512562814,7
10.0502512562814,4
10.0502512562814,5
10.0502512562814,7
10.0502512562814,5
10.0502512562814,5
10.0502512562814,3
10.0502512562814,6
10.0502512562814,7
10.0502512562814,4
10.0502512562814,8
10.0502512562814,7
10.0502512562814,4
10.0502512562814,10
10.0502512562814,3
10.0502512562814,4
10.0502512562814,10
10.0502512562814,9
10.0502512562814,5
10.0502512562814,10
10.0502512562814,7
10.0502512562814,6
10.0502512562814,3
10.0502512562814,9
10.0502512562814,8
10.0502512562814,4
10.0502512562814,6
10.0502512562814,6
10.0502512562814,11
10.0502512562814,5
10.0502512562814,3
10.0502512562814,5
10.0502512562814,4
10.0502512562814,7
10.0502512562814,7
10.0502512562814,7
10.0502512562814,7
10.0502512562814,6
10.0502512562814,3
10.0502512562814,7
10.0502512562814,5
10.0502512562814,4
10.0502512562814,5
10.0502512562814,6
10.0502512562814,11
10.251256281407,5
10.251256281407,7
10.251256281407,4
10.251256281407,10
10.251256281407,4
10.251256281407,8
10.251256281407,9
10.251256281407,4
10.251256281407,8
10.251256281407,9
10.251256281407,6
10.251256281407,4
10.251256281407,8
10.251256281407,10
10.251256281407,3
10.251256281407,6
10.251256281407,4
10.251256281407,4
10.251256281407,8
10.251256281407,9
10.251256281407,4
10.251256281407,6
10.251256281407,8
10.251256281407,9
10.251256281407,7
10.251256281407,7
10.251256281407,8
10.251256281407,7
10.251256281407,10
10.251256281407,8
10.251256281407,4
10.251256281407,6
10.251256281407,8
10.251256281407,8
10.251256281407,4
10.251256281407,8
10.251256281407,4
10.251256281407,5
10.251256281407,8
10.251256281407,7
10.251256281407,9
10.251256281407,6
10.251256281407,6
10.251256281407,7
10.251256281407,7
10.251256281407,6
10.251256281407,6
10.251256281407,3
10.251256281407,12
10.251256281407,5
10.251256281407,7
10.251256281407,6
10.251256281407,11
10.251256281407,1
10.251256281407,10
10.251256281407,7
10.251256281407,7
10.251256281407,10
10.251256281407,8
10.251256281407,8
10.251256281407,2
10.251256281407,8
10.251256281407,7
10.251256281407,10
10.251256281407,8
10.251256281407,4
10.251256281407,5
10.251256281407,3
10.251256281407,8
10.251256281407,6
10.251256281407,5
10.251256281407,6
10.251256281407,5
10.251256281407,12
10.251256281407,6
10.251256281407,7
10.251256281407,10
10.251256281407,10
10.251256281407,4
10.251256281407,9
10.251256281407,10
10.251256281407,7
10.251256281407,11
10.251256281407,5
10.251256281407,6
10.251256281407,5
10.251256281407,8
10.251256281407,8
10.251256281407,8
10.251256281407,11
10.251256281407,9
10.251256281407,5
10.251256281407,4
10.251256281407,3
10.251256281407,7
10.251256281407,8
10.251256281407,5
10.251256281407,8
10.251256281407,5
10.251256281407,7
10.251256281407,7
10.251256281407,5
10.251256281407,3
10.251256281407,4
10.251256281407,6
10.251256281407,2
10.251256281407,7
10.251256281407,3
10.251256281407,10
10.251256281407,5
10.251256281407,12
10.251256281407,6
10.251256281407,6
10.251256281407,7
10.251256281407,7
10.251256281407,5
10.251256281407,4
10.251256281407,5
10.251256281407,8
10.251256281407,10
10.251256281407,12
10.251256281407,5
10.251256281407,5
10.251256281407,8
10.251256281407,4
10.251256281407,5
10.251256281407,5
10.251256281407,8
10.251256281407,9
10.251256281407,11
10.251256281407,6
10.251256281407,10
10.251256281407,12
10.251256281407,10
10.251256281407,2
10.251256281407,8
10.251256281407,5
10.251256281407,6
10.251256281407,7
10.251256281407,11
10.251256281407,3
10.251256281407,5
10.251256281407,10
10.251256281407,4
10.251256281407,6
10.251256281407,3
10.251256281407,7
10.251256281407,6
10.251256281407,6
10.251256281407,5
10.251256281407,6
10.251256281407,2
10.251256281407,5
10.251256281407,9
10.251256281407,9
10.251256281407,7
10.251256281407,7
10.251256281407,9
10.251256281407,5
10.251256281407,3
10.251256281407,5
10.251256281407,6
10.251256281407,3
10.251256281407,7
10.251256281407,1
10.251256281407,2
10.251256281407,6
10.251256281407,7
10.251256281407,4
10.251256281407,6
10.251256281407,5
10.251256281407,14
10.251256281407,7
10.251256281407,4
10.251256281407,5
10.251256281407,6
10.251256281407,5
10.251256281407,5
10.251256281407,10
10.251256281407,7
10.251256281407,4
10.251256281407,11
10.251256281407,7
10.251256281407,7
10.251256281407,4
10.251256281407,10
10.251256281407,4
10.251256281407,4
10.251256281407,7
10.251256281407,6
10.251256281407,5
10.251256281407,14
10.251256281407,4
10.251256281407,9
10.251256281407,1
10.251256281407,2
10.251256281407,7
10.251256281407,3
10.251256281407,4
10.251256281407,6
10.4522613065327,5
10.4522613065327,9
10.4522613065327,5
10.4522613065327,7
10.4522613065327,2
10.4522613065327,7
10.4522613065327,5
10.4522613065327,8
10.4522613065327,4
10.4522613065327,8
10.4522613065327,8
10.4522613065327,5
10.4522613065327,3
10.4522613065327,3
10.4522613065327,10
10.4522613065327,5
10.4522613065327,6
10.4522613065327,9
10.4522613065327,8
10.4522613065327,4
10.4522613065327,8
10.4522613065327,7
10.4522613065327,8
10.4522613065327,6
10.4522613065327,2
10.4522613065327,4
10.4522613065327,9
10.4522613065327,7
10.4522613065327,7
10.4522613065327,2
10.4522613065327,7
10.4522613065327,7
10.4522613065327,6
10.4522613065327,9
10.4522613065327,6
10.4522613065327,6
10.4522613065327,2
10.4522613065327,5
10.4522613065327,10
10.4522613065327,6
10.4522613065327,6
10.4522613065327,7
10.4522613065327,13
10.4522613065327,12
10.4522613065327,3
10.4522613065327,4
10.4522613065327,3
10.4522613065327,7
10.4522613065327,13
10.4522613065327,9
10.4522613065327,7
10.4522613065327,2
10.4522613065327,6
10.4522613065327,7
10.4522613065327,7
10.4522613065327,6
10.4522613065327,3
10.4522613065327,9
10.4522613065327,11
10.4522613065327,7
10.4522613065327,2
10.4522613065327,6
10.4522613065327,4
10.4522613065327,4
10.4522613065327,7
10.4522613065327,7
10.4522613065327,5
10.4522613065327,4
10.4522613065327,8
10.4522613065327,6
10.4522613065327,6
10.4522613065327,3
10.4522613065327,4
10.4522613065327,9
10.4522613065327,7
10.4522613065327,3
10.4522613065327,10
10.4522613065327,7
10.4522613065327,5
10.4522613065327,6
10.4522613065327,10
10.4522613065327,2
10.4522613065327,10
10.4522613065327,6
10.4522613065327,3
10.4522613065327,13
10.4522613065327,7
10.4522613065327,8
10.4522613065327,5
10.4522613065327,5
10.4522613065327,7
10.4522613065327,4
10.4522613065327,6
10.4522613065327,7
10.4522613065327,7
10.4522613065327,9
10.4522613065327,6
10.4522613065327,7
10.4522613065327,8
10.4522613065327,3
10.4522613065327,8
10.4522613065327,5
10.4522613065327,5
10.4522613065327,7
10.4522613065327,11
10.4522613065327,4
10.4522613065327,3
10.4522613065327,7
10.4522613065327,4
10.4522613065327,3
10.4522613065327,3
10.4522613065327,7
10.4522613065327,5
10.4522613065327,1
10.4522613065327,4
10.4522613065327,7
10.4522613065327,7
10.4522613065327,11
10.4522613065327,10
10.4522613065327,8
10.4522613065327,9
10.4522613065327,10
10.4522613065327,8
10.4522613065327,6
10.4522613065327,6
10.4522613065327,4
10.4522613065327,7
10.4522613065327,6
10.4522613065327,1
10.4522613065327,4
10.4522613065327,9
10.4522613065327,6
10.4522613065327,6
10.4522613065327,4
10.4522613065327,5
10.4522613065327,5
10.4522613065327,7
10.4522613065327,5
10.4522613065327,3
10.4522613065327,6
10.4522613065327,5
10.4522613065327,5
10.4522613065327,11
10.4522613065327,14
10.4522613065327,6
10.4522613065327,7
10.4522613065327,5
10.4522613065327,8
10.4522613065327,8
10.4522613065327,3
10.4522613065327,9
10.4522613065327,7
10.4522613065327,5
10.4522613065327,2
10.4522613065327,9
10.4522613065327,6
10.4522613065327,9
10.4522613065327,8
10.4522613065327,4
10.4522613065327,11
10.4522613065327,7
10.4522613065327,5
10.4522613065327,5
10.4522613065327,4
10.4522613065327,6
10.4522613065327,10
10.4522613065327,4
10.4522613065327,4
10.4522613065327,6
10.4522613065327,7
10.4522613065327,6
10.4522613065327,7
10.4522613065327,7
10.4522613065327,11
10.4522613065327,4
10.4522613065327,4
10.4522613065327,7
10.4522613065327,6
10.4522613065327,7
10.4522613065327,4
10.4522613065327,7
10.4522613065327,8
10.4522613065327,11
10.4522613065327,6
10.4522613065327,7
10.4522613065327,9
10.4522613065327,8
10.4522613065327,5
10.4522613065327,15
10.4522613065327,2
10.4522613065327,3
10.4522613065327,6
10.4522613065327,6
10.4522613065327,9
10.4522613065327,7
10.4522613065327,4
10.4522613065327,6
10.4522613065327,5
10.4522613065327,4
10.4522613065327,10
10.6532663316583,10
10.6532663316583,2
10.6532663316583,5
10.6532663316583,5
10.6532663316583,6
10.6532663316583,5
10.6532663316583,4
10.6532663316583,3
10.6532663316583,6
10.6532663316583,6
10.6532663316583,6
10.6532663316583,11
10.6532663316583,7
10.6532663316583,4
10.6532663316583,4
10.6532663316583,3
10.6532663316583,7
10.6532663316583,9
10.6532663316583,8
10.6532663316583,7
10.6532663316583,7
10.6532663316583,4
10.6532663316583,8
10.6532663316583,7
10.6532663316583,5
10.6532663316583,6
10.6532663316583,5
10.6532663316583,3
10.6532663316583,1
10.6532663316583,6
10.6532663316583,0
10.6532663316583,5
10.6532663316583,6
10.6532663316583,8
10.6532663316583,9
10.6532663316583,8
10.6532663316583,6
10.6532663316583,9
10.6532663316583,6
10.6532663316583,7
10.6532663316583,9
10.6532663316583,7
10.6532663316583,9
10.6532663316583,9
10.6532663316583,7
10.6532663316583,5
10.6532663316583,4
10.6532663316583,6
10.6532663316583,9
10.6532663316583,7
10.6532663316583,13
10.6532663316583,8
10.6532663316583,5
10.6532663316583,7
10.6532663316583,8
10.6532663316583,8
10.6532663316583,1
10.6532663316583,6
10.6532663316583,4
10.6532663316583,7
10.6532663316583,6
10.6532663316583,10
10.6532663316583,7
10.6532663316583,9
10.6532663316583,10
10.6532663316583,6
10.6532663316583,4
10.6532663316583,8
10.6532663316583,10
10.6532663316583,4
10.6532663316583,7
10.6532663316583,8
10.6532663316583,6
10.6532663316583,3
10.6532663316583,7
10.6532663316583,2
10.6532663316583,14
10.6532663316583,4
10.6532663316583,9
10.6532663316583,9
10.6532663316583,11
10.6532663316583,7
10.6532663316583,11
10.6532663316583,7
10.6532663316583,6
10.6532663316583,2
10.6532663316583,9
10.6532663316583,5
10.6532663316583,8
10.6532663316583,5
10.6532663316583,9
10.6532663316583,8
10.6532663316583,7
10.6532663316583,7
10.6532663316583,4
10.6532663316583,8
10.6532663316583,7
10.6532663316583,9
10.6532663316583,4
10.6532663316583,8
10.6532663316583,11
10.6532663316583,8
10.6532663316583,4
10.6532663316583,2
10.6532663316583,10
10.6532663316583,6
10.6532663316583,3
10.6532663316583,5
10.6532663316583,10
10.6532663316583,7
10.6532663316583,3
10.6532663316583,5
10.6532663316583,10
10.6532663316583,6
10.6532663316583,7
10.6532663316583,5
10.6532663316583,6
10.6532663316583,6
10.6532663316583,12
10.6532663316583,6
10.6532663316583,8
10.6532663316583,8
10.6532663316583,8
10.6532663316583,6
10.6532663316583,3
10.6532663316583,3
10.6532663316583,3
10.6532663316583,7
10.6532663316583,8
10.6532663316583,7
10.6532663316583,8
10.6532663316583,3
10.6532663316583,6
10.6532663316583,3
10.6532663316583,4
10.6532663316583,7
10.6532663316583,7
10.6532663316583,7
10.6532663316583,4
10.6532663316583,6
10.6532663316583,2
10.6532663316583,2
10.6532663316583,7
10.6532663316583,7
10.6532663316583,11
10.6532663316583,7
10.6532663316583,4
10.6532663316583,8
10.6532663316583,11
10.6532663316583,9
10.6532663316583,7
10.6532663316583,6
10.6532663316583,11
10.6532663316583,5
10.6532663316583,5
10.6532663316583,5
10.6532663316583,7
10.6532663316583,5
10.6532663316583,6
10.6532663316583,7
10.6532663316583,7
10.6532663316583,6
10.6532663316583,8
10.6532663316583,3
10.6532663316583,8
10.6532663316583,8
10.6532663316583,5
10.6532663316583,6
10.6532663316583,3
10.6532663316583,4
10.6532663316583,7
10.6532663316583,11
10.6532663316583,9
10.6532663316583,12
10.6532663316583,6
10.6532663316583,8
10.6532663316583,6
10.6532663316583,8
10.6532663316583,8
10.6532663316583,7
10.6532663316583,4
10.6532663316583,10
10.6532663316583,5
10.6532663316583,5
10.6532663316583,8
10.6532663316583,7
10.6532663316583,9
10.6532663316583,6
10.6532663316583,11
10.6532663316583,10
10.6532663316583,7
10.6532663316583,3
10.6532663316583,9
10.6532663316583,5
10.6532663316583,3
10.6532663316583,6
10.6532663316583,8
10.6532663316583,8
10.6532663316583,7
10.6532663316583,14
10.8542713567839,4
10.8542713567839,3
10.8542713567839,7
10.8542713567839,8
10.8542713567839,10
10.8542713567839,3
10.8542713567839,7
10.8542713567839,8
10.8542713567839,5
10.8542713567839,6
10.8542713567839,5
10.8542713567839,5
10.8542713567839,2
10.8542713567839,6
10.8542713567839,5
10.8542713567839,10
10.8542713567839,7
10.8542713567839,2
10.8542713567839,4
10.8542713567839,7
10.8542713567839,6
10.8542713567839,9
10.8542713567839,10
10.8542713567839,12
10.8542713567839,3
10.8542713567839,9
10.8542713567839,4
10.8542713567839,5
10.8542713567839,15
10.8542713567839,1
10.8542713567839,7
10.8542713567839,3
10.8542713567839,6
10.8542713567839,6
10.8542713567839,4
10.8542713567839,6
10.8542713567839,7
10.8542713567839,8
10.8542713567839,5
10.8542713567839,6
10.8542713567839,6
10.8542713567839,6
10.8542713567839,10
10.8542713567839,6
10.8542713567839,6
10.8542713567839,4
10.8542713567839,8
10.8542713567839,9
10.8542713567839,4
10.8542713567839,8
10.8542713567839,10
10.8542713567839,3
10.8542713567839,10
10.8542713567839,10
10.8542713567839,10
10.8542713567839,5
10.8542713567839,3
10.8542713567839,8
10.8542713567839,7
10.8542713567839,6
10.8542713567839,13
10.8542713567839,10
10.8542713567839,9
10.8542713567839,9
10.8542713567839,6
10.8542713567839,8
10.8542713567839,6
10.8542713567839,4
10.8542713567839,6
10.8542713567839,7
10.8542713567839,7
10.8542713567839,5
10.8542713567839,10
10.8542713567839,6
10.8542713567839,7
10.8542713567839,8
10.8542713567839,5
10.8542713567839,2
10.8542713567839,9
10.8542713567839,7
10.8542713567839,11
10.8542713567839,5
10.8542713567839,7
10.8542713567839,7
10.8542713567839,3
10.8542713567839,9
10.8542713567839,4
10.8542713567839,3
10.8542713567839,10
10.8542713567839,9
10.8542713567839,4
10.8542713567839,9
10.8542713567839,2
10.8542713567839,4
10.8542713567839,7
10.8542713567839,12
10.8542713567839,6
10.8542713567839,9
10.8542713567839,4
10.8542713567839,8
10.8542713567839,6
10.8542713567839,12
10.8542713567839,6
10.8542713567839,4
10.8542713567839,12
10.8542713567839,2
10.8542713567839,5
10.8542713567839,7
10.8542713567839,7
10.8542713567839,3
10.8542713567839,9
10.8542713567839,7
10.8542713567839,4
10.8542713567839,8
10.8542713567839,7
10.8542713567839,3
10.8542713567839,2
10.8542713567839,7
10.8542713567839,6
10.8542713567839,5
10.8542713567839,6
10.8542713567839,7
10.8542713567839,5
10.8542713567839,4
10.8542713567839,7
10.8542713567839,4
10.8542713567839,5
10.8542713567839,6
10.8542713567839,7
10.8542713567839,7
10.8542713567839,8
10.8542713567839,6
10.8542713567839,8
10.8542713567839,9
10.8542713567839,7
10.8542713567839,6
10.8542713567839,6
10.8542713567839,3
10.8542713567839,5
10.8542713567839,7
10.8542713567839,8
10.8542713567839,9
10.8542713567839,6
10.8542713567839,9
10.8542713567839,5
10.8542713567839,11
10.8542713567839,5
10.8542713567839,7
10.8542713567839,8
10.8542713567839,8
10.8542713567839,4
10.8542713567839,5
10.8542713567839,6
10.8542713567839,8
10.8542713567839,12
10.8542713567839,5
10.8542713567839,8
10.8542713567839,5
10.8542713567839,8
10.8542713567839,11
10.8542713567839,4
10.8542713567839,13
10.8542713567839,14
10.8542713567839,8
10.8542713567839,5
10.8542713567839,5
10.8542713567839,3
10.8542713567839,1
10.8542713567839,8
10.8542713567839,7
10.8542713567839,7
10.8542713567839,8
10.8542713567839,7
10.8542713567839,8
10.8542713567839,7
10.8542713567839,7
10.8542713567839,6
10.8542713567839,9
10.8542713567839,6
10.8542713567839,11
10.8542713567839,9
10.8542713567839,3
10.8542713567839,7
10.8542713567839,6
10.8542713567839,9
10.8542713567839,7
10.8542713567839,6
10.8542713567839,6
10.8542713567839,9
10.8542713567839,9
10.8542713567839,8
10.8542713567839,13
10.8542713567839,9
10.8542713567839,5
10.8542713567839,6
10.8542713567839,7
10.8542713567839,8
10.8542713567839,9
10.8542713567839,6
10.8542713567839,6
11.0552763819095,8
11.0552763819095,3
11.0552763819095,8
11.0552763819095,3
11.0552763819095,6
11.0552763819095,11
11.0552763819095,5
11.0552763819095,10
11.0552763819095,2
11.0552763819095,7
11.0552763819095,1
11.0552763819095,8
11.0552763819095,7
11.0552763819095,6
11.0552763819095,8
11.0552763819095,10
11.0552763819095,6
11.0552763819095,6
11.0552763819095,7
11.0552763819095,12
11.0552763819095,6
11.0552763819095,2
11.0552763819095,11
11.0552763819095,9
11.0552763819095,6
11.0552763819095,10
11.0552763819095,9
11.0552763819095,6
11.0552763819095,9
11.0552763819095,3
11.0552763819095,7
11.0552763819095,6
11.0552763819095,6
11.0552763819095,7
11.0552763819095,3
11.0552763819095,8
11.0552763819095,13
11.0552763819095,5
11.0552763819095,7
11.0552763819095,10
11.0552763819095,12
11.0552763819095,7
11.0552763819095,5
11.0552763819095,11
11.0552763819095,10
11.0552763819095,5
11.0552763819095,6
11.0552763819095,4
11.0552763819095,6
11.0552763819095,7
11.0552763819095,12
11.0552763819095,10
11.0552763819095,7
11.0552763819095,8
11.0552763819095,8
11.0552763819095,6
11.0552763819095,5
11.0552763819095,4
11.0552763819095,4
11.0552763819095,10
11.0552763819095,5
11.0552763819095,7
11.0552763819095,3
11.0552763819095,5
11.0552763819095,3
11.0552763819095,7
11.0552763819095,7
11.0552763819095,6
11.0552763819095,4
11.0552763819095,4
11.0552763819095,8
11.0552763819095,10
11.0552763819095,12
11.0552763819095,7
11.0552763819095,8
11.0552763819095,12
11.0552763819095,9
11.0552763819095,7
11.0552763819095,14
11.0552763819095,9
11.0552763819095,6
11.0552763819095,9
11.0552763819095,7
11.0552763819095,3
11.0552763819095,5
11.0552763819095,5
11.0552763819095,4
11.0552763819095,7
11.0552763819095,6
11.0552763819095,8
11.0552763819095,6
11.0552763819095,11
11.0552763819095,11
11.0552763819095,7
11.0552763819095,7
11.0552763819095,4
11.0552763819095,2
11.0552763819095,8
11.0552763819095,6
11.0552763819095,10
11.0552763819095,4
11.0552763819095,6
11.0552763819095,5
11.0552763819095,5
11.0552763819095,9
11.0552763819095,11
11.0552763819095,7
11.0552763819095,8
11.0552763819095,10
11.0552763819095,5
11.0552763819095,9
11.0552763819095,2
11.0552763819095,3
11.0552763819095,7
11.0552763819095,6
11.0552763819095,8
11.0552763819095,5
11.0552763819095,5
11.0552763819095,6
11.0552763819095,4
11.0552763819095,7
11.0552763819095,8
11.0552763819095,4
11.0552763819095,2
11.0552763819095,9
11.0552763819095,6
11.0552763819095,3
11.0552763819095,7
11.0552763819095,11
11.0552763819095,4
11.0552763819095,9
11.0552763819095,7
11.0552763819095,13
11.0552763819095,5
11.0552763819095,6
11.0552763819095,9
11.0552763819095,9
11.0552763819095,5
11.0552763819095,3
11.0552763819095,5
11.0552763819095,5
11.0552763819095,11
11.0552763819095,7
11.0552763819095,4
11.0552763819095,8
11.0552763819095,6
11.0552763819095,7
11.0552763819095,6
11.0552763819095,8
11.0552763819095,3
11.0552763819095,11
11.0552763819095,5
11.0552763819095,5
11.0552763819095,5
11.0552763819095,4
11.0552763819095,7
11.0552763819095,8
11.0552763819095,7
11.0552763819095,4
11.0552763819095,4
11.0552763819095,7
11.0552763819095,10
11.0552763819095,4
11.0552763819095,6
11.0552763819095,3
11.0552763819095,3
11.0552763819095,3
11.0552763819095,12
11.0552763819095,2
11.0552763819095,7
11.0552763819095,10
11.0552763819095,3
11.0552763819095,8
11.0552763819095,6
11.0552763819095,6
11.0552763819095,10
11.0552763819095,5
11.0552763819095,7
11.0552763819095,7
11.0552763819095,8
11.0552763819095,11
11.0552763819095,8
11.0552763819095,4
11.0552763819095,8
11.0552763819095,6
11.0552763819095,6
11.0552763819095,9
11.0552763819095,12
11.0552763819095,7
11.0552763819095,6
11.0552763819095,8
11.0552763819095,4
11.0552763819095,3
11.0552763819095,11
11.0552763819095,7
11.0552763819095,7
11.0552763819095,5
11.0552763819095,6
11.0552763819095,4
11.0552763819095,8
11.2562814070352,7
11.2562814070352,8
11.2562814070352,4
11.2562814070352,6
11.2562814070352,8
11.2562814070352,7
11.2562814070352,10
11.2562814070352,8
11.2562814070352,7
11.2562814070352,8
11.2562814070352,5
11.2562814070352,6
11.2562814070352,5
11.2562814070352,3
11.2562814070352,1
11.2562814070352,5
11.2562814070352,9
11.2562814070352,5
11.2562814070352,10
11.2562814070352,7
11.2562814070352,7
11.2562814070352,5
11.2562814070352,9
11.2562814070352,3
11.2562814070352,6
11.2562814070352,6
11.2562814070352,5
11.2562814070352,8
11.2562814070352,5
11.2562814070352,5
11.2562814070352,8
11.2562814070352,10
11.2562814070352,5
11.2562814070352,7
11.2562814070352,7
11.2562814070352,10
11.2562814070352,6
11.2562814070352,6
11.2562814070352,5
11.2562814070352,11
11.2562814070352,9
11.2562814070352,7
11.2562814070352,9
11.2562814070352,1
11.2562814070352,12
11.2562814070352,4
11.2562814070352,5
11.2562814070352,10
11.2562814070352,4
11.2562814070352,4
11.2562814070352,5
11.2562814070352,7
11.2562814070352,9
11.2562814070352,9
11.2562814070352,2
11.2562814070352,2
11.2562814070352,6
11.2562814070352,4
11.2562814070352,9
11.2562814070352,9
11.2562814070352,6
11.2562814070352,5
11.2562814070352,5
11.2562814070352,10
11.2562814070352,7
11.2562814070352,4
11.2562814070352,5
11.2562814070352,5
11.2562814070352,4
11.2562814070352,4
11.2562814070352,6
11.2562814070352,5
11.2562814070352,4
11.2562814070352,4
11.2562814070352,6
11.2562814070352,4
11.2562814070352,8
11.2562814070352,9
11.2562814070352,9
11.2562814070352,6
11.2562814070352,6
11.2562814070352,9
11.2562814070352,6
11.2562814070352,3
11.2562814070352,8
11.2562814070352,2
11.2562814070352,9
11.2562814070352,6
11.2562814070352,8
11.2562814070352,3
11.2562814070352,7
11.2562814070352,5
11.2562814070352,5
11.2562814070352,12
11.2562814070352,7
11.2562814070352,5
11.2562814070352,3
11.2562814070352,4
11.2562814070352,5
11.2562814070352,13
11.2562814070352,5
11.2562814070352,8
11.2562814070352,4
11.2562814070352,7
11.2562814070352,14
11.2562814070352,6
11.2562814070352,9
11.2562814070352,5
11.2562814070352,7
11.2562814070352,6
11.2562814070352,6
11.2562814070352,6
11.2562814070352,4
11.2562814070352,6
11.2562814070352,6
11.2562814070352,9
11.2562814070352,6
11.2562814070352,2
11.2562814070352,8
11.2562814070352,4
11.2562814070352,8
11.2562814070352,6
11.2562814070352,9
11.2562814070352,8
11.2562814070352,8
11.2562814070352,11
11.2562814070352,15
11.2562814070352,6
11.2562814070352,7
11.2562814070352,7
11.2562814070352,5
11.2562814070352,8
11.2562814070352,2
11.2562814070352,10
11.2562814070352,3
11.2562814070352,5
11.2562814070352,7
11.2562814070352,4
11.2562814070352,5
11.2562814070352,4
11.2562814070352,13
11.2562814070352,9
11.2562814070352,7
11.2562814070352,9
11.2562814070352,7
11.2562814070352,11
11.2562814070352,11
11.2562814070352,4
11.2562814070352,4
11.2562814070352,8
11.2562814070352,8
11.2562814070352,10
11.2562814070352,5
11.2562814070352,4
11.2562814070352,9
11.2562814070352,12
11.2562814070352,11
11.2562814070352,8
11.2562814070352,5
11.2562814070352,6
11.2562814070352,10
11.2562814070352,11
11.2562814070352,7
11.2562814070352,4
11.2562814070352,7
11.2562814070352,9
11.2562814070352,13
11.2562814070352,5
11.2562814070352,6
11.2562814070352,13
11.2562814070352,8
11.2562814070352,11
11.2562814070352,7
11.2562814070352,4
11.2562814070352,6
11.2562814070352,1
11.2562814070352,8
11.2562814070352,6
11.2562814070352,2
11.2562814070352,9
11.2562814070352,5
11.2562814070352,5
11.2562814070352,6
11.2562814070352,12
11.2562814070352,3
11.2562814070352,5
11.2562814070352,8
11.2562814070352,10
11.2562814070352,7
11.2562814070352,9
11.2562814070352,8
11.2562814070352,7
11.2562814070352,8
11.2562814070352,8
11.2562814070352,6
11.2562814070352,8
11.2562814070352,5
11.2562814070352,6
11.2562814070352,8
11.2562814070352,4
11.4572864321608,4
11.4572864321608,8
11.4572864321608,8
11.4572864321608,6
11.4572864321608,9
11.4572864321608,3
11.4572864321608,7
11.4572864321608,3
11.4572864321608,4
11.4572864321608,7
11.4572864321608,4
11.4572864321608,4
11.4572864321608,9
11.4572864321608,6
11.4572864321608,9
11.4572864321608,6
11.4572864321608,6
11.4572864321608,4
11.4572864321608,8
11.4572864321608,9
11.4572864321608,8
11.4572864321608,6
11.4572864321608,10
11.4572864321608,6
11.4572864321608,5
11.4572864321608,8
11.4572864321608,7
11.4572864321608,5
11.4572864321608,6
11.4572864321608,8
11.4572864321608,7
11.4572864321608,8
11.4572864321608,6
11.4572864321608,8
11.4572864321608,5
11.4572864321608,8
11.4572864321608,7
11.4572864321608,9
11.4572864321608,9
11.4572864321608,7
11.4572864321608,11
11.4572864321608,6
11.4572864321608,7
11.4572864321608,7
11.4572864321608,7
11.4572864321608,9
11.4572864321608,8
11.4572864321608,6
11.4572864321608,7
11.4572864321608,9
11.4572864321608,3
11.4572864321608,6
11.4572864321608,7
11.4572864321608,6
11.4572864321608,17
11.4572864321608,5
11.4572864321608,6
11.4572864321608,7
11.4572864321608,2
11.4572864321608,6
11.4572864321608,6
11.4572864321608,6
11.4572864321608,6
11.4572864321608,8
11.4572864321608,10
11.4572864321608,8
11.4572864321608,6
11.4572864321608,7
11.4572864321608,7
11.4572864321608,2
11.4572864321608,7
11.4572864321608,9
11.4572864321608,8
11.4572864321608,5
11.4572864321608,6
11.4572864321608,5
11.4572864321608,7
11.4572864321608,6
11.4572864321608,4
11.4572864321608,4
11.4572864321608,8
11.4572864321608,4
11.4572864321608,4
11.4572864321608,2
11.4572864321608,8
11.4572864321608,5
11.4572864321608,5
11.4572864321608,5
11.4572864321608,8
11.4572864321608,7
11.4572864321608,4
11.4572864321608,5
11.4572864321608,8
11.4572864321608,3
11.4572864321608,11
11.4572864321608,11
11.4572864321608,9
11.4572864321608,8
11.4572864321608,4
11.4572864321608,6
11.4572864321608,8
11.4572864321608,9
11.4572864321608,10
11.4572864321608,7
11.4572864321608,5
11.4572864321608,15
11.4572864321608,5
11.4572864321608,12
11.4572864321608,4
11.4572864321608,8
11.4572864321608,4
11.4572864321608,6
11.4572864321608,6
11.4572864321608,8
11.4572864321608,4
11.4572864321608,14
11.4572864321608,3
11.4572864321608,3
11.4572864321608,6
11.4572864321608,7
11.4572864321608,8
11.4572864321608,12
11.4572864321608,7
11.4572864321608,6
11.4572864321608,4
11.4572864321608,9
11.4572864321608,5
11.4572864321608,9
11.4572864321608,8
11.4572864321608,8
11.4572864321608,5
11.4572864321608,7
11.4572864321608,7
11.4572864321608,4
11.4572864321608,7
11.4572864321608,7
11.4572864321608,4
11.4572864321608,8
11.4572864321608,5
11.4572864321608,9
11.4572864321608,9
11.4572864321608,6
11.4572864321608,5
11.4572864321608,10
11.4572864321608,5
11.4572864321608,9
11.4572864321608,6
11.4572864321608,8
11.4572864321608,5
11.4572864321608,8
11.4572864321608,8
11.4572864321608,6
11.4572864321608,8
11.4572864321608,3
11.4572864321608,4
11.4572864321608,9
11.4572864321608,5
11.4572864321608,8
11.4572864321608,5
11.4572864321608,3
11.4572864321608,10
11.4572864321608,5
11.4572864321608,8
11.4572864321608,8
11.4572864321608,4
11.4572864321608,5
11.4572864321608,10
11.4572864321608,11
11.4572864321608,10
11.4572864321608,8
11.4572864321608,5
11.4572864321608,4
11.4572864321608,8
11.4572864321608,11
11.4572864321608,11
11.4572864321608,5
11.4572864321608,8
11.4572864321608,5
11.4572864321608,1
11.4572864321608,4
11.4572864321608,4
11.4572864321608,9
11.4572864321608,5
11.4572864321608,9
11.4572864321608,5
11.4572864321608,12
11.4572864321608,5
11.4572864321608,8
11.4572864321608,4
11.4572864321608,14
11.4572864321608,11
11.4572864321608,4
11.4572864321608,6
11.4572864321608,11
11.4572864321608,9
11.4572864321608,10
11.4572864321608,4
11.4572864321608,6
11.4572864321608,5
11.4572864321608,5
11.6582914572864,5
11.6582914572864,6
11.6582914572864,4
11.6582914572864,8
11.6582914572864,5
11.6582914572864,3
11.6582914572864,7
11.6582914572864,5
11.6582914572864,5
11.6582914572864,7
11.6582914572864,7
11.6582914572864,6
11.6582914572864,7
11.6582914572864,6
11.6582914572864,4
11.6582914572864,12
11.6582914572864,7
11.6582914572864,9
11.6582914572864,6
11.6582914572864,6
11.6582914572864,6
11.6582914572864,7
11.6582914572864,6
11.6582914572864,10
11.6582914572864,9
11.6582914572864,6
11.6582914572864,8
11.6582914572864,10
11.6582914572864,8
11.6582914572864,16
11.6582914572864,7
11.6582914572864,5
11.6582914572864,10
11.6582914572864,7
11.6582914572864,6
11.6582914572864,9
11.6582914572864,4
11.6582914572864,8
11.6582914572864,4
11.6582914572864,1
11.6582914572864,4
11.6582914572864,5
11.6582914572864,7
11.6582914572864,10
11.6582914572864,9
11.6582914572864,11
11.6582914572864,5
11.6582914572864,2
11.6582914572864,7
11.6582914572864,6
11.6582914572864,8
11.6582914572864,10
11.6582914572864,5
11.6582914572864,9
11.6582914572864,7
11.6582914572864,12
11.6582914572864,8
11.6582914572864,8
11.6582914572864,7
11.6582914572864,6
11.6582914572864,2
11.6582914572864,6
11.6582914572864,8
11.6582914572864,9
11.6582914572864,9
11.6582914572864,2
11.6582914572864,10
11.6582914572864,5
11.6582914572864,8
11.6582914572864,6
11.6582914572864,6
11.6582914572864,6
11.6582914572864,7
11.6582914572864,6
11.6582914572864,8
11.6582914572864,7
11.6582914572864,9
11.6582914572864,10
11.6582914572864,5
11.6582914572864,7
11.6582914572864,7
11.6582914572864,5
11.6582914572864,2
11.6582914572864,3
11.6582914572864,4
11.6582914572864,2
11.6582914572864,8
11.6582914572864,13
11.6582914572864,3
11.6582914572864,2
11.6582914572864,8
11.6582914572864,5
11.6582914572864,8
11.6582914572864,4
11.6582914572864,5
11.6582914572864,6
11.6582914572864,10
11.6582914572864,8
11.6582914572864,1
11.6582914572864,6
11.6582914572864,11
11.6582914572864,5
11.6582914572864,9
11.6582914572864,7
11.6582914572864,6
11.6582914572864,9
11.6582914572864,5
11.6582914572864,4
11.6582914572864,4
11.6582914572864,7
11.6582914572864,5
11.6582914572864,11
11.6582914572864,7
11.6582914572864,6
11.6582914572864,8
11.6582914572864,13
11.6582914572864,5
11.6582914572864,7
11.6582914572864,12
11.6582914572864,7
11.6582914572864,8
11.6582914572864,3
11.6582914572864,6
11.6582914572864,5
11.6582914572864,10
11.6582914572864,8
11.6582914572864,7
11.6582914572864,11
11.6582914572864,9
11.6582914572864,7
11.6582914572864,8
11.6582914572864,9
11.6582914572864,9
11.6582914572864,7
11.6582914572864,6
11.6582914572864,2
11.6582914572864,7
11.6582914572864,5
11.6582914572864,9
11.6582914572864,8
11.6582914572864,5
11.6582914572864,9
11.6582914572864,9
11.6582914572864,4
11.6582914572864,8
11.6582914572864,5
11.6582914572864,8
11.6582914572864,10
11.6582914572864,4
11.6582914572864,5
11.6582914572864,12
11.6582914572864,7
11.6582914572864,6
11.6582914572864,11
11.6582914572864,7
11.6582914572864,6
11.6582914572864,5
11.6582914572864,4
11.6582914572864,7
11.6582914572864,8
11.6582914572864,6
11.6582914572864,6
11.6582914572864,6
11.6582914572864,9
11.6582914572864,4
11.6582914572864,5
11.6582914572864,5
11.6582914572864,4
11.6582914572864,4
11.6582914572864,12
11.6582914572864,4
11.6582914572864,7
11.6582914572864,6
11.6582914572864,5
11.6582914572864,11
11.6582914572864,6
11.6582914572864,7
11.6582914572864,8
11.6582914572864,7
11.6582914572864,9
11.6582914572864,9
11.6582914572864,4
11.6582914572864,10
11.6582914572864,8
11.6582914572864,4
11.6582914572864,8
11.6582914572864,7
11.6582914572864,7
11.6582914572864,4
11.6582914572864,5
11.6582914572864,5
11.6582914572864,4
11.6582914572864,7
11.6582914572864,5
11.6582914572864,6
11.6582914572864,7
11.6582914572864,4
11.6582914572864,9
11.6582914572864,6
11.6582914572864,10
11.8592964824121,9
11.8592964824121,10
11.8592964824121,7
11.8592964824121,12
11.8592964824121,6
11.8592964824121,4
11.8592964824121,4
11.8592964824121,4
11.8592964824121,4
11.8592964824121,11
11.8592964824121,6
11.8592964824121,8
11.8592964824121,6
11.8592964824121,6
11.8592964824121,3
11.8592964824121,5
11.8592964824121,5
11.8592964824121,12
11.8592964824121,11
11.8592964824121,9
11.8592964824121,4
11.8592964824121,7
11.8592964824121,6
11.8592964824121,9
11.8592964824121,11
11.8592964824121,5
11.8592964824121,6
11.8592964824121,9
11.8592964824121,6
11.8592964824121,1
11.8592964824121,4
11.8592964824121,8
11.8592964824121,4
11.8592964824121,8
11.8592964824121,5
11.8592964824121,7
11.8592964824121,4
11.8592964824121,8
11.8592964824121,8
11.8592964824121,8
11.8592964824121,7
11.8592964824121,8
11.8592964824121,10
11.8592964824121,4
11.8592964824121,7
11.8592964824121,7
11.8592964824121,9
11.8592964824121,6
11.8592964824121,11
11.8592964824121,10
11.8592964824121,6
11.8592964824121,1
11.8592964824121,9
11.8592964824121,5
11.8592964824121,8
11.8592964824121,6
11.8592964824121,8
11.8592964824121,6
11.8592964824121,7
11.8592964824121,4
11.8592964824121,4
11.8592964824121,9
11.8592964824121,6
11.8592964824121,9
11.8592964824121,6
11.8592964824121,5
11.8592964824121,8
11.8592964824121,12
11.8592964824121,4
11.8592964824121,7
11.8592964824121,6
11.8592964824121,8
11.8592964824121,7
11.8592964824121,6
11.8592964824121,5
11.8592964824121,5
11.8592964824121,7
11.8592964824121,6
11.8592964824121,6
11.8592964824121,9
11.8592964824121,10
11.8592964824121,8
11.8592964824121,5
11.8592964824121,5
11.8592964824121,10
11.8592964824121,8
11.8592964824121,8
11.8592964824121,8
11.8592964824121,7
11.8592964824121,2
11.8592964824121,6
11.8592964824121,5
11.8592964824121,5
11.8592964824121,8
11.8592964824121,11
11.8592964824121,7
11.8592964824121,14
11.8592964824121,4
11.8592964824121,12
11.8592964824121,7
11.8592964824121,1
11.8592964824121,11
11.8592964824121,3
11.8592964824121,7
11.8592964824121,5
11.8592964824121,6
11.8592964824121,5
11.8592964824121,4
11.8592964824121,4
11.8592964824121,6
11.8592964824121,10
11.8592964824121,7
11.8592964824121,10
11.8592964824121,4
11.8592964824121,6
11.8592964824121,6
11.8592964824121,7
11.8592964824121,7
11.8592964824121,5
11.8592964824121,10
11.8592964824121,7
11.8592964824121,7
11.8592964824121,4
11.8592964824121,6
11.8592964824121,10
11.8592964824121,4
11.8592964824121,8
11.8592964824121,3
11.8592964824121,5
11.8592964824121,4
11.8592964824121,7
11.8592964824121,11
11.8592964824121,3
11.8592964824121,9
11.8592964824121,7
11.8592964824121,5
11.8592964824121,8
11.8592964824121,2
11.8592964824121,7
11.8592964824121,8
11.8592964824121,5
11.8592964824121,3
11.8592964824121,9
11.8592964824121,13
11.8592964824121,1
11.8592964824121,10
11.8592964824121,4
11.8592964824121,4
11.8592964824121,11
11.8592964824121,7
11.8592964824121,6
11.8592964824121,3
11.8592964824121,7
11.8592964824121,10
11.8592964824121,8
11.8592964824121,7
11.8592964824121,3
11.8592964824121,9
11.8592964824121,5
11.8592964824121,3
11.8592964824121,1
11.8592964824121,8
11.8592964824121,3
11.8592964824121,2
11.8592964824121,5
11.8592964824121,5
11.8592964824121,1
11.8592964824121,8
11.8592964824121,8
11.8592964824121,5
11.8592964824121,5
11.8592964824121,3
11.8592964824121,9
11.8592964824121,11
11.8592964824121,7
11.8592964824121,11
11.8592964824121,3
11.8592964824121,7
11.8592964824121,1
11.8592964824121,11
11.8592964824121,10
11.8592964824121,7
11.8592964824121,6
11.8592964824121,7
11.8592964824121,8
11.8592964824121,9
11.8592964824121,1
11.8592964824121,5
11.8592964824121,6
11.8592964824121,5
11.8592964824121,3
11.8592964824121,7
11.8592964824121,8
11.8592964824121,6
11.8592964824121,6
11.8592964824121,6
11.8592964824121,8
11.8592964824121,6
11.8592964824121,7
11.8592964824121,11
12.0603015075377,7
12.0603015075377,7
12.0603015075377,4
12.0603015075377,13
12.0603015075377,2
12.0603015075377,6
12.0603015075377,11
12.0603015075377,8
12.0603015075377,3
12.0603015075377,6
12.0603015075377,6
12.0603015075377,6
12.0603015075377,4
12.0603015075377,5
12.0603015075377,1
12.0603015075377,5
12.0603015075377,7
12.0603015075377,6
12.0603015075377,6
12.0603015075377,9
12.0603015075377,3
12.0603015075377,10
12.0603015075377,5
12.0603015075377,8
12.0603015075377,3
12.0603015075377,7
12.0603015075377,10
12.0603015075377,8
12.0603015075377,4
12.0603015075377,7
12.0603015075377,4
12.0603015075377,10
12.0603015075377,5
12.0603015075377,6
12.0603015075377,2
12.0603015075377,4
12.0603015075377,4
12.0603015075377,13
12.0603015075377,9
12.0603015075377,6
12.0603015075377,10
12.0603015075377,5
12.0603015075377,7
12.0603015075377,5
12.0603015075377,4
12.0603015075377,3
12.0603015075377,6
12.0603015075377,7
12.0603015075377,8
12.0603015075377,8
12.0603015075377,6
12.0603015075377,10
12.0603015075377,7
12.0603015075377,7
12.0603015075377,6
12.0603015075377,12
12.0603015075377,9
12.0603015075377,5
12.0603015075377,5
12.0603015075377,4
12.0603015075377,11
12.0603015075377,4
12.0603015075377,12
12.0603015075377,6
12.0603015075377,12
12.0603015075377,8
12.0603015075377,9
12.0603015075377,7
12.0603015075377,8
12.0603015075377,7
12.0603015075377,4
12.0603015075377,6
12.0603015075377,6
12.0603015075377,3
12.0603015075377,6
12.0603015075377,7
12.0603015075377,4
12.0603015075377,5
12.0603015075377,9
12.0603015075377,9
12.0603015075377,10
12.0603015075377,11
12.0603015075377,3
12.0603015075377,13
12.0603015075377,7
12.0603015075377,3
12.0603015075377,9
12.0603015075377,8
12.0603015075377,7
12.0603015075377,4
12.0603015075377,4
12.0603015075377,3
12.0603015075377,12
12.0603015075377,2
12.0603015075377,6
12.0603015075377,5
12.0603015075377,6
12.0603015075377,11
12.0603015075377,7
12.0603015075377,3
12.0603015075377,5
12.0603015075377,6
12.0603015075377,4
12.0603015075377,6
12.0603015075377,15
12.0603015075377,4
12.0603015075377,7
12.0603015075377,7
12.0603015075377,3
12.0603015075377,11
12.0603015075377,5
12.0603015075377,7
12.0603015075377,5
12.0603015075377,4
12.0603015075377,7
12.0603015075377,10
12.0603015075377,4
12.0603015075377,9
12.0603015075377,7
12.0603015075377,9
12.0603015075377,8
12.0603015075377,7
12.0603015075377,8
12.0603015075377,11
12.0603015075377,7
12.0603015075377,6
12.0603015075377,4
12.0603015075377,8
12.0603015075377,3
12.0603015075377,10
12.0603015075377,9
12.0603015075377,6
12.0603015075377,13
12.0603015075377,6
12.0603015075377,10
12.0603015075377,6
12.0603015075377,5
12.0603015075377,8
12.0603015075377,8
12.0603015075377,5
12.0603015075377,4
12.0603015075377,6
12.0603015075377,8
12.0603015075377,13
12.0603015075377,10
12.0603015075377,6
12.0603015075377,12
12.0603015075377,9
12.0603015075377,12
12.0603015075377,10
12.0603015075377,6
12.0603015075377,7
12.0603015075377,8
12.0603015075377,8
12.0603015075377,7
12.0603015075377,5
12.0603015075377,6
12.0603015075377,7
12.0603015075377,7
12.0603015075377,10
12.0603015075377,10
12.0603015075377,7
12.0603015075377,5
12.0603015075377,4
12.0603015075377,7
12.0603015075377,11
12.0603015075377,9
12.0603015075377,4
12.0603015075377,2
12.0603015075377,6
12.0603015075377,8
12.0603015075377,3
12.0603015075377,4
12.0603015075377,8
12.0603015075377,12
12.0603015075377,5
12.0603015075377,5
12.0603015075377,10
12.0603015075377,5
12.0603015075377,5
12.0603015075377,12
12.0603015075377,10
12.0603015075377,5
12.0603015075377,5
12.0603015075377,5
12.0603015075377,5
12.0603015075377,5
12.0603015075377,4
12.0603015075377,4
12.0603015075377,9
12.0603015075377,7
12.0603015075377,9
12.0603015075377,7
12.0603015075377,10
12.0603015075377,4
12.0603015075377,8
12.0603015075377,6
12.0603015075377,6
12.0603015075377,8
12.0603015075377,10
12.2613065326633,4
12.2613065326633,6
12.2613065326633,3
12.2613065326633,3
12.2613065326633,7
12.2613065326633,9
12.2613065326633,4
12.2613065326633,7
12.2613065326633,9
12.2613065326633,15
12.2613065326633,9
12.2613065326633,8
12.2613065326633,4
12.2613065326633,6
12.2613065326633,9
12.2613065326633,9
12.2613065326633,9
12.2613065326633,9
12.2613065326633,9
12.2613065326633,6
12.2613065326633,6
12.2613065326633,9
12.2613065326633,6
12.2613065326633,6
12.2613065326633,8
12.2613065326633,4
12.2613065326633,8
12.2613065326633,10
12.2613065326633,10
12.2613065326633,8
12.2613065326633,9
12.2613065326633,10
12.2613065326633,6
12.2613065326633,8
12.2613065326633,6
12.2613065326633,3
12.2613065326633,8
12.2613065326633,11
12.2613065326633,4
12.2613065326633,7
12.2613065326633,8
12.2613065326633,4
12.2613065326633,6
12.2613065326633,6
12.2613065326633,8
12.2613065326633,8
12.2613065326633,5
12.2613065326633,14
12.2613065326633,7
12.2613065326633,7
12.2613065326633,7
12.2613065326633,3
12.2613065326633,3
12.2613065326633,7
12.2613065326633,8
12.2613065326633,10
12.2613065326633,6
12.2613065326633,5
12.2613065326633,5
12.2613065326633,9
12.2613065326633,8
12.2613065326633,10
12.2613065326633,8
12.2613065326633,6
12.2613065326633,5
12.2613065326633,13
12.2613065326633,3
12.2613065326633,10
12.2613065326633,3
12.2613065326633,6
12.2613065326633,8
12.2613065326633,10
12.2613065326633,5
12.2613065326633,6
12.2613065326633,4
12.2613065326633,9
12.2613065326633,9
12.2613065326633,5
12.2613065326633,11
12.2613065326633,11
12.2613065326633,8
12.2613065326633,8
12.2613065326633,9
12.2613065326633,7
12.2613065326633,4
12.2613065326633,7
12.2613065326633,8
12.2613065326633,5
12.2613065326633,8
12.2613065326633,12
12.2613065326633,6
12.2613065326633,8
12.2613065326633,10
12.2613065326633,9
12.2613065326633,12
12.2613065326633,8
12.2613065326633,10
12.2613065326633,7
12.2613065326633,7
12.2613065326633,7
12.2613065326633,8
12.2613065326633,8
12.2613065326633,8
12.2613065326633,5
12.2613065326633,4
12.2613065326633,6
12.2613065326633,8
12.2613065326633,7
12.2613065326633,8
12.2613065326633,2
12.2613065326633,9
12.2613065326633,2
12.2613065326633,6
12.2613065326633,10
12.2613065326633,9
12.2613065326633,5
12.2613065326633,8
12.2613065326633,6
12.2613065326633,9
12.2613065326633,8
12.2613065326633,9
12.2613065326633,10
12.2613065326633,8
12.2613065326633,9
12.2613065326633,7
12.2613065326633,4
12.2613065326633,6
12.2613065326633,10
12.2613065326633,10
12.2613065326633,7
12.2613065326633,5
12.2613065326633,8
12.2613065326633,3
12.2613065326633,4
12.2613065326633,9
12.2613065326633,2
12.2613065326633,7
12.2613065326633,7
12.2613065326633,8
12.2613065326633,6
12.2613065326633,4
12.2613065326633,6
12.2613065326633,7
12.2613065326633,10
12.2613065326633,9
12.2613065326633,9
12.2613065326633,4
12.2613065326633,5
12.2613065326633,12
12.2613065326633,6
12.2613065326633,12
12.2613065326633,6
12.2613065326633,9
12.2613065326633,4
12.2613065326633,6
12.2613065326633,9
12.2613065326633,11
12.2613065326633,4
12.2613065326633,10
12.2613065326633,6
12.2613065326633,3
12.2613065326633,17
12.2613065326633,9
12.2613065326633,13
12.2613065326633,9
12.2613065326633,10
12.2613065326633,6
12.2613065326633,2
12.2613065326633,8
12.2613065326633,7
12.2613065326633,10
12.2613065326633,11
12.2613065326633,9
12.2613065326633,6
12.2613065326633,3
12.2613065326633,7
12.2613065326633,6
12.2613065326633,6
12.2613065326633,10
12.2613065326633,7
12.2613065326633,13
12.2613065326633,11
12.2613065326633,7
12.2613065326633,9
12.2613065326633,12
12.2613065326633,5
12.2613065326633,6
12.2613065326633,5
12.2613065326633,13
12.2613065326633,6
12.2613065326633,8
12.2613065326633,6
12.2613065326633,4
12.2613065326633,7
12.2613065326633,4
12.2613065326633,11
12.2613065326633,3
12.2613065326633,7
12.2613065326633,6
12.2613065326633,5
12.4623115577889,5
12.4623115577889,9
12.4623115577889,10
12.4623115577889,7
12.4623115577889,3
12.4623115577889,7
12.4623115577889,6
12.4623115577889,10
12.4623115577889,15
12.4623115577889,6
12.4623115577889,5
12.4623115577889,9
12.4623115577889,8
12.4623115577889,6
12.4623115577889,8
12.4623115577889,5
12.4623115577889,7
12.4623115577889,10
12.4623115577889,8
12.4623115577889,9
12.4623115577889,10
12.4623115577889,7
12.4623115577889,18
12.4623115577889,6
12.4623115577889,9
12.4623115577889,9
12.4623115577889,3
12.4623115577889,5
12.4623115577889,5
12.4623115577889,8
12.4623115577889,10
12.4623115577889,5
12.4623115577889,3
12.4623115577889,2
12.4623115577889,11
12.4623115577889,8
12.4623115577889,11
12.4623115577889,6
12.4623115577889,7
12.4623115577889,7
12.4623115577889,4
12.4623115577889,3
12.4623115577889,4
12.4623115577889,9
12.4623115577889,2
12.4623115577889,4
12.4623115577889,10
12.4623115577889,6
12.4623115577889,6
12.4623115577889,7
12.4623115577889,7
12.4623115577889,4
12.4623115577889,5
12.4623115577889,3
12.4623115577889,10
12.4623115577889,1
12.4623115577889,5
12.4623115577889,5
12.4623115577889,6
12.4623115577889,17
12.4623115577889,4
12.4623115577889,6
12.4623115577889,9
12.4623115577889,8
12.4623115577889,10
12.4623115577889,7
12.4623115577889,8
12.4623115577889,9
12.4623115577889,9
12.4623115577889,9
12.4623115577889,9
12.4623115577889,11
12.4623115577889,7
12.4623115577889,9
12.4623115577889,4
12.4623115577889,13
12.4623115577889,8
12.4623115577889,5
12.4623115577889,3
12.4623115577889,9
12.4623115577889,8
12.4623115577889,9
12.4623115577889,9
12.4623115577889,9
12.4623115577889,7
12.4623115577889,10
12.4623115577889,13
12.4623115577889,6
12.4623115577889,6
12.4623115577889,4
12.4623115577889,2
12.4623115577889,5
12.4623115577889,6
12.4623115577889,2
12.4623115577889,5
12.4623115577889,4
12.4623115577889,1
12.4623115577889,6
12.4623115577889,5
12.4623115577889,9
12.4623115577889,6
12.4623115577889,7
12.4623115577889,7
12.4623115577889,10
12.4623115577889,5
12.4623115577889,10
12.4623115577889,12
12.4623115577889,11
12.4623115577889,12
12.4623115577889,8
12.4623115577889,5
12.4623115577889,6
12.4623115577889,6
12.4623115577889,5
12.4623115577889,3
12.4623115577889,7
12.4623115577889,7
12.4623115577889,7
12.4623115577889,9
12.4623115577889,6
12.4623115577889,6
12.4623115577889,10
12.4623115577889,10
12.4623115577889,9
12.4623115577889,4
12.4623115577889,6
12.4623115577889,6
12.4623115577889,11
12.4623115577889,16
12.4623115577889,10
12.4623115577889,3
12.4623115577889,3
12.4623115577889,6
12.4623115577889,11
12.4623115577889,6
12.4623115577889,5
12.4623115577889,5
12.4623115577889,9
12.4623115577889,7
12.4623115577889,11
12.4623115577889,6
12.4623115577889,10
12.4623115577889,13
12.4623115577889,7
12.4623115577889,7
12.4623115577889,6
12.4623115577889,6
12.4623115577889,6
12.4623115577889,7
12.4623115577889,2
12.4623115577889,9
12.4623115577889,13
12.4623115577889,7
12.4623115577889,2
12.4623115577889,14
12.4623115577889,4
12.4623115577889,10
12.4623115577889,4
12.4623115577889,5
12.4623115577889,6
12.4623115577889,8
12.4623115577889,4
12.4623115577889,4
12.4623115577889,2
12.4623115577889,10
12.4623115577889,12
12.4623115577889,6
12.4623115577889,9
12.4623115577889,6
12.4623115577889,6
12.4623115577889,4
12.4623115577889,7
12.4623115577889,6
12.4623115577889,10
12.4623115577889,7
12.4623115577889,8
12.4623115577889,8
12.4623115577889,4
12.4623115577889,7
12.4623115577889,11
12.4623115577889,6
12.4623115577889,5
12.4623115577889,13
12.4623115577889,7
12.4623115577889,4
12.4623115577889,7
12.4623115577889,12
12.4623115577889,9
12.4623115577889,11
12.4623115577889,5
12.4623115577889,5
12.4623115577889,5
12.4623115577889,6
12.4623115577889,12
12.4623115577889,8
12.4623115577889,6
12.4623115577889,5
12.4623115577889,4
12.4623115577889,5
12.4623115577889,6
12.6633165829146,7
12.6633165829146,7
12.6633165829146,7
12.6633165829146,9
12.6633165829146,7
12.6633165829146,10
12.6633165829146,7
12.6633165829146,5
12.6633165829146,12
12.6633165829146,8
12.6633165829146,12
12.6633165829146,5
12.6633165829146,10
12.6633165829146,14
12.6633165829146,9
12.6633165829146,8
12.6633165829146,12
12.6633165829146,11
12.6633165829146,5
12.6633165829146,6
12.6633165829146,7
12.6633165829146,9
12.6633165829146,3
12.6633165829146,6
12.6633165829146,3
12.6633165829146,6
12.6633165829146,7
12.6633165829146,4
12.6633165829146,12
12.6633165829146,6
12.6633165829146,3
12.6633165829146,9
12.6633165829146,11
12.6633165829146,7
12.6633165829146,7
12.6633165829146,7
12.6633165829146,7
12.6633165829146,13
12.6633165829146,5
12.6633165829146,11
12.6633165829146,5
12.6633165829146,14
12.6633165829146,11
12.6633165829146,4
12.6633165829146,9
12.6633165829146,6
12.6633165829146,11
12.6633165829146,10
12.6633165829146,9
12.6633165829146,3
12.6633165829146,8
12.6633165829146,8
12.6633165829146,8
12.6633165829146,5
12.6633165829146,7
12.6633165829146,6
12.6633165829146,5
12.6633165829146,8
12.6633165829146,1
12.6633165829146,7
12.6633165829146,5
12.6633165829146,6
12.6633165829146,8
12.6633165829146,6
12.6633165829146,5
12.6633165829146,13
12.6633165829146,4
12.6633165829146,8
12.6633165829146,4
12.6633165829146,6
12.6633165829146,6
12.6633165829146,5
12.6633165829146,9
12.6633165829146,7
12.6633165829146,7
12.6633165829146,11
12.6633165829146,10
12.6633165829146,2
12.6633165829146,6
12.6633165829146,10
12.6633165829146,9
12.6633165829146,8
12.6633165829146,7
12.6633165829146,3
12.6633165829146,8
12.6633165829146,4
12.6633165829146,7
12.6633165829146,5
12.6633165829146,6
12.6633165829146,9
12.6633165829146,7
12.6633165829146,11
12.6633165829146,5
12.6633165829146,7
12.6633165829146,10
12.6633165829146,6
12.6633165829146,7
12.6633165829146,11
12.6633165829146,5
12.6633165829146,9
12.6633165829146,5
12.6633165829146,5
12.6633165829146,6
12.6633165829146,8
12.6633165829146,3
12.6633165829146,8
12.6633165829146,5
12.6633165829146,12
12.6633165829146,5
12.6633165829146,8
12.6633165829146,8
12.6633165829146,4
12.6633165829146,10
12.6633165829146,6
12.6633165829146,6
12.6633165829146,9
12.6633165829146,4
12.6633165829146,9
12.6633165829146,11
12.6633165829146,13
12.6633165829146,5
12.6633165829146,10
12.6633165829146,15
12.6633165829146,8
12.6633165829146,3
12.6633165829146,9
12.6633165829146,13
12.6633165829146,4
12.6633165829146,8
12.6633165829146,8
12.6633165829146,3
12.6633165829146,11
12.6633165829146,5
12.6633165829146,8
12.6633165829146,8
12.6633165829146,8
12.6633165829146,11
12.6633165829146,9
12.6633165829146,6
12.6633165829146,5
12.6633165829146,7
12.6633165829146,5
12.6633165829146,6
12.6633165829146,11
12.6633165829146,5
12.6633165829146,11
12.6633165829146,6
12.6633165829146,7
12.6633165829146,13
12.6633165829146,7
12.6633165829146,3
12.6633165829146,6
12.6633165829146,8
12.6633165829146,5
12.6633165829146,7
12.6633165829146,7
12.6633165829146,6
12.6633165829146,6
12.6633165829146,5
12.6633165829146,10
12.6633165829146,6
12.6633165829146,5
12.6633165829146,9
12.6633165829146,6
12.6633165829146,9
12.6633165829146,5
12.6633165829146,1
12.6633165829146,1
12.6633165829146,10
12.6633165829146,8
12.6633165829146,8
12.6633165829146,5
12.6633165829146,3
12.6633165829146,10
12.6633165829146,10
12.6633165829146,6
12.6633165829146,9
12.6633165829146,5
12.6633165829146,7
12.6633165829146,6
12.6633165829146,8
12.6633165829146,4
12.6633165829146,2
12.6633165829146,7
12.6633165829146,8
12.6633165829146,9
12.6633165829146,9
12.6633165829146,9
12.6633165829146,8
12.6633165829146,6
12.6633165829146,5
12.6633165829146,7
12.6633165829146,12
12.6633165829146,6
12.6633165829146,9
12.6633165829146,10
12.6633165829146,5
12.6633165829146,7
12.6633165829146,8
12.6633165829146,6
12.8643216080402,7
12.8643216080402,8
12.8643216080402,9
12.8643216080402,8
12.8643216080402,4
12.8643216080402,9
12.8643216080402,8
12.8643216080402,4
12.8643216080402,10
12.8643216080402,6
12.8643216080402,11
12.8643216080402,8
12.8643216080402,8
12.8643216080402,7
12.8643216080402,9
12.8643216080402,5
12.8643216080402,8
12.8643216080402,2
12.8643216080402,12
12.8643216080402,7
12.8643216080402,4
12.8643216080402,11
12.8643216080402,12
12.8643216080402,10
12.8643216080402,6
12.8643216080402,6
12.8643216080402,5
12.8643216080402,9
12.8643216080402,8
12.8643216080402,7
12.8643216080402,6
12.8643216080402,4
12.8643216080402,8
12.8643216080402,4
12.8643216080402,11
12.8643216080402,2
12.8643216080402,5
12.8643216080402,5
12.8643216080402,6
12.8643216080402,7
12.8643216080402,9
12.8643216080402,5
12.8643216080402,3
12.8643216080402,2
12.8643216080402,5
12.8643216080402,6
12.8643216080402,8
12.8643216080402,10
12.8643216080402,8
12.8643216080402,8
12.8643216080402,5
12.8643216080402,9
12.8643216080402,7
12.8643216080402,9
12.8643216080402,11
12.8643216080402,6
12.8643216080402,9
12.8643216080402,8
12.8643216080402,5
12.8643216080402,6
12.8643216080402,6
12.8643216080402,4
12.8643216080402,8
12.8643216080402,3
12.8643216080402,11
12.8643216080402,9
12.8643216080402,7
12.8643216080402,8
12.8643216080402,6
12.8643216080402,9
12.8643216080402,10
12.8643216080402,2
12.8643216080402,5
12.8643216080402,3
12.8643216080402,9
12.8643216080402,7
12.8643216080402,7
12.8643216080402,10
12.8643216080402,9
12.8643216080402,3
12.8643216080402,12
12.8643216080402,7
12.8643216080402,4
12.8643216080402,8
12.8643216080402,11
12.8643216080402,9
12.8643216080402,7
12.8643216080402,8
12.8643216080402,10
12.8643216080402,5
12.8643216080402,6
12.8643216080402,5
12.8643216080402,10
12.8643216080402,5
12.8643216080402,10
12.8643216080402,3
12.8643216080402,8
12.8643216080402,7
12.8643216080402,6
12.8643216080402,11
12.8643216080402,4
12.8643216080402,11
12.8643216080402,8
12.8643216080402,13
12.8643216080402,11
12.8643216080402,8
12.8643216080402,7
12.8643216080402,15
12.8643216080402,4
12.8643216080402,7
12.8643216080402,9
12.8643216080402,5
12.8643216080402,5
12.8643216080402,9
12.8643216080402,7
12.8643216080402,9
12.8643216080402,5
12.8643216080402,3
12.8643216080402,3
12.8643216080402,4
12.8643216080402,5
12.8643216080402,6
12.8643216080402,9
12.8643216080402,10
12.8643216080402,5
12.8643216080402,4
12.8643216080402,6
12.8643216080402,4
12.8643216080402,9
12.8643216080402,3
12.8643216080402,8
12.8643216080402,15
12.8643216080402,11
12.8643216080402,8
12.8643216080402,9
12.8643216080402,7
12.8643216080402,7
12.8643216080402,9
12.8643216080402,3
12.8643216080402,6
12.8643216080402,10
12.8643216080402,11
12.8643216080402,10
12.8643216080402,8
12.8643216080402,9
12.8643216080402,11
12.8643216080402,8
12.8643216080402,3
12.8643216080402,8
12.8643216080402,7
12.8643216080402,5
12.8643216080402,6
12.8643216080402,9
12.8643216080402,6
12.8643216080402,6
12.8643216080402,3
12.8643216080402,7
12.8643216080402,5
12.8643216080402,6
12.8643216080402,8
12.8643216080402,4
12.8643216080402,6
12.8643216080402,8
12.8643216080402,9
12.8643216080402,9
12.8643216080402,10
12.8643216080402,9
12.8643216080402,8
12.8643216080402,5
12.8643216080402,4
12.8643216080402,3
12.8643216080402,6
12.8643216080402,4
12.8643216080402,10
12.8643216080402,3
12.8643216080402,1
12.8643216080402,6
12.8643216080402,5
12.8643216080402,10
12.8643216080402,8
12.8643216080402,6
12.8643216080402,8
12.8643216080402,5
12.8643216080402,8
12.8643216080402,6
12.8643216080402,8
12.8643216080402,14
12.8643216080402,4
12.8643216080402,7
12.8643216080402,9
12.8643216080402,4
12.8643216080402,9
12.8643216080402,8
12.8643216080402,6
12.8643216080402,3
12.8643216080402,4
12.8643216080402,5
12.8643216080402,9
12.8643216080402,9
12.8643216080402,7
13.0653266331658,7
13.0653266331658,3
13.0653266331658,6
13.0653266331658,8
13.0653266331658,5
13.0653266331658,16
13.0653266331658,11
13.0653266331658,8
13.0653266331658,2
13.0653266331658,8
13.0653266331658,11
13.0653266331658,4
13.0653266331658,10
13.0653266331658,8
13.0653266331658,5
13.0653266331658,8
13.0653266331658,4
13.0653266331658,9
13.0653266331658,3
13.0653266331658,8
13.0653266331658,8
13.0653266331658,10
13.0653266331658,7
13.0653266331658,9
13.0653266331658,2
13.0653266331658,8
13.0653266331658,5
13.0653266331658,8
13.0653266331658,5
13.0653266331658,4
13.0653266331658,9
13.0653266331658,4
13.0653266331658,9
13.0653266331658,3
13.0653266331658,10
13.0653266331658,9
13.0653266331658,13
13.0653266331658,6
13.0653266331658,9
13.0653266331658,5
13.0653266331658,7
13.0653266331658,10
13.0653266331658,5
13.0653266331658,8
13.0653266331658,12
13.0653266331658,3
13.0653266331658,8
13.0653266331658,8
13.0653266331658,4
13.0653266331658,9
13.0653266331658,8
13.0653266331658,9
13.0653266331658,10
13.0653266331658,7
13.0653266331658,6
13.0653266331658,7
13.0653266331658,5
13.0653266331658,9
13.0653266331658,11
13.0653266331658,7
13.0653266331658,9
13.0653266331658,6
13.0653266331658,5
13.0653266331658,4
13.0653266331658,8
13.0653266331658,9
13.0653266331658,8
13.0653266331658,3
13.0653266331658,5
13.0653266331658,6
13.0653266331658,12
13.0653266331658,16
13.0653266331658,10
13.0653266331658,5
13.0653266331658,9
13.0653266331658,7
13.0653266331658,7
13.0653266331658,5
13.0653266331658,10
13.0653266331658,5
13.0653266331658,10
13.0653266331658,7
13.0653266331658,11
13.0653266331658,10
13.0653266331658,6
13.0653266331658,4
13.0653266331658,8
13.0653266331658,5
13.0653266331658,10
13.0653266331658,7
13.0653266331658,5
13.0653266331658,4
13.0653266331658,7
13.0653266331658,9
13.0653266331658,9
13.0653266331658,8
13.0653266331658,6
13.0653266331658,8
13.0653266331658,11
13.0653266331658,7
13.0653266331658,6
13.0653266331658,7
13.0653266331658,8
13.0653266331658,10
13.0653266331658,11
13.0653266331658,9
13.0653266331658,8
13.0653266331658,2
13.0653266331658,4
13.0653266331658,3
13.0653266331658,8
13.0653266331658,10
13.0653266331658,6
13.0653266331658,13
13.0653266331658,8
13.0653266331658,8
13.0653266331658,8
13.0653266331658,6
13.0653266331658,4
13.0653266331658,6
13.0653266331658,14
13.0653266331658,4
13.0653266331658,5
13.0653266331658,2
13.0653266331658,4
13.0653266331658,8
13.0653266331658,12
13.0653266331658,9
13.0653266331658,7
13.0653266331658,7
13.0653266331658,8
13.0653266331658,4
13.0653266331658,8
13.0653266331658,9
13.0653266331658,10
13.0653266331658,7
13.0653266331658,4
13.0653266331658,4
13.0653266331658,7
13.0653266331658,7
13.0653266331658,8
13.0653266331658,9
13.0653266331658,8
13.0653266331658,8
13.0653266331658,6
13.0653266331658,9
13.0653266331658,4
13.0653266331658,11
13.0653266331658,7
13.0653266331658,12
13.0653266331658,8
13.0653266331658,10
13.0653266331658,12
13.0653266331658,8
13.0653266331658,7
13.0653266331658,9
13.0653266331658,7
13.0653266331658,7
13.0653266331658,4
13.0653266331658,7
13.0653266331658,11
13.0653266331658,9
13.0653266331658,6
13.0653266331658,7
13.0653266331658,6
13.0653266331658,6
13.0653266331658,9
13.0653266331658,5
13.0653266331658,6
13.0653266331658,3
13.0653266331658,13
13.0653266331658,8
13.0653266331658,8
13.0653266331658,6
13.0653266331658,4
13.0653266331658,14
13.0653266331658,5
13.0653266331658,8
13.0653266331658,6
13.0653266331658,6
13.0653266331658,7
13.0653266331658,8
13.0653266331658,9
13.0653266331658,9
13.0653266331658,6
13.0653266331658,5
13.0653266331658,10
13.0653266331658,11
13.0653266331658,7
13.0653266331658,8
13.0653266331658,9
13.0653266331658,8
13.0653266331658,5
13.0653266331658,8
13.0653266331658,2
13.0653266331658,8
13.0653266331658,13
13.0653266331658,5
13.0653266331658,8
13.0653266331658,12
13.2663316582915,6
13.2663316582915,4
13.2663316582915,4
13.2663316582915,17
13.2663316582915,8
13.2663316582915,6
13.2663316582915,5
13.2663316582915,9
13.2663316582915,6
13.2663316582915,4
13.2663316582915,10
13.2663316582915,7
13.2663316582915,7
13.2663316582915,12
13.2663316582915,11
13.2663316582915,6
13.2663316582915,11
13.2663316582915,5
13.2663316582915,2
13.2663316582915,7
13.2663316582915,12
13.2663316582915,8
13.2663316582915,7
13.2663316582915,7
13.2663316582915,9
13.2663316582915,4
13.2663316582915,9
13.2663316582915,6
13.2663316582915,4
13.2663316582915,4
13.2663316582915,10
13.2663316582915,11
13.2663316582915,8
13.2663316582915,7
13.2663316582915,8
13.2663316582915,12
13.2663316582915,9
13.2663316582915,6
13.2663316582915,2
13.2663316582915,7
13.2663316582915,6
13.2663316582915,6
13.2663316582915,5
13.2663316582915,7
13.2663316582915,4
13.2663316582915,4
13.2663316582915,8
13.2663316582915,3
13.2663316582915,8
13.2663316582915,9
13.2663316582915,4
13.2663316582915,8
13.2663316582915,9
13.2663316582915,10
13.2663316582915,4
13.2663316582915,9
13.2663316582915,11
13.2663316582915,4
13.2663316582915,5
13.2663316582915,10
13.2663316582915,9
13.2663316582915,5
13.2663316582915,9
13.2663316582915,11
13.2663316582915,9
13.2663316582915,9
13.2663316582915,7
13.2663316582915,3
13.2663316582915,8
13.2663316582915,9
13.2663316582915,9
13.2663316582915,6
13.2663316582915,5
13.2663316582915,4
13.2663316582915,8
13.2663316582915,8
13.2663316582915,10
13.2663316582915,5
13.2663316582915,8
13.2663316582915,9
13.2663316582915,10
13.2663316582915,6
13.2663316582915,14
13.2663316582915,9
13.2663316582915,9
13.2663316582915,3
13.2663316582915,7
13.2663316582915,10
13.2663316582915,6
13.2663316582915,1
13.2663316582915,3
13.2663316582915,9
13.2663316582915,4
13.2663316582915,6
13.2663316582915,8
13.2663316582915,14
13.2663316582915,6
13.2663316582915,7
13.2663316582915,6
13.2663316582915,10
13.2663316582915,7
13.2663316582915,13
13.2663316582915,9
13.2663316582915,4
13.2663316582915,5
13.2663316582915,10
13.2663316582915,12
13.2663316582915,10
13.2663316582915,8
13.2663316582915,14
13.2663316582915,4
13.2663316582915,10
13.2663316582915,6
13.2663316582915,8
13.2663316582915,7
13.2663316582915,8
13.2663316582915,6
13.2663316582915,6
13.2663316582915,2
13.2663316582915,9
13.2663316582915,6
13.2663316582915,6
13.2663316582915,4
13.2663316582915,5
13.2663316582915,7
13.2663316582915,8
13.2663316582915,4
13.2663316582915,12
13.2663316582915,5
13.2663316582915,12
13.2663316582915,8
13.2663316582915,8
13.2663316582915,7
13.2663316582915,0
13.2663316582915,6
13.2663316582915,9
13.2663316582915,14
13.2663316582915,6
13.2663316582915,7
13.2663316582915,4
13.2663316582915,3
13.2663316582915,3
13.2663316582915,8
13.2663316582915,4
13.2663316582915,8
13.2663316582915,11
13.2663316582915,10
13.2663316582915,6
13.2663316582915,9
13.2663316582915,8
13.2663316582915,7
13.2663316582915,10
13.2663316582915,6
13.2663316582915,5
13.2663316582915,7
13.2663316582915,4
13.2663316582915,7
13.2663316582915,4
13.2663316582915,10
13.2663316582915,6
13.2663316582915,6
13.2663316582915,9
13.2663316582915,13
13.2663316582915,2
13.2663316582915,5
13.2663316582915,8
13.2663316582915,14
13.2663316582915,6
13.2663316582915,5
13.2663316582915,6
13.2663316582915,2
13.2663316582915,9
13.2663316582915,3
13.2663316582915,7
13.2663316582915,10
13.2663316582915,6
13.2663316582915,15
13.2663316582915,4
13.2663316582915,5
13.2663316582915,9
13.2663316582915,9
13.2663316582915,4
13.2663316582915,9
13.2663316582915,11
13.2663316582915,5
13.2663316582915,4
13.2663316582915,7
13.2663316582915,9
13.2663316582915,2
13.2663316582915,10
13.2663316582915,5
13.2663316582915,10
13.2663316582915,11
13.2663316582915,6
13.2663316582915,7
13.2663316582915,3
13.2663316582915,3
13.2663316582915,13
13.2663316582915,11
13.2663316582915,11
13.4673366834171,5
13.4673366834171,6
13.4673366834171,2
13.4673366834171,5
13.4673366834171,9
13.4673366834171,5
13.4673366834171,5
13.4673366834171,11
13.4673366834171,7
13.4673366834171,10
13.4673366834171,11
13.4673366834171,5
13.4673366834171,8
13.4673366834171,4
13.4673366834171,8
13.4673366834171,7
13.4673366834171,6
13.4673366834171,7
13.4673366834171,5
13.4673366834171,7
13.4673366834171,10
13.4673366834171,6
13.4673366834171,7
13.4673366834171,17
13.4673366834171,12
13.4673366834171,6
13.4673366834171,8
13.4673366834171,8
13.4673366834171,5
13.4673366834171,11
13.4673366834171,9
13.4673366834171,8
13.4673366834171,9
13.4673366834171,8
13.4673366834171,11
13.4673366834171,6
13.4673366834171,6
13.4673366834171,4
13.4673366834171,5
13.4673366834171,10
13.4673366834171,6
13.4673366834171,5
13.4673366834171,7
13.4673366834171,8
13.4673366834171,8
13.4673366834171,5
13.4673366834171,8
13.4673366834171,6
13.4673366834171,6
13.4673366834171,5
13.4673366834171,7
13.4673366834171,7
13.4673366834171,8
13.4673366834171,6
13.4673366834171,6
13.4673366834171,9
13.4673366834171,9
13.4673366834171,8
13.4673366834171,7
13.4673366834171,9
13.4673366834171,11
13.4673366834171,12
13.4673366834171,5
13.4673366834171,6
13.4673366834171,8
13.4673366834171,9
13.4673366834171,8
13.4673366834171,5
13.4673366834171,7
13.4673366834171,13
13.4673366834171,9
13.4673366834171,7
13.4673366834171,11
13.4673366834171,6
13.4673366834171,11
13.4673366834171,7
13.4673366834171,6
13.4673366834171,8
13.4673366834171,2
13.4673366834171,14
13.4673366834171,12
13.4673366834171,6
13.4673366834171,3
13.4673366834171,8
13.4673366834171,5
13.4673366834171,6
13.4673366834171,11
13.4673366834171,7
13.4673366834171,8
13.4673366834171,12
13.4673366834171,7
13.4673366834171,9
13.4673366834171,7
13.4673366834171,5
13.4673366834171,3
13.4673366834171,7
13.4673366834171,9
13.4673366834171,7
13.4673366834171,14
13.4673366834171,7
13.4673366834171,6
13.4673366834171,8
13.4673366834171,7
13.4673366834171,8
13.4673366834171,5
13.4673366834171,9
13.4673366834171,11
13.4673366834171,5
13.4673366834171,8
13.4673366834171,6
13.4673366834171,4
13.4673366834171,11
13.4673366834171,4
13.4673366834171,8
13.4673366834171,6
13.4673366834171,8
13.4673366834171,4
13.4673366834171,10
13.4673366834171,4
13.4673366834171,10
13.4673366834171,12
13.4673366834171,9
13.4673366834171,8
13.4673366834171,5
13.4673366834171,8
13.4673366834171,6
13.4673366834171,7
13.4673366834171,9
13.4673366834171,8
13.4673366834171,6
13.4673366834171,6
13.4673366834171,6
13.4673366834171,5
13.4673366834171,16
13.4673366834171,9
13.4673366834171,11
13.4673366834171,9
13.4673366834171,5
13.4673366834171,10
13.4673366834171,9
13.4673366834171,9
13.4673366834171,6
13.4673366834171,7
13.4673366834171,8
13.4673366834171,6
13.4673366834171,18
13.4673366834171,7
13.4673366834171,5
13.4673366834171,6
13.4673366834171,6
13.4673366834171,7
13.4673366834171,2
13.4673366834171,9
13.4673366834171,7
13.4673366834171,4
13.4673366834171,7
13.4673366834171,6
13.4673366834171,1
13.4673366834171,10
13.4673366834171,11
13.4673366834171,9
13.4673366834171,5
13.4673366834171,10
13.4673366834171,7
13.4673366834171,10
13.4673366834171,11
13.4673366834171,10
13.4673366834171,11
13.4673366834171,12
13.4673366834171,5
13.4673366834171,7
13.4673366834171,6
13.4673366834171,8
13.4673366834171,9
13.4673366834171,11
13.4673366834171,7
13.4673366834171,5
13.4673366834171,4
13.4673366834171,3
13.4673366834171,8
13.4673366834171,11
13.4673366834171,8
13.4673366834171,10
13.4673366834171,7
13.4673366834171,3
13.4673366834171,4
13.4673366834171,7
13.4673366834171,9
13.4673366834171,5
13.4673366834171,9
13.4673366834171,6
13.4673366834171,9
13.4673366834171,9
13.4673366834171,9
13.4673366834171,2
13.4673366834171,5
13.4673366834171,7
13.4673366834171,9
13.4673366834171,9
13.4673366834171,4
13.6683417085427,7
13.6683417085427,8
13.6683417085427,9
13.6683417085427,10
13.6683417085427,14
13.6683417085427,8
13.6683417085427,12
13.6683417085427,8
13.6683417085427,6
13.6683417085427,7
13.6683417085427,4
13.6683417085427,7
13.6683417085427,8
13.6683417085427,3
13.6683417085427,4
13.6683417085427,4
13.6683417085427,6
13.6683417085427,7
13.6683417085427,9
13.6683417085427,7
13.6683417085427,11
13.6683417085427,5
13.6683417085427,6
13.6683417085427,2
13.6683417085427,7
13.6683417085427,5
13.6683417085427,9
13.6683417085427,10
13.6683417085427,6
13.6683417085427,3
13.6683417085427,5
13.6683417085427,6
13.6683417085427,8
13.6683417085427,7
13.6683417085427,7
13.6683417085427,7
13.6683417085427,3
13.6683417085427,6
13.6683417085427,1
13.6683417085427,6
13.6683417085427,9
13.6683417085427,10
13.6683417085427,11
13.6683417085427,9
13.6683417085427,2
13.6683417085427,14
13.6683417085427,7
13.6683417085427,11
13.6683417085427,10
13.6683417085427,8
13.6683417085427,4
13.6683417085427,8
13.6683417085427,10
13.6683417085427,6
13.6683417085427,7
13.6683417085427,13
13.6683417085427,7
13.6683417085427,10
13.6683417085427,11
13.6683417085427,4
13.6683417085427,6
13.6683417085427,10
13.6683417085427,3
13.6683417085427,6
13.6683417085427,10
13.6683417085427,6
13.6683417085427,7
13.6683417085427,12
13.6683417085427,10
13.6683417085427,7
13.6683417085427,5
13.6683417085427,8
13.6683417085427,8
13.6683417085427,9
13.6683417085427,4
13.6683417085427,2
13.6683417085427,8
13.6683417085427,7
13.6683417085427,6
13.6683417085427,10
13.6683417085427,6
13.6683417085427,10
13.6683417085427,11
13.6683417085427,7
13.6683417085427,8
13.6683417085427,8
13.6683417085427,1
13.6683417085427,9
13.6683417085427,7
13.6683417085427,7
13.6683417085427,10
13.6683417085427,4
13.6683417085427,7
13.6683417085427,7
13.6683417085427,5
13.6683417085427,10
13.6683417085427,11
13.6683417085427,14
13.6683417085427,6
13.6683417085427,4
13.6683417085427,8
13.6683417085427,9
13.6683417085427,7
13.6683417085427,5
13.6683417085427,5
13.6683417085427,9
13.6683417085427,6
13.6683417085427,12
13.6683417085427,7
13.6683417085427,7
13.6683417085427,4
13.6683417085427,11
13.6683417085427,8
13.6683417085427,14
13.6683417085427,5
13.6683417085427,6
13.6683417085427,8
13.6683417085427,8
13.6683417085427,6
13.6683417085427,13
13.6683417085427,9
13.6683417085427,4
13.6683417085427,9
13.6683417085427,2
13.6683417085427,7
13.6683417085427,8
13.6683417085427,11
13.6683417085427,3
13.6683417085427,5
13.6683417085427,6
13.6683417085427,14
13.6683417085427,7
13.6683417085427,3
13.6683417085427,11
13.6683417085427,5
13.6683417085427,8
13.6683417085427,4
13.6683417085427,11
13.6683417085427,9
13.6683417085427,13
13.6683417085427,8
13.6683417085427,9
13.6683417085427,7
13.6683417085427,10
13.6683417085427,8
13.6683417085427,7
13.6683417085427,11
13.6683417085427,8
13.6683417085427,6
13.6683417085427,7
13.6683417085427,14
13.6683417085427,9
13.6683417085427,5
13.6683417085427,6
13.6683417085427,10
13.6683417085427,10
13.6683417085427,10
13.6683417085427,7
13.6683417085427,6
13.6683417085427,5
13.6683417085427,6
13.6683417085427,7
13.6683417085427,8
13.6683417085427,10
13.6683417085427,10
13.6683417085427,6
13.6683417085427,12
13.6683417085427,7
13.6683417085427,6
13.6683417085427,9
13.6683417085427,8
13.6683417085427,11
13.6683417085427,10
13.6683417085427,8
13.6683417085427,4
13.6683417085427,7
13.6683417085427,9
13.6683417085427,7
13.6683417085427,3
13.6683417085427,5
13.6683417085427,11
13.6683417085427,13
13.6683417085427,2
13.6683417085427,7
13.6683417085427,8
13.6683417085427,10
13.6683417085427,9
13.6683417085427,5
13.6683417085427,7
13.6683417085427,8
13.6683417085427,9
13.6683417085427,7
13.6683417085427,11
13.6683417085427,5
13.6683417085427,4
13.6683417085427,11
13.6683417085427,17
13.6683417085427,9
13.6683417085427,9
13.6683417085427,7
13.8693467336683,6
13.8693467336683,6
13.8693467336683,2
13.8693467336683,3
13.8693467336683,12
13.8693467336683,7
13.8693467336683,8
13.8693467336683,10
13.8693467336683,12
13.8693467336683,7
13.8693467336683,6
13.8693467336683,5
13.8693467336683,7
13.8693467336683,10
13.8693467336683,5
13.8693467336683,6
13.8693467336683,11
13.8693467336683,11
13.8693467336683,6
13.8693467336683,4
13.8693467336683,4
13.8693467336683,6
13.8693467336683,8
13.8693467336683,9
13.8693467336683,9
13.8693467336683,3
13.8693467336683,3
13.8693467336683,8
13.8693467336683,8
13.8693467336683,9
13.8693467336683,7
13.8693467336683,6
13.8693467336683,11
13.8693467336683,8
13.8693467336683,11
13.8693467336683,5
13.8693467336683,7
13.8693467336683,5
13.8693467336683,10
13.8693467336683,4
13.8693467336683,7
13.8693467336683,9
13.8693467336683,8
13.8693467336683,9
13.8693467336683,11
13.8693467336683,11
13.8693467336683,3
13.8693467336683,11
13.8693467336683,10
13.8693467336683,12
13.8693467336683,8
13.8693467336683,10
13.8693467336683,13
13.8693467336683,7
13.8693467336683,7
13.8693467336683,3
13.8693467336683,4
13.8693467336683,3
13.8693467336683,10
13.8693467336683,5
13.8693467336683,8
13.8693467336683,14
13.8693467336683,7
13.8693467336683,9
13.8693467336683,13
13.8693467336683,7
13.8693467336683,12
13.8693467336683,7
13.8693467336683,6
13.8693467336683,8
13.8693467336683,13
13.8693467336683,3
13.8693467336683,3
13.8693467336683,6
13.8693467336683,7
13.8693467336683,8
13.8693467336683,7
13.8693467336683,8
13.8693467336683,7
13.8693467336683,13
13.8693467336683,8
13.8693467336683,8
13.8693467336683,7
13.8693467336683,7
13.8693467336683,11
13.8693467336683,14
13.8693467336683,6
13.8693467336683,8
13.8693467336683,8
13.8693467336683,3
13.8693467336683,6
13.8693467336683,6
13.8693467336683,8
13.8693467336683,8
13.8693467336683,9
13.8693467336683,10
13.8693467336683,12
13.8693467336683,8
13.8693467336683,8
13.8693467336683,10
13.8693467336683,10
13.8693467336683,9
13.8693467336683,5
13.8693467336683,9
13.8693467336683,10
13.8693467336683,11
13.8693467336683,11
13.8693467336683,5
13.8693467336683,6
13.8693467336683,6
13.8693467336683,7
13.8693467336683,7
13.8693467336683,7
13.8693467336683,6
13.8693467336683,6
13.8693467336683,11
13.8693467336683,11
13.8693467336683,4
13.8693467336683,12
13.8693467336683,7
13.8693467336683,7
13.8693467336683,10
13.8693467336683,8
13.8693467336683,7
13.8693467336683,4
13.8693467336683,8
13.8693467336683,8
13.8693467336683,10
13.8693467336683,7
13.8693467336683,5
13.8693467336683,8
13.8693467336683,6
13.8693467336683,4
13.8693467336683,9
13.8693467336683,6
13.8693467336683,5
13.8693467336683,8
13.8693467336683,7
13.8693467336683,8
13.8693467336683,7
13.8693467336683,8
13.8693467336683,11
13.8693467336683,4
13.8693467336683,3
13.8693467336683,8
13.8693467336683,7
13.8693467336683,6
13.8693467336683,11
13.8693467336683,5
13.8693467336683,10
13.8693467336683,6
13.8693467336683,10
13.8693467336683,6
13.8693467336683,7
13.8693467336683,8
13.8693467336683,6
13.8693467336683,9
13.8693467336683,11
13.8693467336683,5
13.8693467336683,7
13.8693467336683,7
13.8693467336683,9
13.8693467336683,11
13.8693467336683,4
13.8693467336683,10
13.8693467336683,5
13.8693467336683,3
13.8693467336683,12
13.8693467336683,11
13.8693467336683,8
13.8693467336683,3
13.8693467336683,7
13.8693467336683,10
13.8693467336683,7
13.8693467336683,12
13.8693467336683,5
13.8693467336683,8
13.8693467336683,9
13.8693467336683,7
13.8693467336683,4
13.8693467336683,7
13.8693467336683,7
13.8693467336683,4
13.8693467336683,7
13.8693467336683,5
13.8693467336683,7
13.8693467336683,6
13.8693467336683,5
13.8693467336683,4
13.8693467336683,8
13.8693467336683,9
13.8693467336683,8
13.8693467336683,6
13.8693467336683,4
13.8693467336683,13
13.8693467336683,8
13.8693467336683,8
13.8693467336683,11
13.8693467336683,4
13.8693467336683,14
14.070351758794,4
14.070351758794,5
14.070351758794,7
14.070351758794,4
14.070351758794,9
14.070351758794,4
14.070351758794,6
14.070351758794,6
14.070351758794,8
14.070351758794,6
14.070351758794,6
14.070351758794,8
14.070351758794,6
14.070351758794,9
14.070351758794,8
14.070351758794,9
14.070351758794,2
14.070351758794,5
14.070351758794,9
14.070351758794,6
14.070351758794,13
14.070351758794,9
14.070351758794,9
14.070351758794,6
14.070351758794,5
14.070351758794,5
14.070351758794,14
14.070351758794,6
14.070351758794,3
14.070351758794,3
14.070351758794,6
14.070351758794,9
14.070351758794,9
14.070351758794,13
14.070351758794,7
14.070351758794,6
14.070351758794,7
14.070351758794,7
14.070351758794,5
14.070351758794,5
14.070351758794,6
14.070351758794,6
14.070351758794,4
14.070351758794,12
14.070351758794,6
14.070351758794,6
14.070351758794,7
14.070351758794,5
14.070351758794,5
14.070351758794,10
14.070351758794,4
14.070351758794,10
14.070351758794,10
14.070351758794,15
14.070351758794,11
14.070351758794,9
14.070351758794,8
14.070351758794,7
14.070351758794,6
14.070351758794,10
14.070351758794,3
14.070351758794,10
14.070351758794,7
14.070351758794,11
14.070351758794,5
14.070351758794,8
14.070351758794,5
14.070351758794,5
14.070351758794,7
14.070351758794,4
14.070351758794,8
14.070351758794,14
14.070351758794,8
14.070351758794,5
14.070351758794,5
14.070351758794,10
14.070351758794,15
14.070351758794,9
14.070351758794,11
14.070351758794,4
14.070351758794,9
14.070351758794,5
14.070351758794,6
14.070351758794,4
14.070351758794,9
14.070351758794,12
14.070351758794,10
14.070351758794,4
14.070351758794,6
14.070351758794,5
14.070351758794,7
14.070351758794,6
14.070351758794,5
14.070351758794,11
14.070351758794,6
14.070351758794,5
14.070351758794,10
14.070351758794,9
14.070351758794,9
14.070351758794,4
14.070351758794,7
14.070351758794,7
14.070351758794,7
14.070351758794,6
14.070351758794,4
14.070351758794,10
14.070351758794,10
14.070351758794,8
14.070351758794,10
14.070351758794,9
14.070351758794,8
14.070351758794,5
14.070351758794,4
14.070351758794,10
14.070351758794,6
14.070351758794,11
14.070351758794,8
14.070351758794,9
14.070351758794,9
14.070351758794,10
14.070351758794,4
14.070351758794,10
14.070351758794,7
14.070351758794,7
14.070351758794,5
14.070351758794,10
14.070351758794,11
14.070351758794,8
14.070351758794,6
14.070351758794,5
14.070351758794,11
14.070351758794,5
14.070351758794,6
14.070351758794,7
14.070351758794,8
14.070351758794,9
14.070351758794,11
14.070351758794,12
14.070351758794,11
14.070351758794,16
14.070351758794,7
14.070351758794,8
14.070351758794,10
14.070351758794,3
14.070351758794,6
14.070351758794,5
14.070351758794,14
14.070351758794,8
14.070351758794,10
14.070351758794,10
14.070351758794,7
14.070351758794,10
14.070351758794,7
14.070351758794,10
14.070351758794,6
14.070351758794,9
14.070351758794,6
14.070351758794,8
14.070351758794,5
14.070351758794,5
14.070351758794,12
14.070351758794,7
14.070351758794,7
14.070351758794,7
14.070351758794,5
14.070351758794,9
14.070351758794,4
14.070351758794,7
14.070351758794,4
14.070351758794,9
14.070351758794,6
14.070351758794,10
14.070351758794,6
14.070351758794,6
14.070351758794,5
14.070351758794,9
14.070351758794,6
14.070351758794,5
14.070351758794,16
14.070351758794,8
14.070351758794,6
14.070351758794,5
14.070351758794,5
14.070351758794,8
14.070351758794,9
14.070351758794,11
14.070351758794,2
14.070351758794,10
14.070351758794,9
14.070351758794,8
14.070351758794,5
14.070351758794,6
14.070351758794,9
14.070351758794,8
14.070351758794,9
14.070351758794,7
14.070351758794,6
14.070351758794,6
14.070351758794,8
14.070351758794,9
14.2713567839196,7
14.2713567839196,7
14.2713567839196,9
14.2713567839196,9
14.2713567839196,2
14.2713567839196,5
14.2713567839196,6
14.2713567839196,9
14.2713567839196,16
14.2713567839196,7
14.2713567839196,2
14.2713567839196,9
14.2713567839196,6
14.2713567839196,3
14.2713567839196,9
14.2713567839196,11
14.2713567839196,8
14.2713567839196,6
14.2713567839196,8
14.2713567839196,9
14.2713567839196,8
14.2713567839196,7
14.2713567839196,4
14.2713567839196,8
14.2713567839196,10
14.2713567839196,9
14.2713567839196,5
14.2713567839196,7
14.2713567839196,14
14.2713567839196,9
14.2713567839196,7
14.2713567839196,6
14.2713567839196,6
14.2713567839196,7
14.2713567839196,14
14.2713567839196,8
14.2713567839196,5
14.2713567839196,5
14.2713567839196,13
14.2713567839196,8
14.2713567839196,9
14.2713567839196,9
14.2713567839196,12
14.2713567839196,6
14.2713567839196,4
14.2713567839196,6
14.2713567839196,8
14.2713567839196,9
14.2713567839196,6
14.2713567839196,8
14.2713567839196,7
14.2713567839196,7
14.2713567839196,13
14.2713567839196,12
14.2713567839196,6
14.2713567839196,9
14.2713567839196,6
14.2713567839196,3
14.2713567839196,6
14.2713567839196,11
14.2713567839196,7
14.2713567839196,5
14.2713567839196,9
14.2713567839196,8
14.2713567839196,6
14.2713567839196,8
14.2713567839196,9
14.2713567839196,4
14.2713567839196,12
14.2713567839196,14
14.2713567839196,11
14.2713567839196,10
14.2713567839196,3
14.2713567839196,4
14.2713567839196,8
14.2713567839196,8
14.2713567839196,7
14.2713567839196,3
14.2713567839196,9
14.2713567839196,6
14.2713567839196,7
14.2713567839196,6
14.2713567839196,8
14.2713567839196,15
14.2713567839196,8
14.2713567839196,5
14.2713567839196,5
14.2713567839196,13
14.2713567839196,9
14.2713567839196,9
14.2713567839196,5
14.2713567839196,7
14.2713567839196,7
14.2713567839196,9
14.2713567839196,13
14.2713567839196,7
14.2713567839196,9
14.2713567839196,6
14.2713567839196,5
14.2713567839196,5
14.2713567839196,4
14.2713567839196,8
14.2713567839196,7
14.2713567839196,7
14.2713567839196,13
14.2713567839196,13
14.2713567839196,9
14.2713567839196,10
14.2713567839196,3
14.2713567839196,4
14.2713567839196,11
14.2713567839196,8
14.2713567839196,8
14.2713567839196,8
14.2713567839196,5
14.2713567839196,5
14.2713567839196,13
14.2713567839196,10
14.2713567839196,10
14.2713567839196,2
14.2713567839196,6
14.2713567839196,6
14.2713567839196,3
14.2713567839196,10
14.2713567839196,9
14.2713567839196,12
14.2713567839196,3
14.2713567839196,11
14.2713567839196,6
14.2713567839196,4
14.2713567839196,13
14.2713567839196,5
14.2713567839196,5
14.2713567839196,13
14.2713567839196,6
14.2713567839196,5
14.2713567839196,7
14.2713567839196,8
14.2713567839196,5
14.2713567839196,9
14.2713567839196,7
14.2713567839196,8
14.2713567839196,9
14.2713567839196,9
14.2713567839196,3
14.2713567839196,9
14.2713567839196,9
14.2713567839196,5
14.2713567839196,10
14.2713567839196,7
14.2713567839196,6
14.2713567839196,3
14.2713567839196,12
14.2713567839196,5
14.2713567839196,5
14.2713567839196,8
14.2713567839196,10
14.2713567839196,7
14.2713567839196,7
14.2713567839196,9
14.2713567839196,6
14.2713567839196,3
14.2713567839196,7
14.2713567839196,13
14.2713567839196,7
14.2713567839196,11
14.2713567839196,9
14.2713567839196,5
14.2713567839196,6
14.2713567839196,10
14.2713567839196,9
14.2713567839196,2
14.2713567839196,4
14.2713567839196,8
14.2713567839196,6
14.2713567839196,12
14.2713567839196,7
14.2713567839196,10
14.2713567839196,5
14.2713567839196,6
14.2713567839196,6
14.2713567839196,11
14.2713567839196,4
14.2713567839196,12
14.2713567839196,7
14.2713567839196,8
14.2713567839196,8
14.2713567839196,9
14.2713567839196,8
14.2713567839196,7
14.2713567839196,9
14.2713567839196,8
14.2713567839196,6
14.2713567839196,11
14.2713567839196,7
14.2713567839196,11
14.2713567839196,4
14.2713567839196,5
14.2713567839196,9
14.2713567839196,8
14.4723618090452,8
14.4723618090452,10
14.4723618090452,12
14.4723618090452,9
14.4723618090452,4
14.4723618090452,9
14.4723618090452,7
14.4723618090452,8
14.4723618090452,4
14.4723618090452,1
14.4723618090452,5
14.4723618090452,6
14.4723618090452,11
14.4723618090452,7
14.4723618090452,5
14.4723618090452,5
14.4723618090452,9
14.4723618090452,6
14.4723618090452,4
14.4723618090452,10
14.4723618090452,13
14.4723618090452,7
14.4723618090452,5
14.4723618090452,3
14.4723618090452,5
14.4723618090452,8
14.4723618090452,6
14.4723618090452,5
14.4723618090452,8
14.4723618090452,4
14.4723618090452,8
14.4723618090452,9
14.4723618090452,2
14.4723618090452,6
14.4723618090452,11
14.4723618090452,3
14.4723618090452,6
14.4723618090452,8
14.4723618090452,9
14.4723618090452,5
14.4723618090452,11
14.4723618090452,6
14.4723618090452,7
14.4723618090452,4
14.4723618090452,4
14.4723618090452,7
14.4723618090452,9
14.4723618090452,8
14.4723618090452,5
14.4723618090452,6
14.4723618090452,8
14.4723618090452,12
14.4723618090452,9
14.4723618090452,8
14.4723618090452,9
14.4723618090452,3
14.4723618090452,8
14.4723618090452,6
14.4723618090452,6
14.4723618090452,7
14.4723618090452,7
14.4723618090452,6
14.4723618090452,8
14.4723618090452,4
14.4723618090452,7
14.4723618090452,11
14.4723618090452,7
14.4723618090452,5
14.4723618090452,3
14.4723618090452,9
14.4723618090452,5
14.4723618090452,7
14.4723618090452,9
14.4723618090452,3
14.4723618090452,10
14.4723618090452,5
14.4723618090452,8
14.4723618090452,11
14.4723618090452,6
14.4723618090452,9
14.4723618090452,5
14.4723618090452,8
14.4723618090452,8
14.4723618090452,6
14.4723618090452,12
14.4723618090452,5
14.4723618090452,6
14.4723618090452,6
14.4723618090452,7
14.4723618090452,9
14.4723618090452,4
14.4723618090452,5
14.4723618090452,7
14.4723618090452,7
14.4723618090452,9
14.4723618090452,7
14.4723618090452,8
14.4723618090452,4
14.4723618090452,8
14.4723618090452,9
14.4723618090452,2
14.4723618090452,3
14.4723618090452,11
14.4723618090452,11
14.4723618090452,8
14.4723618090452,8
14.4723618090452,8
14.4723618090452,7
14.4723618090452,6
14.4723618090452,11
14.4723618090452,8
14.4723618090452,7
14.4723618090452,7
14.4723618090452,9
14.4723618090452,5
14.4723618090452,10
14.4723618090452,6
14.4723618090452,8
14.4723618090452,5
14.4723618090452,8
14.4723618090452,11
14.4723618090452,4
14.4723618090452,9
14.4723618090452,6
14.4723618090452,9
14.4723618090452,9
14.4723618090452,10
14.4723618090452,5
14.4723618090452,9
14.4723618090452,10
14.4723618090452,8
14.4723618090452,3
14.4723618090452,3
14.4723618090452,4
14.4723618090452,4
14.4723618090452,10
14.4723618090452,2
14.4723618090452,6
14.4723618090452,12
14.4723618090452,5
14.4723618090452,11
14.4723618090452,13
14.4723618090452,4
14.4723618090452,6
14.4723618090452,3
14.4723618090452,8
14.4723618090452,10
14.4723618090452,5
14.4723618090452,8
14.4723618090452,9
14.4723618090452,8
14.4723618090452,8
14.4723618090452,10
14.4723618090452,8
14.4723618090452,6
14.4723618090452,10
14.4723618090452,8
14.4723618090452,4
14.4723618090452,7
14.4723618090452,6
14.4723618090452,13
14.4723618090452,9
14.4723618090452,12
14.4723618090452,6
14.4723618090452,5
14.4723618090452,8
14.4723618090452,5
14.4723618090452,7
14.4723618090452,4
14.4723618090452,11
14.4723618090452,7
14.4723618090452,6
14.4723618090452,8
14.4723618090452,1
14.4723618090452,12
14.4723618090452,5
14.4723618090452,8
14.4723618090452,6
14.4723618090452,6
14.4723618090452,8
14.4723618090452,7
14.4723618090452,7
14.4723618090452,8
14.4723618090452,11
14.4723618090452,7
14.4723618090452,12
14.4723618090452,6
14.4723618090452,6
14.4723618090452,11
14.4723618090452,9
14.4723618090452,4
14.4723618090452,8
14.4723618090452,4
14.4723618090452,7
14.4723618090452,8
14.4723618090452,4
14.4723618090452,11
14.4723618090452,9
14.4723618090452,16
14.4723618090452,8
14.6733668341709,4
14.6733668341709,6
14.6733668341709,9
14.6733668341709,5
14.6733668341709,4
14.6733668341709,6
14.6733668341709,7
14.6733668341709,7
14.6733668341709,10
14.6733668341709,7
14.6733668341709,5
14.6733668341709,9
14.6733668341709,5
14.6733668341709,5
14.6733668341709,6
14.6733668341709,4
14.6733668341709,6
14.6733668341709,8
14.6733668341709,6
14.6733668341709,2
14.6733668341709,12
14.6733668341709,11
14.6733668341709,3
14.6733668341709,9
14.6733668341709,8
14.6733668341709,6
14.6733668341709,6
14.6733668341709,9
14.6733668341709,6
14.6733668341709,4
14.6733668341709,5
14.6733668341709,7
14.6733668341709,8
14.6733668341709,5
14.6733668341709,11
14.6733668341709,6
14.6733668341709,7
14.6733668341709,8
14.6733668341709,8
14.6733668341709,7
14.6733668341709,8
14.6733668341709,13
14.6733668341709,14
14.6733668341709,6
14.6733668341709,7
14.6733668341709,9
14.6733668341709,10
14.6733668341709,6
14.6733668341709,9
14.6733668341709,9
14.6733668341709,12
14.6733668341709,7
14.6733668341709,8
14.6733668341709,10
14.6733668341709,5
14.6733668341709,5
14.6733668341709,6
14.6733668341709,9
14.6733668341709,5
14.6733668341709,6
14.6733668341709,3
14.6733668341709,11
14.6733668341709,6
14.6733668341709,5
14.6733668341709,9
14.6733668341709,4
14.6733668341709,15
14.6733668341709,10
14.6733668341709,8
14.6733668341709,7
14.6733668341709,9
14.6733668341709,10
14.6733668341709,4
14.6733668341709,6
14.6733668341709,2
14.6733668341709,14
14.6733668341709,5
14.6733668341709,4
14.6733668341709,2
14.6733668341709,5
14.6733668341709,7
14.6733668341709,3
14.6733668341709,9
14.6733668341709,12
14.6733668341709,10
14.6733668341709,6
14.6733668341709,7
14.6733668341709,6
14.6733668341709,9
14.6733668341709,8
14.6733668341709,2
14.6733668341709,9
14.6733668341709,7
14.6733668341709,8
14.6733668341709,7
14.6733668341709,13
14.6733668341709,8
14.6733668341709,10
14.6733668341709,5
14.6733668341709,2
14.6733668341709,8
14.6733668341709,7
14.6733668341709,5
14.6733668341709,6
14.6733668341709,10
14.6733668341709,2
14.6733668341709,8
14.6733668341709,4
14.6733668341709,10
14.6733668341709,9
14.6733668341709,5
14.6733668341709,10
14.6733668341709,6
14.6733668341709,9
14.6733668341709,7
14.6733668341709,5
14.6733668341709,7
14.6733668341709,4
14.6733668341709,7
14.6733668341709,5
14.6733668341709,11
14.6733668341709,8
14.6733668341709,2
14.6733668341709,6
14.6733668341709,9
14.6733668341709,9
14.6733668341709,11
14.6733668341709,8
14.6733668341709,11
14.6733668341709,3
14.6733668341709,5
14.6733668341709,9
14.6733668341709,5
14.6733668341709,8
14.6733668341709,10
14.6733668341709,11
14.6733668341709,6
14.6733668341709,7
14.6733668341709,7
14.6733668341709,11
14.6733668341709,5
14.6733668341709,8
14.6733668341709,5
14.6733668341709,8
14.6733668341709,7
14.6733668341709,11
14.6733668341709,5
14.6733668341709,10
14.6733668341709,8
14.6733668341709,8
14.6733668341709,8
14.6733668341709,12
14.6733668341709,6
14.6733668341709,10
14.6733668341709,6
14.6733668341709,8
14.6733668341709,9
14.6733668341709,8
14.6733668341709,5
14.6733668341709,13
14.6733668341709,15
14.6733668341709,11
14.6733668341709,10
14.6733668341709,8
14.6733668341709,9
14.6733668341709,5
14.6733668341709,8
14.6733668341709,7
14.6733668341709,8
14.6733668341709,6
14.6733668341709,3
14.6733668341709,6
14.6733668341709,5
14.6733668341709,7
14.6733668341709,7
14.6733668341709,8
14.6733668341709,11
14.6733668341709,9
14.6733668341709,8
14.6733668341709,9
14.6733668341709,12
14.6733668341709,8
14.6733668341709,4
14.6733668341709,6
14.6733668341709,6
14.6733668341709,7
14.6733668341709,6
14.6733668341709,15
14.6733668341709,5
14.6733668341709,3
14.6733668341709,9
14.6733668341709,6
14.6733668341709,4
14.6733668341709,10
14.6733668341709,6
14.6733668341709,12
14.6733668341709,4
14.6733668341709,13
14.6733668341709,5
14.6733668341709,3
14.8743718592965,5
14.8743718592965,9
14.8743718592965,4
14.8743718592965,12
14.8743718592965,12
14.8743718592965,14
14.8743718592965,12
14.8743718592965,5
14.8743718592965,7
14.8743718592965,11
14.8743718592965,5
14.8743718592965,6
14.8743718592965,4
14.8743718592965,7
14.8743718592965,9
14.8743718592965,7
14.8743718592965,6
14.8743718592965,11
14.8743718592965,10
14.8743718592965,11
14.8743718592965,8
14.8743718592965,10
14.8743718592965,9
14.8743718592965,5
14.8743718592965,10
14.8743718592965,8
14.8743718592965,8
14.8743718592965,11
14.8743718592965,9
14.8743718592965,8
14.8743718592965,9
14.8743718592965,6
14.8743718592965,5
14.8743718592965,6
14.8743718592965,11
14.8743718592965,6
14.8743718592965,3
14.8743718592965,9
14.8743718592965,8
14.8743718592965,4
14.8743718592965,8
14.8743718592965,7
14.8743718592965,3
14.8743718592965,5
14.8743718592965,8
14.8743718592965,5
14.8743718592965,7
14.8743718592965,6
14.8743718592965,9
14.8743718592965,6
14.8743718592965,11
14.8743718592965,6
14.8743718592965,4
14.8743718592965,10
14.8743718592965,5
14.8743718592965,9
14.8743718592965,8
14.8743718592965,11
14.8743718592965,6
14.8743718592965,9
14.8743718592965,8
14.8743718592965,6
14.8743718592965,8
14.8743718592965,7
14.8743718592965,2
14.8743718592965,7
14.8743718592965,6
14.8743718592965,11
14.8743718592965,5
14.8743718592965,2
14.8743718592965,7
14.8743718592965,9
14.8743718592965,8
14.8743718592965,11
14.8743718592965,11
14.8743718592965,10
14.8743718592965,11
14.8743718592965,8
14.8743718592965,6
14.8743718592965,6
14.8743718592965,8
14.8743718592965,6
14.8743718592965,2
14.8743718592965,10
14.8743718592965,9
14.8743718592965,8
14.8743718592965,9
14.8743718592965,5
14.8743718592965,5
14.8743718592965,6
14.8743718592965,12
14.8743718592965,11
14.8743718592965,10
14.8743718592965,11
14.8743718592965,6
14.8743718592965,5
14.8743718592965,6
14.8743718592965,5
14.8743718592965,4
14.8743718592965,7
14.8743718592965,5
14.8743718592965,10
14.8743718592965,8
14.8743718592965,5
14.8743718592965,9
14.8743718592965,14
14.8743718592965,6
14.8743718592965,11
14.8743718592965,7
14.8743718592965,7
14.8743718592965,8
14.8743718592965,11
14.8743718592965,8
14.8743718592965,7
14.8743718592965,9
14.8743718592965,10
14.8743718592965,6
14.8743718592965,5
14.8743718592965,6
14.8743718592965,9
14.8743718592965,11
14.8743718592965,8
14.8743718592965,18
14.8743718592965,7
14.8743718592965,3
14.8743718592965,13
14.8743718592965,8
14.8743718592965,3
14.8743718592965,5
14.8743718592965,3
14.8743718592965,7
14.8743718592965,9
14.8743718592965,13
14.8743718592965,5
14.8743718592965,7
14.8743718592965,10
14.8743718592965,12
14.8743718592965,6
14.8743718592965,9
14.8743718592965,5
14.8743718592965,7
14.8743718592965,6
14.8743718592965,4
14.8743718592965,7
14.8743718592965,12
14.8743718592965,8
14.8743718592965,11
14.8743718592965,6
14.8743718592965,3
14.8743718592965,9
14.8743718592965,8
14.8743718592965,6
14.8743718592965,6
14.8743718592965,6
14.8743718592965,3
14.8743718592965,3
14.8743718592965,15
14.8743718592965,6
14.8743718592965,9
14.8743718592965,8
14.8743718592965,5
14.8743718592965,7
14.8743718592965,5
14.8743718592965,7
14.8743718592965,7
14.8743718592965,4
14.8743718592965,10
14.8743718592965,10
14.8743718592965,8
14.8743718592965,14
14.8743718592965,11
14.8743718592965,6
14.8743718592965,9
14.8743718592965,8
14.8743718592965,11
14.8743718592965,5
14.8743718592965,15
14.8743718592965,7
14.8743718592965,8
14.8743718592965,9
14.8743718592965,17
14.8743718592965,10
14.8743718592965,6
14.8743718592965,7
14.8743718592965,10
14.8743718592965,9
14.8743718592965,11
14.8743718592965,6
14.8743718592965,3
14.8743718592965,8
14.8743718592965,11
14.8743718592965,5
14.8743718592965,4
14.8743718592965,10
14.8743718592965,10
14.8743718592965,5
14.8743718592965,10
14.8743718592965,12
14.8743718592965,11
14.8743718592965,5
15.0753768844221,10
15.0753768844221,7
15.0753768844221,7
15.0753768844221,8
15.0753768844221,8
15.0753768844221,6
15.0753768844221,10
15.0753768844221,9
15.0753768844221,9
15.0753768844221,9
15.0753768844221,7
15.0753768844221,9
15.0753768844221,6
15.0753768844221,7
15.0753768844221,6
15.0753768844221,9
15.0753768844221,7
15.0753768844221,7
15.0753768844221,14
15.0753768844221,9
15.0753768844221,5
15.0753768844221,5
15.0753768844221,12
15.0753768844221,7
15.0753768844221,9
15.0753768844221,8
15.0753768844221,10
15.0753768844221,12
15.0753768844221,6
15.0753768844221,8
15.0753768844221,8
15.0753768844221,9
15.0753768844221,7
15.0753768844221,7
15.0753768844221,8
15.0753768844221,7
15.0753768844221,4
15.0753768844221,11
15.0753768844221,9
15.0753768844221,6
15.0753768844221,8
15.0753768844221,7
15.0753768844221,6
15.0753768844221,6
15.0753768844221,9
15.0753768844221,7
15.0753768844221,3
15.0753768844221,10
15.0753768844221,9
15.0753768844221,7
15.0753768844221,6
15.0753768844221,5
15.0753768844221,8
15.0753768844221,6
15.0753768844221,5
15.0753768844221,8
15.0753768844221,9
15.0753768844221,11
15.0753768844221,3
15.0753768844221,6
15.0753768844221,6
15.0753768844221,5
15.0753768844221,7
15.0753768844221,9
15.0753768844221,12
15.0753768844221,9
15.0753768844221,9
15.0753768844221,12
15.0753768844221,8
15.0753768844221,5
15.0753768844221,10
15.0753768844221,7
15.0753768844221,10
15.0753768844221,3
15.0753768844221,6
15.0753768844221,9
15.0753768844221,7
15.0753768844221,4
15.0753768844221,6
15.0753768844221,6
15.0753768844221,6
15.0753768844221,2
15.0753768844221,7
15.0753768844221,2
15.0753768844221,5
15.0753768844221,10
15.0753768844221,12
15.0753768844221,8
15.0753768844221,12
15.0753768844221,3
15.0753768844221,9
15.0753768844221,6
15.0753768844221,4
15.0753768844221,15
15.0753768844221,9
15.0753768844221,9
15.0753768844221,17
15.0753768844221,9
15.0753768844221,6
15.0753768844221,9
15.0753768844221,13
15.0753768844221,6
15.0753768844221,5
15.0753768844221,10
15.0753768844221,7
15.0753768844221,7
15.0753768844221,11
15.0753768844221,11
15.0753768844221,7
15.0753768844221,7
15.0753768844221,11
15.0753768844221,8
15.0753768844221,9
15.0753768844221,3
15.0753768844221,9
15.0753768844221,4
15.0753768844221,8
15.0753768844221,9
15.0753768844221,6
15.0753768844221,6
15.0753768844221,12
15.0753768844221,10
15.0753768844221,11
15.0753768844221,9
15.0753768844221,11
15.0753768844221,11
15.0753768844221,8
15.0753768844221,8
15.0753768844221,10
15.0753768844221,9
15.0753768844221,4
15.0753768844221,7
15.0753768844221,9
15.0753768844221,4
15.0753768844221,6
15.0753768844221,10
15.0753768844221,11
15.0753768844221,7
15.0753768844221,10
15.0753768844221,7
15.0753768844221,4
15.0753768844221,7
15.0753768844221,11
15.0753768844221,5
15.0753768844221,8
15.0753768844221,10
15.0753768844221,12
15.0753768844221,5
15.0753768844221,14
15.0753768844221,10
15.0753768844221,10
15.0753768844221,5
15.0753768844221,7
15.0753768844221,7
15.0753768844221,11
15.0753768844221,13
15.0753768844221,7
15.0753768844221,11
15.0753768844221,8
15.0753768844221,7
15.0753768844221,8
15.0753768844221,7
15.0753768844221,12
15.0753768844221,4
15.0753768844221,9
15.0753768844221,6
15.0753768844221,10
15.0753768844221,4
15.0753768844221,8
15.0753768844221,9
15.0753768844221,11
15.0753768844221,7
15.0753768844221,10
15.0753768844221,9
15.0753768844221,8
15.0753768844221,4
15.0753768844221,8
15.0753768844221,8
15.0753768844221,8
15.0753768844221,7
15.0753768844221,1
15.0753768844221,7
15.0753768844221,8
15.0753768844221,11
15.0753768844221,5
15.0753768844221,5
15.0753768844221,10
15.0753768844221,8
15.0753768844221,8
15.0753768844221,5
15.0753768844221,9
15.0753768844221,6
15.0753768844221,4
15.0753768844221,7
15.0753768844221,7
15.0753768844221,11
15.0753768844221,8
15.0753768844221,4
15.0753768844221,15
15.0753768844221,9
15.2763819095477,9
15.2763819095477,4
15.2763819095477,7
15.2763819095477,8
15.2763819095477,11
15.2763819095477,7
15.2763819095477,9
15.2763819095477,12
15.2763819095477,5
15.2763819095477,7
15.2763819095477,7
15.2763819095477,8
15.2763819095477,8
15.2763819095477,5
15.2763819095477,5
15.2763819095477,4
15.2763819095477,7
15.2763819095477,5
15.2763819095477,9
15.2763819095477,5
15.2763819095477,6
15.2763819095477,10
15.2763819095477,4
15.2763819095477,6
15.2763819095477,10
15.2763819095477,12
15.2763819095477,10
15.2763819095477,8
15.2763819095477,8
15.2763819095477,6
15.2763819095477,10
15.2763819095477,13
15.2763819095477,9
15.2763819095477,7
15.2763819095477,5
15.2763819095477,4
15.2763819095477,10
15.2763819095477,7
15.2763819095477,5
15.2763819095477,3
15.2763819095477,7
15.2763819095477,5
15.2763819095477,10
15.2763819095477,8
15.2763819095477,6
15.2763819095477,7
15.2763819095477,11
15.2763819095477,7
15.2763819095477,10
15.2763819095477,8
15.2763819095477,6
15.2763819095477,4
15.2763819095477,3
15.2763819095477,8
15.2763819095477,6
15.2763819095477,8
15.2763819095477,3
15.2763819095477,7
15.2763819095477,11
15.2763819095477,6
15.2763819095477,11
15.2763819095477,7
15.2763819095477,11
15.2763819095477,7
15.2763819095477,6
15.2763819095477,7
15.2763819095477,7
15.2763819095477,4
15.2763819095477,10
15.2763819095477,8
15.2763819095477,9
15.2763819095477,11
15.2763819095477,2
15.2763819095477,9
15.2763819095477,12
15.2763819095477,8
15.2763819095477,3
15.2763819095477,5
15.2763819095477,10
15.2763819095477,8
15.2763819095477,8
15.2763819095477,5
15.2763819095477,6
15.2763819095477,6
15.2763819095477,16
15.2763819095477,3
15.2763819095477,10
15.2763819095477,7
15.2763819095477,4
15.2763819095477,5
15.2763819095477,5
15.2763819095477,8
15.2763819095477,8
15.2763819095477,8
15.2763819095477,7
15.2763819095477,8
15.2763819095477,7
15.2763819095477,9
15.2763819095477,7
15.2763819095477,9
15.2763819095477,2
15.2763819095477,7
15.2763819095477,7
15.2763819095477,10
15.2763819095477,2
15.2763819095477,13
15.2763819095477,7
15.2763819095477,5
15.2763819095477,13
15.2763819095477,13
15.2763819095477,7
15.2763819095477,8
15.2763819095477,8
15.2763819095477,7
15.2763819095477,4
15.2763819095477,11
15.2763819095477,4
15.2763819095477,8
15.2763819095477,2
15.2763819095477,11
15.2763819095477,8
15.2763819095477,3
15.2763819095477,4
15.2763819095477,5
15.2763819095477,8
15.2763819095477,8
15.2763819095477,6
15.2763819095477,8
15.2763819095477,6
15.2763819095477,9
15.2763819095477,7
15.2763819095477,5
15.2763819095477,8
15.2763819095477,8
15.2763819095477,3
15.2763819095477,5
15.2763819095477,4
15.2763819095477,6
15.2763819095477,9
15.2763819095477,10
15.2763819095477,9
15.2763819095477,10
15.2763819095477,12
15.2763819095477,7
15.2763819095477,10
15.2763819095477,7
15.2763819095477,4
15.2763819095477,8
15.2763819095477,6
15.2763819095477,14
15.2763819095477,7
15.2763819095477,5
15.2763819095477,7
15.2763819095477,5
15.2763819095477,10
15.2763819095477,6
15.2763819095477,9
15.2763819095477,12
15.2763819095477,7
15.2763819095477,9
15.2763819095477,8
15.2763819095477,3
15.2763819095477,7
15.2763819095477,7
15.2763819095477,4
15.2763819095477,12
15.2763819095477,11
15.2763819095477,6
15.2763819095477,9
15.2763819095477,7
15.2763819095477,5
15.2763819095477,10
15.2763819095477,12
15.2763819095477,9
15.2763819095477,9
15.2763819095477,7
15.2763819095477,8
15.2763819095477,4
15.2763819095477,6
15.2763819095477,3
15.2763819095477,7
15.2763819095477,7
15.2763819095477,6
15.2763819095477,13
15.2763819095477,11
15.2763819095477,8
15.2763819095477,9
15.2763819095477,7
15.2763819095477,5
15.2763819095477,7
15.2763819095477,8
15.2763819095477,9
15.2763819095477,7
15.2763819095477,3
15.2763819095477,6
15.2763819095477,11
15.2763819095477,4
15.2763819095477,6
15.2763819095477,9
15.2763819095477,4
15.4773869346734,8
15.4773869346734,8
15.4773869346734,11
15.4773869346734,8
15.4773869346734,8
15.4773869346734,10
15.4773869346734,8
15.4773869346734,9
15.4773869346734,10
15.4773869346734,4
15.4773869346734,6
15.4773869346734,10
15.4773869346734,10
15.4773869346734,4
15.4773869346734,6
15.4773869346734,8
15.4773869346734,7
15.4773869346734,7
15.4773869346734,16
15.4773869346734,5
15.4773869346734,10
15.4773869346734,8
15.4773869346734,8
15.4773869346734,6
15.4773869346734,5
15.4773869346734,7
15.4773869346734,8
15.4773869346734,10
15.4773869346734,6
15.4773869346734,10
15.4773869346734,5
15.4773869346734,10
15.4773869346734,7
15.4773869346734,6
15.4773869346734,11
15.4773869346734,9
15.4773869346734,8
15.4773869346734,5
15.4773869346734,5
15.4773869346734,8
15.4773869346734,7
15.4773869346734,8
15.4773869346734,11
15.4773869346734,7
15.4773869346734,9
15.4773869346734,3
15.4773869346734,4
15.4773869346734,12
15.4773869346734,12
15.4773869346734,8
15.4773869346734,9
15.4773869346734,5
15.4773869346734,5
15.4773869346734,2
15.4773869346734,5
15.4773869346734,7
15.4773869346734,8
15.4773869346734,7
15.4773869346734,10
15.4773869346734,9
15.4773869346734,10
15.4773869346734,13
15.4773869346734,11
15.4773869346734,12
15.4773869346734,8
15.4773869346734,6
15.4773869346734,7
15.4773869346734,5
15.4773869346734,7
15.4773869346734,4
15.4773869346734,8
15.4773869346734,4
15.4773869346734,8
15.4773869346734,7
15.4773869346734,6
15.4773869346734,1
15.4773869346734,12
15.4773869346734,10
15.4773869346734,4
15.4773869346734,4
15.4773869346734,4
15.4773869346734,5
15.4773869346734,8
15.4773869346734,14
15.4773869346734,12
15.4773869346734,15
15.4773869346734,6
15.4773869346734,4
15.4773869346734,13
15.4773869346734,7
15.4773869346734,6
15.4773869346734,12
15.4773869346734,4
15.4773869346734,7
15.4773869346734,6
15.4773869346734,5
15.4773869346734,5
15.4773869346734,6
15.4773869346734,7
15.4773869346734,8
15.4773869346734,12
15.4773869346734,9
15.4773869346734,8
15.4773869346734,7
15.4773869346734,8
15.4773869346734,14
15.4773869346734,10
15.4773869346734,6
15.4773869346734,9
15.4773869346734,5
15.4773869346734,10
15.4773869346734,7
15.4773869346734,9
15.4773869346734,9
15.4773869346734,9
15.4773869346734,3
15.4773869346734,4
15.4773869346734,8
15.4773869346734,6
15.4773869346734,13
15.4773869346734,11
15.4773869346734,10
15.4773869346734,5
15.4773869346734,8
15.4773869346734,3
15.4773869346734,9
15.4773869346734,14
15.4773869346734,12
15.4773869346734,9
15.4773869346734,9
15.4773869346734,9
15.4773869346734,5
15.4773869346734,12
15.4773869346734,6
15.4773869346734,6
15.4773869346734,5
15.4773869346734,5
15.4773869346734,11
15.4773869346734,7
15.4773869346734,6
15.4773869346734,4
15.4773869346734,7
15.4773869346734,6
15.4773869346734,6
15.4773869346734,5
15.4773869346734,12
15.4773869346734,12
15.4773869346734,11
15.4773869346734,11
15.4773869346734,12
15.4773869346734,7
15.4773869346734,8
15.4773869346734,6
15.4773869346734,8
15.4773869346734,5
15.4773869346734,8
15.4773869346734,2
15.4773869346734,4
15.4773869346734,7
15.4773869346734,7
15.4773869346734,5
15.4773869346734,6
15.4773869346734,6
15.4773869346734,7
15.4773869346734,5
15.4773869346734,6
15.4773869346734,9
15.4773869346734,5
15.4773869346734,6
15.4773869346734,7
15.4773869346734,5
15.4773869346734,6
15.4773869346734,4
15.4773869346734,7
15.4773869346734,7
15.4773869346734,5
15.4773869346734,9
15.4773869346734,10
15.4773869346734,7
15.4773869346734,9
15.4773869346734,11
15.4773869346734,6
15.4773869346734,6
15.4773869346734,9
15.4773869346734,5
15.4773869346734,7
15.4773869346734,7
15.4773869346734,10
15.4773869346734,7
15.4773869346734,6
15.4773869346734,13
15.4773869346734,15
15.4773869346734,5
15.4773869346734,7
15.4773869346734,10
15.4773869346734,9
15.4773869346734,8
15.4773869346734,12
15.4773869346734,8
15.4773869346734,3
15.678391959799,5
15.678391959799,8
15.678391959799,10
15.678391959799,11
15.678391959799,10
15.678391959799,11
15.678391959799,7
15.678391959799,7
15.678391959799,5
15.678391959799,6
15.678391959799,8
15.678391959799,6
15.678391959799,10
15.678391959799,13
15.678391959799,10
15.678391959799,13
15.678391959799,6
15.678391959799,9
15.678391959799,9
15.678391959799,10
15.678391959799,5
15.678391959799,10
15.678391959799,10
15.678391959799,11
15.678391959799,5
15.678391959799,7
15.678391959799,5
15.678391959799,11
15.678391959799,7
15.678391959799,10
15.678391959799,5
15.678391959799,10
15.678391959799,6
15.678391959799,7
15.678391959799,12
15.678391959799,7
15.678391959799,12
15.678391959799,5
15.678391959799,9
15.678391959799,3
15.678391959799,8
15.678391959799,9
15.678391959799,7
15.678391959799,9
15.678391959799,3
15.678391959799,11
15.678391959799,7
15.678391959799,10
15.678391959799,9
15.678391959799,5
15.678391959799,4
15.678391959799,7
15.678391959799,6
15.678391959799,4
15.678391959799,9
15.678391959799,6
15.678391959799,6
15.678391959799,5
15.678391959799,10
15.678391959799,6
15.678391959799,9
15.678391959799,5
15.678391959799,8
15.678391959799,12
15.678391959799,7
15.678391959799,7
15.678391959799,8
15.678391959799,6
15.678391959799,9
15.678391959799,8
15.678391959799,8
15.678391959799,6
15.678391959799,7
15.678391959799,6
15.678391959799,6
15.678391959799,5
15.678391959799,8
15.678391959799,3
15.678391959799,7
15.678391959799,6
15.678391959799,8
15.678391959799,6
15.678391959799,7
15.678391959799,10
15.678391959799,11
15.678391959799,6
15.678391959799,12
15.678391959799,11
15.678391959799,3
15.678391959799,6
15.678391959799,11
15.678391959799,6
15.678391959799,11
15.678391959799,14
15.678391959799,4
15.678391959799,8
15.678391959799,9
15.678391959799,6
15.678391959799,7
15.678391959799,7
15.678391959799,2
15.678391959799,8
15.678391959799,10
15.678391959799,9
15.678391959799,7
15.678391959799,4
15.678391959799,10
15.678391959799,5
15.678391959799,6
15.678391959799,9
15.678391959799,9
15.678391959799,9
15.678391959799,8
15.678391959799,8
15.678391959799,9
15.678391959799,11
15.678391959799,12
15.678391959799,7
15.678391959799,7
15.678391959799,6
15.678391959799,9
15.678391959799,4
15.678391959799,13
15.678391959799,7
15.678391959799,9
15.678391959799,4
15.678391959799,11
15.678391959799,10
15.678391959799,8
15.678391959799,10
15.678391959799,4
15.678391959799,12
15.678391959799,5
15.678391959799,5
15.678391959799,13
15.678391959799,8
15.678391959799,7
15.678391959799,4
15.678391959799,11
15.678391959799,9
15.678391959799,5
15.678391959799,6
15.678391959799,4
15.678391959799,8
15.678391959799,13
15.678391959799,8
15.678391959799,3
15.678391959799,9
15.678391959799,10
15.678391959799,6
15.678391959799,13
15.678391959799,5
15.678391959799,10
15.678391959799,4
15.678391959799,7
15.678391959799,7
15.678391959799,7
15.678391959799,11
15.678391959799,10
15.678391959799,14
15.678391959799,9
15.678391959799,14
15.678391959799,6
15.678391959799,7
15.678391959799,6
15.678391959799,6
15.678391959799,8
15.678391959799,7
15.678391959799,13
15.678391959799,12
15.678391959799,9
15.678391959799,10
15.678391959799,10
15.678391959799,6
15.678391959799,7
15.678391959799,10
15.678391959799,12
15.678391959799,9
15.678391959799,10
15.678391959799,7
15.678391959799,10
15.678391959799,4
15.678391959799,9
15.678391959799,10
15.678391959799,12
15.678391959799,15
15.678391959799,12
15.678391959799,10
15.678391959799,11
15.678391959799,6
15.678391959799,7
15.678391959799,9
15.678391959799,6
15.678391959799,7
15.678391959799,10
15.678391959799,8
15.678391959799,4
15.678391959799,9
15.678391959799,7
15.678391959799,8
15.8793969849246,7
15.8793969849246,9
15.8793969849246,12
15.8793969849246,11
15.8793969849246,4
15.8793969849246,13
15.8793969849246,6
15.8793969849246,10
15.8793969849246,9
15.8793969849246,2
15.8793969849246,3
15.8793969849246,7
15.8793969849246,6
15.8793969849246,8
15.8793969849246,8
15.8793969849246,9
15.8793969849246,11
15.8793969849246,4
15.8793969849246,6
15.8793969849246,15
15.8793969849246,6
15.8793969849246,11
15.8793969849246,9
15.8793969849246,8
15.8793969849246,10
15.8793969849246,9
15.8793969849246,7
15.8793969849246,5
15.8793969849246,7
15.8793969849246,6
15.8793969849246,11
15.8793969849246,7
15.8793969849246,7
15.8793969849246,11
15.8793969849246,10
15.8793969849246,14
15.8793969849246,6
15.8793969849246,9
15.8793969849246,5
15.8793969849246,11
15.8793969849246,11
15.8793969849246,6
15.8793969849246,8
15.8793969849246,8
15.8793969849246,15
15.8793969849246,5
15.8793969849246,10
15.8793969849246,8
15.8793969849246,6
15.8793969849246,13
15.8793969849246,8
15.8793969849246,3
15.8793969849246,9
15.8793969849246,5
15.8793969849246,5
15.8793969849246,10
15.8793969849246,5
15.8793969849246,9
15.8793969849246,6
15.8793969849246,2
15.8793969849246,2
15.8793969849246,5
15.8793969849246,10
15.8793969849246,10
15.8793969849246,10
15.8793969849246,11
15.8793969849246,7
15.8793969849246,3
15.8793969849246,10
15.8793969849246,8
15.8793969849246,6
15.8793969849246,10
15.8793969849246,4
15.8793969849246,8
15.8793969849246,9
15.8793969849246,9
15.8793969849246,14
15.8793969849246,4
15.8793969849246,15
15.8793969849246,6
15.8793969849246,4
15.8793969849246,10
15.8793969849246,8
15.8793969849246,6
15.8793969849246,13
15.8793969849246,4
15.8793969849246,11
15.8793969849246,2
15.8793969849246,11
15.8793969849246,8
15.8793969849246,7
15.8793969849246,6
15.8793969849246,8
15.8793969849246,13
15.8793969849246,6
15.8793969849246,3
15.8793969849246,5
15.8793969849246,8
15.8793969849246,6
15.8793969849246,14
15.8793969849246,7
15.8793969849246,7
15.8793969849246,8
15.8793969849246,14
15.8793969849246,4
15.8793969849246,7
15.8793969849246,4
15.8793969849246,10
15.8793969849246,12
15.8793969849246,12
15.8793969849246,7
15.8793969849246,10
15.8793969849246,7
15.8793969849246,5
15.8793969849246,3
15.8793969849246,7
15.8793969849246,11
15.8793969849246,10
15.8793969849246,5
15.8793969849246,8
15.8793969849246,9
15.8793969849246,9
15.8793969849246,8
15.8793969849246,10
15.8793969849246,9
15.8793969849246,4
15.8793969849246,8
15.8793969849246,7
15.8793969849246,4
15.8793969849246,8
15.8793969849246,2
15.8793969849246,9
15.8793969849246,7
15.8793969849246,13
15.8793969849246,7
15.8793969849246,10
15.8793969849246,15
15.8793969849246,5
15.8793969849246,4
15.8793969849246,7
15.8793969849246,8
15.8793969849246,6
15.8793969849246,10
15.8793969849246,10
15.8793969849246,13
15.8793969849246,10
15.8793969849246,8
15.8793969849246,10
15.8793969849246,8
15.8793969849246,8
15.8793969849246,9
15.8793969849246,11
15.8793969849246,7
15.8793969849246,3
15.8793969849246,4
15.8793969849246,9
15.8793969849246,7
15.8793969849246,7
15.8793969849246,6
15.8793969849246,6
15.8793969849246,15
15.8793969849246,13
15.8793969849246,3
15.8793969849246,11
15.8793969849246,9
15.8793969849246,10
15.8793969849246,14
15.8793969849246,12
15.8793969849246,8
15.8793969849246,8
15.8793969849246,8
15.8793969849246,10
15.8793969849246,8
15.8793969849246,11
15.8793969849246,5
15.8793969849246,6
15.8793969849246,4
15.8793969849246,7
15.8793969849246,10
15.8793969849246,10
15.8793969849246,8
15.8793969849246,8
15.8793969849246,9
15.8793969849246,2
15.8793969849246,4
15.8793969849246,7
15.8793969849246,10
15.8793969849246,5
15.8793969849246,5
15.8793969849246,6
15.8793969849246,9
15.8793969849246,5
15.8793969849246,9
15.8793969849246,7
15.8793969849246,2
15.8793969849246,6
15.8793969849246,10
15.8793969849246,7
15.8793969849246,5
15.8793969849246,10
16.0804020100502,6
16.0804020100502,4
16.0804020100502,13
16.0804020100502,7
16.0804020100502,13
16.0804020100502,8
16.0804020100502,9
16.0804020100502,5
16.0804020100502,7
16.0804020100502,7
16.0804020100502,5
16.0804020100502,6
16.0804020100502,6
16.0804020100502,10
16.0804020100502,10
16.0804020100502,12
16.0804020100502,10
16.0804020100502,5
16.0804020100502,10
16.0804020100502,10
16.0804020100502,13
16.0804020100502,11
16.0804020100502,10
16.0804020100502,7
16.0804020100502,3
16.0804020100502,8
16.0804020100502,9
16.0804020100502,6
16.0804020100502,7
16.0804020100502,8
16.0804020100502,9
16.0804020100502,5
16.0804020100502,11
16.0804020100502,11
16.0804020100502,4
16.0804020100502,8
16.0804020100502,7
16.0804020100502,12
16.0804020100502,12
16.0804020100502,9
16.0804020100502,7
16.0804020100502,8
16.0804020100502,8
16.0804020100502,5
16.0804020100502,8
16.0804020100502,9
16.0804020100502,10
16.0804020100502,9
16.0804020100502,9
16.0804020100502,8
16.0804020100502,11
16.0804020100502,6
16.0804020100502,9
16.0804020100502,7
16.0804020100502,11
16.0804020100502,8
16.0804020100502,11
16.0804020100502,9
16.0804020100502,14
16.0804020100502,4
16.0804020100502,6
16.0804020100502,14
16.0804020100502,9
16.0804020100502,4
16.0804020100502,13
16.0804020100502,7
16.0804020100502,8
16.0804020100502,9
16.0804020100502,6
16.0804020100502,10
16.0804020100502,7
16.0804020100502,9
16.0804020100502,14
16.0804020100502,8
16.0804020100502,3
16.0804020100502,6
16.0804020100502,11
16.0804020100502,7
16.0804020100502,14
16.0804020100502,7
16.0804020100502,10
16.0804020100502,10
16.0804020100502,6
16.0804020100502,12
16.0804020100502,6
16.0804020100502,8
16.0804020100502,7
16.0804020100502,10
16.0804020100502,3
16.0804020100502,8
16.0804020100502,9
16.0804020100502,9
16.0804020100502,7
16.0804020100502,10
16.0804020100502,10
16.0804020100502,4
16.0804020100502,6
16.0804020100502,7
16.0804020100502,4
16.0804020100502,12
16.0804020100502,4
16.0804020100502,6
16.0804020100502,12
16.0804020100502,11
16.0804020100502,8
16.0804020100502,8
16.0804020100502,12
16.0804020100502,9
16.0804020100502,4
16.0804020100502,8
16.0804020100502,8
16.0804020100502,11
16.0804020100502,6
16.0804020100502,9
16.0804020100502,18
16.0804020100502,5
16.0804020100502,11
16.0804020100502,8
16.0804020100502,7
16.0804020100502,6
16.0804020100502,3
16.0804020100502,7
16.0804020100502,7
16.0804020100502,5
16.0804020100502,15
16.0804020100502,10
16.0804020100502,9
16.0804020100502,8
16.0804020100502,8
16.0804020100502,5
16.0804020100502,5
16.0804020100502,4
16.0804020100502,5
16.0804020100502,7
16.0804020100502,11
16.0804020100502,9
16.0804020100502,8
16.0804020100502,8
16.0804020100502,5
16.0804020100502,14
16.0804020100502,10
16.0804020100502,8
16.0804020100502,8
16.0804020100502,6
16.0804020100502,10
16.0804020100502,10
16.0804020100502,11
16.0804020100502,4
16.0804020100502,9
16.0804020100502,6
16.0804020100502,10
16.0804020100502,9
16.0804020100502,2
16.0804020100502,4
16.0804020100502,4
16.0804020100502,10
16.0804020100502,14
16.0804020100502,5
16.0804020100502,8
16.0804020100502,7
16.0804020100502,10
16.0804020100502,9
16.0804020100502,5
16.0804020100502,1
16.0804020100502,7
16.0804020100502,5
16.0804020100502,10
16.0804020100502,10
16.0804020100502,12
16.0804020100502,7
16.0804020100502,6
16.0804020100502,8
16.0804020100502,4
16.0804020100502,7
16.0804020100502,4
16.0804020100502,11
16.0804020100502,4
16.0804020100502,8
16.0804020100502,14
16.0804020100502,6
16.0804020100502,10
16.0804020100502,12
16.0804020100502,6
16.0804020100502,9
16.0804020100502,7
16.0804020100502,5
16.0804020100502,8
16.0804020100502,4
16.0804020100502,6
16.0804020100502,9
16.0804020100502,10
16.0804020100502,7
16.0804020100502,6
16.0804020100502,8
16.0804020100502,6
16.0804020100502,6
16.0804020100502,1
16.0804020100502,4
16.0804020100502,6
16.0804020100502,10
16.2814070351759,12
16.2814070351759,12
16.2814070351759,8
16.2814070351759,10
16.2814070351759,4
16.2814070351759,8
16.2814070351759,10
16.2814070351759,11
16.2814070351759,10
16.2814070351759,6
16.2814070351759,9
16.2814070351759,13
16.2814070351759,8
16.2814070351759,11
16.2814070351759,7
16.2814070351759,2
16.2814070351759,8
16.2814070351759,6
16.2814070351759,6
16.2814070351759,11
16.2814070351759,9
16.2814070351759,3
16.2814070351759,7
16.2814070351759,7
16.2814070351759,10
16.2814070351759,6
16.2814070351759,9
16.2814070351759,6
16.2814070351759,13
16.2814070351759,9
16.2814070351759,6
16.2814070351759,15
16.2814070351759,5
16.2814070351759,9
16.2814070351759,5
16.2814070351759,9
16.2814070351759,6
16.2814070351759,12
16.2814070351759,7
16.2814070351759,10
16.2814070351759,8
16.2814070351759,6
16.2814070351759,8
16.2814070351759,5
16.2814070351759,6
16.2814070351759,12
16.2814070351759,7
16.2814070351759,10
16.2814070351759,7
16.2814070351759,10
16.2814070351759,6
16.2814070351759,9
16.2814070351759,9
16.2814070351759,13
16.2814070351759,4
16.2814070351759,9
16.2814070351759,9
16.2814070351759,6
16.2814070351759,5
16.2814070351759,7
16.2814070351759,6
16.2814070351759,2
16.2814070351759,7
16.2814070351759,12
16.2814070351759,13
16.2814070351759,9
16.2814070351759,6
16.2814070351759,11
16.2814070351759,5
16.2814070351759,11
16.2814070351759,5
16.2814070351759,5
16.2814070351759,4
16.2814070351759,9
16.2814070351759,9
16.2814070351759,10
16.2814070351759,9
16.2814070351759,5
16.2814070351759,11
16.2814070351759,5
16.2814070351759,8
16.2814070351759,5
16.2814070351759,11
16.2814070351759,9
16.2814070351759,10
16.2814070351759,10
16.2814070351759,6
16.2814070351759,8
16.2814070351759,12
16.2814070351759,6
16.2814070351759,6
16.2814070351759,6
16.2814070351759,9
16.2814070351759,7
16.2814070351759,13
16.2814070351759,10
16.2814070351759,6
16.2814070351759,7
16.2814070351759,13
16.2814070351759,7
16.2814070351759,9
16.2814070351759,10
16.2814070351759,10
16.2814070351759,5
16.2814070351759,7
16.2814070351759,12
16.2814070351759,4
16.2814070351759,14
16.2814070351759,7
16.2814070351759,7
16.2814070351759,10
16.2814070351759,6
16.2814070351759,10
16.2814070351759,7
16.2814070351759,3
16.2814070351759,13
16.2814070351759,13
16.2814070351759,5
16.2814070351759,5
16.2814070351759,6
16.2814070351759,7
16.2814070351759,8
16.2814070351759,12
16.2814070351759,10
16.2814070351759,7
16.2814070351759,11
16.2814070351759,8
16.2814070351759,9
16.2814070351759,6
16.2814070351759,10
16.2814070351759,11
16.2814070351759,7
16.2814070351759,9
16.2814070351759,8
16.2814070351759,14
16.2814070351759,6
16.2814070351759,13
16.2814070351759,10
16.2814070351759,7
16.2814070351759,10
16.2814070351759,9
16.2814070351759,5
16.2814070351759,7
16.2814070351759,13
16.2814070351759,10
16.2814070351759,7
16.2814070351759,4
16.2814070351759,11
16.2814070351759,8
16.2814070351759,12
16.2814070351759,9
16.2814070351759,8
16.2814070351759,3
16.2814070351759,11
16.2814070351759,6
16.2814070351759,6
16.2814070351759,4
16.2814070351759,8
16.2814070351759,6
16.2814070351759,8
16.2814070351759,9
16.2814070351759,6
16.2814070351759,9
16.2814070351759,5
16.2814070351759,9
16.2814070351759,11
16.2814070351759,7
16.2814070351759,10
16.2814070351759,9
16.2814070351759,12
16.2814070351759,8
16.2814070351759,11
16.2814070351759,7
16.2814070351759,5
16.2814070351759,6
16.2814070351759,3
16.2814070351759,7
16.2814070351759,10
16.2814070351759,5
16.2814070351759,8
16.2814070351759,2
16.2814070351759,10
16.2814070351759,12
16.2814070351759,6
16.2814070351759,8
16.2814070351759,12
16.2814070351759,8
16.2814070351759,8
16.2814070351759,7
16.2814070351759,7
16.2814070351759,8
16.2814070351759,9
16.2814070351759,7
16.2814070351759,10
16.2814070351759,7
16.2814070351759,11
16.2814070351759,4
16.2814070351759,8
16.2814070351759,9
16.2814070351759,4
16.4824120603015,8
16.4824120603015,10
16.4824120603015,3
16.4824120603015,14
16.4824120603015,4
16.4824120603015,3
16.4824120603015,7
16.4824120603015,5
16.4824120603015,8
16.4824120603015,10
16.4824120603015,9
16.4824120603015,10
16.4824120603015,6
16.4824120603015,7
16.4824120603015,9
16.4824120603015,10
16.4824120603015,6
16.4824120603015,3
16.4824120603015,7
16.4824120603015,5
16.4824120603015,6
16.4824120603015,3
16.4824120603015,11
16.4824120603015,7
16.4824120603015,5
16.4824120603015,7
16.4824120603015,8
16.4824120603015,11
16.4824120603015,12
16.4824120603015,7
16.4824120603015,15
16.4824120603015,8
16.4824120603015,10
16.4824120603015,10
16.4824120603015,11
16.4824120603015,10
16.4824120603015,1
16.4824120603015,7
16.4824120603015,12
16.4824120603015,9
16.4824120603015,15
16.4824120603015,10
16.4824120603015,9
16.4824120603015,9
16.4824120603015,8
16.4824120603015,10
16.4824120603015,9
16.4824120603015,7
16.4824120603015,6
16.4824120603015,9
16.4824120603015,6
16.4824120603015,12
16.4824120603015,2
16.4824120603015,16
16.4824120603015,5
16.4824120603015,6
16.4824120603015,9
16.4824120603015,11
16.4824120603015,9
16.4824120603015,13
16.4824120603015,6
16.4824120603015,7
16.4824120603015,6
16.4824120603015,7
16.4824120603015,6
16.4824120603015,2
16.4824120603015,10
16.4824120603015,6
16.4824120603015,7
16.4824120603015,10
16.4824120603015,7
16.4824120603015,8
16.4824120603015,8
16.4824120603015,10
16.4824120603015,5
16.4824120603015,6
16.4824120603015,5
16.4824120603015,13
16.4824120603015,8
16.4824120603015,5
16.4824120603015,13
16.4824120603015,9
16.4824120603015,8
16.4824120603015,8
16.4824120603015,8
16.4824120603015,6
16.4824120603015,11
16.4824120603015,12
16.4824120603015,9
16.4824120603015,5
16.4824120603015,9
16.4824120603015,9
16.4824120603015,6
16.4824120603015,8
16.4824120603015,4
16.4824120603015,3
16.4824120603015,10
16.4824120603015,5
16.4824120603015,11
16.4824120603015,11
16.4824120603015,10
16.4824120603015,9
16.4824120603015,4
16.4824120603015,3
16.4824120603015,7
16.4824120603015,7
16.4824120603015,3
16.4824120603015,5
16.4824120603015,10
16.4824120603015,7
16.4824120603015,8
16.4824120603015,7
16.4824120603015,4
16.4824120603015,7
16.4824120603015,5
16.4824120603015,7
16.4824120603015,10
16.4824120603015,11
16.4824120603015,12
16.4824120603015,7
16.4824120603015,9
16.4824120603015,11
16.4824120603015,10
16.4824120603015,9
16.4824120603015,11
16.4824120603015,8
16.4824120603015,10
16.4824120603015,10
16.4824120603015,11
16.4824120603015,11
16.4824120603015,4
16.4824120603015,5
16.4824120603015,6
16.4824120603015,7
16.4824120603015,5
16.4824120603015,6
16.4824120603015,8
16.4824120603015,4
16.4824120603015,9
16.4824120603015,10
16.4824120603015,6
16.4824120603015,7
16.4824120603015,14
16.4824120603015,4
16.4824120603015,5
16.4824120603015,3
16.4824120603015,5
16.4824120603015,9
16.4824120603015,12
16.4824120603015,7
16.4824120603015,4
16.4824120603015,6
16.4824120603015,7
16.4824120603015,10
16.4824120603015,7
16.4824120603015,7
16.4824120603015,12
16.4824120603015,10
16.4824120603015,8
16.4824120603015,7
16.4824120603015,5
16.4824120603015,12
16.4824120603015,10
16.4824120603015,7
16.4824120603015,12
16.4824120603015,10
16.4824120603015,6
16.4824120603015,5
16.4824120603015,14
16.4824120603015,13
16.4824120603015,9
16.4824120603015,10
16.4824120603015,8
16.4824120603015,5
16.4824120603015,9
16.4824120603015,8
16.4824120603015,6
16.4824120603015,13
16.4824120603015,10
16.4824120603015,10
16.4824120603015,9
16.4824120603015,5
16.4824120603015,10
16.4824120603015,2
16.4824120603015,9
16.4824120603015,7
16.4824120603015,12
16.4824120603015,5
16.4824120603015,10
16.4824120603015,4
16.4824120603015,9
16.4824120603015,11
16.4824120603015,2
16.4824120603015,8
16.4824120603015,12
16.4824120603015,8
16.4824120603015,12
16.4824120603015,7
16.4824120603015,10
16.4824120603015,13
16.6834170854271,6
16.6834170854271,13
16.6834170854271,8
16.6834170854271,12
16.6834170854271,14
16.6834170854271,6
16.6834170854271,9
16.6834170854271,8
16.6834170854271,7
16.6834170854271,11
16.6834170854271,10
16.6834170854271,9
16.6834170854271,10
16.6834170854271,8
16.6834170854271,3
16.6834170854271,6
16.6834170854271,11
16.6834170854271,11
16.6834170854271,5
16.6834170854271,7
16.6834170854271,11
16.6834170854271,8
16.6834170854271,3
16.6834170854271,3
16.6834170854271,9
16.6834170854271,7
16.6834170854271,7
16.6834170854271,8
16.6834170854271,8
16.6834170854271,6
16.6834170854271,6
16.6834170854271,11
16.6834170854271,9
16.6834170854271,9
16.6834170854271,9
16.6834170854271,9
16.6834170854271,4
16.6834170854271,6
16.6834170854271,8
16.6834170854271,6
16.6834170854271,6
16.6834170854271,11
16.6834170854271,4
16.6834170854271,6
16.6834170854271,8
16.6834170854271,10
16.6834170854271,6
16.6834170854271,4
16.6834170854271,6
16.6834170854271,11
16.6834170854271,5
16.6834170854271,16
16.6834170854271,11
16.6834170854271,12
16.6834170854271,9
16.6834170854271,7
16.6834170854271,8
16.6834170854271,7
16.6834170854271,6
16.6834170854271,7
16.6834170854271,8
16.6834170854271,1
16.6834170854271,4
16.6834170854271,8
16.6834170854271,9
16.6834170854271,8
16.6834170854271,12
16.6834170854271,10
16.6834170854271,9
16.6834170854271,4
16.6834170854271,8
16.6834170854271,7
16.6834170854271,6
16.6834170854271,8
16.6834170854271,5
16.6834170854271,12
16.6834170854271,4
16.6834170854271,13
16.6834170854271,8
16.6834170854271,6
16.6834170854271,8
16.6834170854271,7
16.6834170854271,13
16.6834170854271,11
16.6834170854271,6
16.6834170854271,14
16.6834170854271,6
16.6834170854271,7
16.6834170854271,5
16.6834170854271,8
16.6834170854271,11
16.6834170854271,7
16.6834170854271,11
16.6834170854271,7
16.6834170854271,4
16.6834170854271,5
16.6834170854271,8
16.6834170854271,9
16.6834170854271,5
16.6834170854271,6
16.6834170854271,10
16.6834170854271,9
16.6834170854271,4
16.6834170854271,7
16.6834170854271,4
16.6834170854271,8
16.6834170854271,10
16.6834170854271,9
16.6834170854271,3
16.6834170854271,7
16.6834170854271,4
16.6834170854271,7
16.6834170854271,11
16.6834170854271,9
16.6834170854271,8
16.6834170854271,10
16.6834170854271,5
16.6834170854271,5
16.6834170854271,7
16.6834170854271,4
16.6834170854271,9
16.6834170854271,7
16.6834170854271,3
16.6834170854271,7
16.6834170854271,10
16.6834170854271,6
16.6834170854271,7
16.6834170854271,10
16.6834170854271,8
16.6834170854271,15
16.6834170854271,9
16.6834170854271,8
16.6834170854271,12
16.6834170854271,11
16.6834170854271,9
16.6834170854271,3
16.6834170854271,8
16.6834170854271,9
16.6834170854271,11
16.6834170854271,9
16.6834170854271,3
16.6834170854271,7
16.6834170854271,10
16.6834170854271,6
16.6834170854271,5
16.6834170854271,9
16.6834170854271,13
16.6834170854271,12
16.6834170854271,12
16.6834170854271,7
16.6834170854271,9
16.6834170854271,6
16.6834170854271,8
16.6834170854271,10
16.6834170854271,5
16.6834170854271,4
16.6834170854271,7
16.6834170854271,6
16.6834170854271,12
16.6834170854271,6
16.6834170854271,7
16.6834170854271,16
16.6834170854271,7
16.6834170854271,8
16.6834170854271,6
16.6834170854271,11
16.6834170854271,11
16.6834170854271,10
16.6834170854271,10
16.6834170854271,11
16.6834170854271,11
16.6834170854271,8
16.6834170854271,10
16.6834170854271,9
16.6834170854271,6
16.6834170854271,6
16.6834170854271,4
16.6834170854271,11
16.6834170854271,11
16.6834170854271,6
16.6834170854271,2
16.6834170854271,7
16.6834170854271,5
16.6834170854271,5
16.6834170854271,6
16.6834170854271,6
16.6834170854271,11
16.6834170854271,8
16.6834170854271,5
16.6834170854271,11
16.6834170854271,10
16.6834170854271,10
16.6834170854271,9
16.6834170854271,10
16.6834170854271,4
16.6834170854271,9
16.6834170854271,8
16.6834170854271,8
16.6834170854271,6
16.6834170854271,7
16.8844221105528,10
16.8844221105528,6
16.8844221105528,7
16.8844221105528,11
16.8844221105528,5
16.8844221105528,6
16.8844221105528,8
16.8844221105528,7
16.8844221105528,8
16.8844221105528,4
16.8844221105528,10
16.8844221105528,6
16.8844221105528,7
16.8844221105528,9
16.8844221105528,7
16.8844221105528,7
16.8844221105528,6
16.8844221105528,4
16.8844221105528,11
16.8844221105528,6
16.8844221105528,8
16.8844221105528,8
16.8844221105528,7
16.8844221105528,5
16.8844221105528,8
16.8844221105528,9
16.8844221105528,11
16.8844221105528,9
16.8844221105528,11
16.8844221105528,5
16.8844221105528,9
16.8844221105528,12
16.8844221105528,6
16.8844221105528,6
16.8844221105528,10
16.8844221105528,7
16.8844221105528,6
16.8844221105528,5
16.8844221105528,9
16.8844221105528,13
16.8844221105528,10
16.8844221105528,11
16.8844221105528,7
16.8844221105528,14
16.8844221105528,18
16.8844221105528,5
16.8844221105528,8
16.8844221105528,5
16.8844221105528,11
16.8844221105528,7
16.8844221105528,9
16.8844221105528,12
16.8844221105528,4
16.8844221105528,9
16.8844221105528,6
16.8844221105528,11
16.8844221105528,8
16.8844221105528,6
16.8844221105528,5
16.8844221105528,3
16.8844221105528,7
16.8844221105528,11
16.8844221105528,9
16.8844221105528,10
16.8844221105528,11
16.8844221105528,10
16.8844221105528,6
16.8844221105528,13
16.8844221105528,8
16.8844221105528,12
16.8844221105528,13
16.8844221105528,3
16.8844221105528,8
16.8844221105528,9
16.8844221105528,10
16.8844221105528,7
16.8844221105528,8
16.8844221105528,5
16.8844221105528,9
16.8844221105528,12
16.8844221105528,12
16.8844221105528,5
16.8844221105528,11
16.8844221105528,8
16.8844221105528,10
16.8844221105528,14
16.8844221105528,7
16.8844221105528,5
16.8844221105528,9
16.8844221105528,8
16.8844221105528,6
16.8844221105528,7
16.8844221105528,6
16.8844221105528,9
16.8844221105528,11
16.8844221105528,3
16.8844221105528,4
16.8844221105528,13
16.8844221105528,5
16.8844221105528,7
16.8844221105528,7
16.8844221105528,7
16.8844221105528,11
16.8844221105528,10
16.8844221105528,8
16.8844221105528,11
16.8844221105528,2
16.8844221105528,13
16.8844221105528,13
16.8844221105528,10
16.8844221105528,7
16.8844221105528,5
16.8844221105528,9
16.8844221105528,6
16.8844221105528,8
16.8844221105528,10
16.8844221105528,8
16.8844221105528,8
16.8844221105528,10
16.8844221105528,7
16.8844221105528,5
16.8844221105528,8
16.8844221105528,5
16.8844221105528,8
16.8844221105528,11
16.8844221105528,4
16.8844221105528,11
16.8844221105528,11
16.8844221105528,11
16.8844221105528,8
16.8844221105528,9
16.8844221105528,5
16.8844221105528,10
16.8844221105528,8
16.8844221105528,9
16.8844221105528,14
16.8844221105528,5
16.8844221105528,11
16.8844221105528,12
16.8844221105528,7
16.8844221105528,9
16.8844221105528,7
16.8844221105528,10
16.8844221105528,4
16.8844221105528,11
16.8844221105528,9
16.8844221105528,9
16.8844221105528,7
16.8844221105528,8
16.8844221105528,10
16.8844221105528,8
16.8844221105528,6
16.8844221105528,6
16.8844221105528,8
16.8844221105528,11
16.8844221105528,7
16.8844221105528,16
16.8844221105528,13
16.8844221105528,6
16.8844221105528,10
16.8844221105528,4
16.8844221105528,7
16.8844221105528,8
16.8844221105528,10
16.8844221105528,9
16.8844221105528,9
16.8844221105528,9
16.8844221105528,11
16.8844221105528,10
16.8844221105528,5
16.8844221105528,10
16.8844221105528,1
16.8844221105528,8
16.8844221105528,10
16.8844221105528,6
16.8844221105528,16
16.8844221105528,8
16.8844221105528,9
16.8844221105528,11
16.8844221105528,11
16.8844221105528,6
16.8844221105528,6
16.8844221105528,6
16.8844221105528,10
16.8844221105528,12
16.8844221105528,13
16.8844221105528,8
16.8844221105528,2
16.8844221105528,11
16.8844221105528,9
16.8844221105528,8
16.8844221105528,5
16.8844221105528,8
16.8844221105528,12
16.8844221105528,12
16.8844221105528,9
16.8844221105528,7
16.8844221105528,9
16.8844221105528,7
16.8844221105528,6
17.0854271356784,6
17.0854271356784,7
17.0854271356784,6
17.0854271356784,8
17.0854271356784,10
17.0854271356784,8
17.0854271356784,7
17.0854271356784,6
17.0854271356784,5
17.0854271356784,7
17.0854271356784,8
17.0854271356784,5
17.0854271356784,6
17.0854271356784,10
17.0854271356784,8
17.0854271356784,8
17.0854271356784,7
17.0854271356784,7
17.0854271356784,4
17.0854271356784,11
17.0854271356784,5
17.0854271356784,6
17.0854271356784,4
17.0854271356784,11
17.0854271356784,6
17.0854271356784,9
17.0854271356784,11
17.0854271356784,4
17.0854271356784,10
17.0854271356784,7
17.0854271356784,7
17.0854271356784,13
17.0854271356784,14
17.0854271356784,6
17.0854271356784,6
17.0854271356784,7
17.0854271356784,10
17.0854271356784,6
17.0854271356784,8
17.0854271356784,7
17.0854271356784,11
17.0854271356784,11
17.0854271356784,11
17.0854271356784,9
17.0854271356784,9
17.0854271356784,9
17.0854271356784,8
17.0854271356784,9
17.0854271356784,7
17.0854271356784,8
17.0854271356784,14
17.0854271356784,7
17.0854271356784,7
17.0854271356784,8
17.0854271356784,13
17.0854271356784,7
17.0854271356784,12
17.0854271356784,7
17.0854271356784,6
17.0854271356784,10
17.0854271356784,6
17.0854271356784,4
17.0854271356784,8
17.0854271356784,7
17.0854271356784,9
17.0854271356784,10
17.0854271356784,11
17.0854271356784,8
17.0854271356784,4
17.0854271356784,10
17.0854271356784,9
17.0854271356784,8
17.0854271356784,5
17.0854271356784,12
17.0854271356784,8
17.0854271356784,6
17.0854271356784,8
17.0854271356784,14
17.0854271356784,6
17.0854271356784,1
17.0854271356784,14
17.0854271356784,3
17.0854271356784,10
17.0854271356784,12
17.0854271356784,9
17.0854271356784,7
17.0854271356784,6
17.0854271356784,5
17.0854271356784,4
17.0854271356784,10
17.0854271356784,7
17.0854271356784,7
17.0854271356784,13
17.0854271356784,10
17.0854271356784,5
17.0854271356784,5
17.0854271356784,12
17.0854271356784,11
17.0854271356784,8
17.0854271356784,7
17.0854271356784,6
17.0854271356784,8
17.0854271356784,10
17.0854271356784,8
17.0854271356784,9
17.0854271356784,15
17.0854271356784,8
17.0854271356784,12
17.0854271356784,6
17.0854271356784,13
17.0854271356784,7
17.0854271356784,9
17.0854271356784,12
17.0854271356784,5
17.0854271356784,8
17.0854271356784,8
17.0854271356784,9
17.0854271356784,11
17.0854271356784,10
17.0854271356784,7
17.0854271356784,7
17.0854271356784,9
17.0854271356784,9
17.0854271356784,9
17.0854271356784,6
17.0854271356784,14
17.0854271356784,5
17.0854271356784,5
17.0854271356784,6
17.0854271356784,8
17.0854271356784,9
17.0854271356784,10
17.0854271356784,13
17.0854271356784,8
17.0854271356784,6
17.0854271356784,12
17.0854271356784,8
17.0854271356784,9
17.0854271356784,9
17.0854271356784,6
17.0854271356784,7
17.0854271356784,5
17.0854271356784,7
17.0854271356784,8
17.0854271356784,6
17.0854271356784,7
17.0854271356784,10
17.0854271356784,7
17.0854271356784,3
17.0854271356784,2
17.0854271356784,8
17.0854271356784,11
17.0854271356784,15
17.0854271356784,7
17.0854271356784,6
17.0854271356784,11
17.0854271356784,4
17.0854271356784,6
17.0854271356784,4
17.0854271356784,6
17.0854271356784,11
17.0854271356784,10
17.0854271356784,13
17.0854271356784,9
17.0854271356784,10
17.0854271356784,7
17.0854271356784,10
17.0854271356784,7
17.0854271356784,5
17.0854271356784,11
17.0854271356784,8
17.0854271356784,5
17.0854271356784,7
17.0854271356784,8
17.0854271356784,10
17.0854271356784,3
17.0854271356784,7
17.0854271356784,9
17.0854271356784,9
17.0854271356784,5
17.0854271356784,8
17.0854271356784,8
17.0854271356784,12
17.0854271356784,6
17.0854271356784,6
17.0854271356784,12
17.0854271356784,8
17.0854271356784,5
17.0854271356784,5
17.0854271356784,5
17.0854271356784,7
17.0854271356784,7
17.0854271356784,10
17.0854271356784,8
17.0854271356784,9
17.0854271356784,8
17.0854271356784,12
17.0854271356784,10
17.0854271356784,8
17.0854271356784,3
17.286432160804,7
17.286432160804,10
17.286432160804,9
17.286432160804,11
17.286432160804,4
17.286432160804,10
17.286432160804,12
17.286432160804,7
17.286432160804,10
17.286432160804,9
17.286432160804,8
17.286432160804,12
17.286432160804,7
17.286432160804,7
17.286432160804,13
17.286432160804,9
17.286432160804,10
17.286432160804,2
17.286432160804,7
17.286432160804,9
17.286432160804,9
17.286432160804,6
17.286432160804,10
17.286432160804,8
17.286432160804,10
17.286432160804,6
17.286432160804,9
17.286432160804,11
17.286432160804,8
17.286432160804,6
17.286432160804,8
17.286432160804,6
17.286432160804,6
17.286432160804,7
17.286432160804,7
17.286432160804,10
17.286432160804,4
17.286432160804,8
17.286432160804,6
17.286432160804,8
17.286432160804,9
17.286432160804,4
17.286432160804,9
17.286432160804,11
17.286432160804,6
17.286432160804,9
17.286432160804,4
17.286432160804,13
17.286432160804,7
17.286432160804,8
17.286432160804,9
17.286432160804,7
17.286432160804,12
17.286432160804,4
17.286432160804,9
17.286432160804,7
17.286432160804,7
17.286432160804,9
17.286432160804,5
17.286432160804,4
17.286432160804,6
17.286432160804,12
17.286432160804,13
17.286432160804,3
17.286432160804,5
17.286432160804,11
17.286432160804,8
17.286432160804,13
17.286432160804,6
17.286432160804,4
17.286432160804,14
17.286432160804,16
17.286432160804,4
17.286432160804,11
17.286432160804,12
17.286432160804,8
17.286432160804,6
17.286432160804,6
17.286432160804,9
17.286432160804,13
17.286432160804,4
17.286432160804,9
17.286432160804,7
17.286432160804,5
17.286432160804,4
17.286432160804,10
17.286432160804,8
17.286432160804,10
17.286432160804,6
17.286432160804,7
17.286432160804,11
17.286432160804,9
17.286432160804,9
17.286432160804,6
17.286432160804,5
17.286432160804,10
17.286432160804,9
17.286432160804,10
17.286432160804,11
17.286432160804,8
17.286432160804,6
17.286432160804,8
17.286432160804,7
17.286432160804,9
17.286432160804,11
17.286432160804,9
17.286432160804,9
17.286432160804,5
17.286432160804,8
17.286432160804,8
17.286432160804,6
17.286432160804,8
17.286432160804,8
17.286432160804,10
17.286432160804,7
17.286432160804,3
17.286432160804,8
17.286432160804,6
17.286432160804,5
17.286432160804,13
17.286432160804,10
17.286432160804,8
17.286432160804,15
17.286432160804,6
17.286432160804,6
17.286432160804,1
17.286432160804,9
17.286432160804,8
17.286432160804,7
17.286432160804,9
17.286432160804,10
17.286432160804,3
17.286432160804,5
17.286432160804,6
17.286432160804,12
17.286432160804,9
17.286432160804,11
17.286432160804,8
17.286432160804,8
17.286432160804,6
17.286432160804,6
17.286432160804,6
17.286432160804,12
17.286432160804,5
17.286432160804,5
17.286432160804,8
17.286432160804,12
17.286432160804,6
17.286432160804,7
17.286432160804,8
17.286432160804,10
17.286432160804,14
17.286432160804,5
17.286432160804,10
17.286432160804,9
17.286432160804,10
17.286432160804,10
17.286432160804,9
17.286432160804,10
17.286432160804,13
17.286432160804,5
17.286432160804,6
17.286432160804,8
17.286432160804,4
17.286432160804,8
17.286432160804,8
17.286432160804,8
17.286432160804,8
17.286432160804,4
17.286432160804,9
17.286432160804,8
17.286432160804,14
17.286432160804,5
17.286432160804,10
17.286432160804,9
17.286432160804,6
17.286432160804,9
17.286432160804,8
17.286432160804,11
17.286432160804,11
17.286432160804,7
17.286432160804,4
17.286432160804,11
17.286432160804,9
17.286432160804,9
17.286432160804,10
17.286432160804,1
17.286432160804,10
17.286432160804,11
17.286432160804,2
17.286432160804,8
17.286432160804,5
17.286432160804,6
17.286432160804,4
17.286432160804,7
17.286432160804,9
17.286432160804,7
17.286432160804,3
17.286432160804,4
17.286432160804,8
17.4874371859296,7
17.4874371859296,6
17.4874371859296,8
17.4874371859296,4
17.4874371859296,13
17.4874371859296,6
17.4874371859296,9
17.4874371859296,8
17.4874371859296,4
17.4874371859296,8
17.4874371859296,11
17.4874371859296,13
17.4874371859296,10
17.4874371859296,7
17.4874371859296,12
17.4874371859296,18
17.4874371859296,8
17.4874371859296,8
17.4874371859296,5
17.4874371859296,10
17.4874371859296,6
17.4874371859296,12
17.4874371859296,9
17.4874371859296,7
17.4874371859296,6
17.4874371859296,6
17.4874371859296,6
17.4874371859296,5
17.4874371859296,7
17.4874371859296,9
17.4874371859296,11
17.4874371859296,13
17.4874371859296,8
17.4874371859296,10
17.4874371859296,7
17.4874371859296,7
17.4874371859296,8
17.4874371859296,8
17.4874371859296,10
17.4874371859296,9
17.4874371859296,6
17.4874371859296,9
17.4874371859296,7
17.4874371859296,6
17.4874371859296,6
17.4874371859296,5
17.4874371859296,5
17.4874371859296,14
17.4874371859296,10
17.4874371859296,7
17.4874371859296,8
17.4874371859296,7
17.4874371859296,5
17.4874371859296,6
17.4874371859296,12
17.4874371859296,5
17.4874371859296,9
17.4874371859296,4
17.4874371859296,7
17.4874371859296,11
17.4874371859296,12
17.4874371859296,9
17.4874371859296,7
17.4874371859296,10
17.4874371859296,5
17.4874371859296,11
17.4874371859296,8
17.4874371859296,9
17.4874371859296,9
17.4874371859296,12
17.4874371859296,11
17.4874371859296,10
17.4874371859296,11
17.4874371859296,6
17.4874371859296,9
17.4874371859296,13
17.4874371859296,6
17.4874371859296,9
17.4874371859296,8
17.4874371859296,7
17.4874371859296,7
17.4874371859296,10
17.4874371859296,7
17.4874371859296,4
17.4874371859296,13
17.4874371859296,7
17.4874371859296,8
17.4874371859296,5
17.4874371859296,8
17.4874371859296,11
17.4874371859296,7
17.4874371859296,7
17.4874371859296,7
17.4874371859296,10
17.4874371859296,5
17.4874371859296,9
17.4874371859296,11
17.4874371859296,13
17.4874371859296,5
17.4874371859296,6
17.4874371859296,8
17.4874371859296,7
17.4874371859296,12
17.4874371859296,14
17.4874371859296,7
17.4874371859296,16
17.4874371859296,5
17.4874371859296,11
17.4874371859296,8
17.4874371859296,6
17.4874371859296,5
17.4874371859296,6
17.4874371859296,6
17.4874371859296,6
17.4874371859296,9
17.4874371859296,8
17.4874371859296,4
17.4874371859296,12
17.4874371859296,12
17.4874371859296,7
17.4874371859296,10
17.4874371859296,8
17.4874371859296,12
17.4874371859296,9
17.4874371859296,8
17.4874371859296,9
17.4874371859296,12
17.4874371859296,10
17.4874371859296,12
17.4874371859296,7
17.4874371859296,5
17.4874371859296,5
17.4874371859296,8
17.4874371859296,11
17.4874371859296,5
17.4874371859296,11
17.4874371859296,14
17.4874371859296,2
17.4874371859296,4
17.4874371859296,4
17.4874371859296,9
17.4874371859296,5
17.4874371859296,8
17.4874371859296,6
17.4874371859296,11
17.4874371859296,14
17.4874371859296,8
17.4874371859296,8
17.4874371859296,9
17.4874371859296,3
17.4874371859296,9
17.4874371859296,9
17.4874371859296,13
17.4874371859296,2
17.4874371859296,5
17.4874371859296,12
17.4874371859296,10
17.4874371859296,6
17.4874371859296,8
17.4874371859296,3
17.4874371859296,7
17.4874371859296,8
17.4874371859296,6
17.4874371859296,5
17.4874371859296,11
17.4874371859296,7
17.4874371859296,6
17.4874371859296,6
17.4874371859296,5
17.4874371859296,6
17.4874371859296,9
17.4874371859296,5
17.4874371859296,9
17.4874371859296,9
17.4874371859296,6
17.4874371859296,13
17.4874371859296,9
17.4874371859296,7
17.4874371859296,5
17.4874371859296,6
17.4874371859296,11
17.4874371859296,9
17.4874371859296,15
17.4874371859296,8
17.4874371859296,8
17.4874371859296,8
17.4874371859296,7
17.4874371859296,12
17.4874371859296,7
17.4874371859296,10
17.4874371859296,7
17.4874371859296,8
17.4874371859296,5
17.4874371859296,10
17.4874371859296,8
17.4874371859296,12
17.4874371859296,9
17.4874371859296,11
17.4874371859296,14
17.4874371859296,6
17.6884422110553,8
17.6884422110553,8
17.6884422110553,8
17.6884422110553,8
17.6884422110553,6
17.6884422110553,7
17.6884422110553,8
17.6884422110553,14
17.6884422110553,6
17.6884422110553,7
17.6884422110553,7
17.6884422110553,9
17.6884422110553,8
17.6884422110553,18
17.6884422110553,7
17.6884422110553,10
17.6884422110553,11
17.6884422110553,9
17.6884422110553,13
17.6884422110553,8
17.6884422110553,6
17.6884422110553,7
17.6884422110553,7
17.6884422110553,10
17.6884422110553,10
17.6884422110553,5
17.6884422110553,10
17.6884422110553,13
17.6884422110553,8
17.6884422110553,11
17.6884422110553,7
17.6884422110553,8
17.6884422110553,8
17.6884422110553,9
17.6884422110553,6
17.6884422110553,12
17.6884422110553,9
17.6884422110553,13
17.6884422110553,14
17.6884422110553,11
17.6884422110553,5
17.6884422110553,7
17.6884422110553,6
17.6884422110553,10
17.6884422110553,3
17.6884422110553,16
17.6884422110553,8
17.6884422110553,15
17.6884422110553,11
17.6884422110553,6
17.6884422110553,8
17.6884422110553,9
17.6884422110553,10
17.6884422110553,7
17.6884422110553,5
17.6884422110553,9
17.6884422110553,7
17.6884422110553,9
17.6884422110553,7
17.6884422110553,11
17.6884422110553,11
17.6884422110553,5
17.6884422110553,9
17.6884422110553,13
17.6884422110553,3
17.6884422110553,16
17.6884422110553,8
17.6884422110553,7
17.6884422110553,10
17.6884422110553,7
17.6884422110553,9
17.6884422110553,19
17.6884422110553,7
17.6884422110553,4
17.6884422110553,8
17.6884422110553,8
17.6884422110553,8
17.6884422110553,9
17.6884422110553,10
17.6884422110553,13
17.6884422110553,6
17.6884422110553,7
17.6884422110553,8
17.6884422110553,11
17.6884422110553,8
17.6884422110553,13
17.6884422110553,10
17.6884422110553,10
17.6884422110553,6
17.6884422110553,9
17.6884422110553,8
17.6884422110553,12
17.6884422110553,6
17.6884422110553,8
17.6884422110553,10
17.6884422110553,3
17.6884422110553,11
17.6884422110553,7
17.6884422110553,7
17.6884422110553,10
17.6884422110553,9
17.6884422110553,8
17.6884422110553,10
17.6884422110553,8
17.6884422110553,6
17.6884422110553,8
17.6884422110553,5
17.6884422110553,4
17.6884422110553,6
17.6884422110553,11
17.6884422110553,5
17.6884422110553,10
17.6884422110553,6
17.6884422110553,10
17.6884422110553,4
17.6884422110553,10
17.6884422110553,13
17.6884422110553,7
17.6884422110553,7
17.6884422110553,9
17.6884422110553,12
17.6884422110553,7
17.6884422110553,11
17.6884422110553,5
17.6884422110553,5
17.6884422110553,5
17.6884422110553,4
17.6884422110553,12
17.6884422110553,7
17.6884422110553,7
17.6884422110553,13
17.6884422110553,9
17.6884422110553,9
17.6884422110553,11
17.6884422110553,7
17.6884422110553,13
17.6884422110553,10
17.6884422110553,10
17.6884422110553,14
17.6884422110553,6
17.6884422110553,7
17.6884422110553,4
17.6884422110553,9
17.6884422110553,14
17.6884422110553,9
17.6884422110553,3
17.6884422110553,8
17.6884422110553,8
17.6884422110553,7
17.6884422110553,14
17.6884422110553,8
17.6884422110553,11
17.6884422110553,15
17.6884422110553,8
17.6884422110553,9
17.6884422110553,10
17.6884422110553,6
17.6884422110553,10
17.6884422110553,5
17.6884422110553,9
17.6884422110553,10
17.6884422110553,7
17.6884422110553,6
17.6884422110553,7
17.6884422110553,5
17.6884422110553,8
17.6884422110553,4
17.6884422110553,9
17.6884422110553,10
17.6884422110553,3
17.6884422110553,9
17.6884422110553,8
17.6884422110553,8
17.6884422110553,13
17.6884422110553,9
17.6884422110553,6
17.6884422110553,8
17.6884422110553,8
17.6884422110553,8
17.6884422110553,8
17.6884422110553,13
17.6884422110553,14
17.6884422110553,7
17.6884422110553,12
17.6884422110553,7
17.6884422110553,7
17.6884422110553,8
17.6884422110553,10
17.6884422110553,7
17.6884422110553,7
17.6884422110553,6
17.6884422110553,10
17.6884422110553,12
17.6884422110553,6
17.6884422110553,13
17.6884422110553,8
17.6884422110553,10
17.6884422110553,8
17.6884422110553,10
17.6884422110553,6
17.8894472361809,8
17.8894472361809,6
17.8894472361809,7
17.8894472361809,11
17.8894472361809,11
17.8894472361809,8
17.8894472361809,6
17.8894472361809,4
17.8894472361809,11
17.8894472361809,3
17.8894472361809,10
17.8894472361809,10
17.8894472361809,7
17.8894472361809,9
17.8894472361809,7
17.8894472361809,12
17.8894472361809,9
17.8894472361809,9
17.8894472361809,8
17.8894472361809,3
17.8894472361809,6
17.8894472361809,4
17.8894472361809,15
17.8894472361809,11
17.8894472361809,6
17.8894472361809,9
17.8894472361809,8
17.8894472361809,10
17.8894472361809,10
17.8894472361809,7
17.8894472361809,9
17.8894472361809,9
17.8894472361809,6
17.8894472361809,6
17.8894472361809,11
17.8894472361809,9
17.8894472361809,9
17.8894472361809,3
17.8894472361809,6
17.8894472361809,8
17.8894472361809,6
17.8894472361809,13
17.8894472361809,7
17.8894472361809,18
17.8894472361809,6
17.8894472361809,2
17.8894472361809,4
17.8894472361809,8
17.8894472361809,8
17.8894472361809,8
17.8894472361809,13
17.8894472361809,12
17.8894472361809,8
17.8894472361809,11
17.8894472361809,6
17.8894472361809,13
17.8894472361809,8
17.8894472361809,8
17.8894472361809,7
17.8894472361809,10
17.8894472361809,7
17.8894472361809,7
17.8894472361809,9
17.8894472361809,9
17.8894472361809,6
17.8894472361809,6
17.8894472361809,12
17.8894472361809,7
17.8894472361809,9
17.8894472361809,7
17.8894472361809,4
17.8894472361809,2
17.8894472361809,7
17.8894472361809,6
17.8894472361809,4
17.8894472361809,9
17.8894472361809,7
17.8894472361809,9
17.8894472361809,4
17.8894472361809,3
17.8894472361809,15
17.8894472361809,7
17.8894472361809,11
17.8894472361809,14
17.8894472361809,11
17.8894472361809,7
17.8894472361809,8
17.8894472361809,10
17.8894472361809,3
17.8894472361809,8
17.8894472361809,9
17.8894472361809,10
17.8894472361809,6
17.8894472361809,11
17.8894472361809,6
17.8894472361809,8
17.8894472361809,13
17.8894472361809,12
17.8894472361809,9
17.8894472361809,5
17.8894472361809,5
17.8894472361809,6
17.8894472361809,11
17.8894472361809,11
17.8894472361809,5
17.8894472361809,8
17.8894472361809,5
17.8894472361809,8
17.8894472361809,10
17.8894472361809,8
17.8894472361809,12
17.8894472361809,3
17.8894472361809,9
17.8894472361809,11
17.8894472361809,4
17.8894472361809,7
17.8894472361809,14
17.8894472361809,8
17.8894472361809,5
17.8894472361809,4
17.8894472361809,11
17.8894472361809,8
17.8894472361809,6
17.8894472361809,9
17.8894472361809,9
17.8894472361809,10
17.8894472361809,7
17.8894472361809,9
17.8894472361809,9
17.8894472361809,14
17.8894472361809,9
17.8894472361809,9
17.8894472361809,6
17.8894472361809,10
17.8894472361809,9
17.8894472361809,12
17.8894472361809,10
17.8894472361809,9
17.8894472361809,4
17.8894472361809,8
17.8894472361809,6
17.8894472361809,14
17.8894472361809,7
17.8894472361809,8
17.8894472361809,4
17.8894472361809,12
17.8894472361809,8
17.8894472361809,7
17.8894472361809,8
17.8894472361809,8
17.8894472361809,10
17.8894472361809,4
17.8894472361809,8
17.8894472361809,5
17.8894472361809,11
17.8894472361809,6
17.8894472361809,9
17.8894472361809,9
17.8894472361809,11
17.8894472361809,7
17.8894472361809,6
17.8894472361809,10
17.8894472361809,7
17.8894472361809,10
17.8894472361809,10
17.8894472361809,8
17.8894472361809,6
17.8894472361809,8
17.8894472361809,10
17.8894472361809,10
17.8894472361809,7
17.8894472361809,11
17.8894472361809,10
17.8894472361809,12
17.8894472361809,5
17.8894472361809,7
17.8894472361809,8
17.8894472361809,5
17.8894472361809,9
17.8894472361809,8
17.8894472361809,7
17.8894472361809,9
17.8894472361809,6
17.8894472361809,7
17.8894472361809,10
17.8894472361809,13
17.8894472361809,8
17.8894472361809,10
17.8894472361809,10
17.8894472361809,6
17.8894472361809,6
17.8894472361809,7
17.8894472361809,9
17.8894472361809,7
17.8894472361809,10
17.8894472361809,4
17.8894472361809,7
17.8894472361809,8
17.8894472361809,14
17.8894472361809,15
18.0904522613065,3
18.0904522613065,6
18.0904522613065,10
18.0904522613065,10
18.0904522613065,6
18.0904522613065,9
18.0904522613065,7
18.0904522613065,7
18.0904522613065,3
18.0904522613065,9
18.0904522613065,8
18.0904522613065,6
18.0904522613065,15
18.0904522613065,4
18.0904522613065,9
18.0904522613065,7
18.0904522613065,9
18.0904522613065,3
18.0904522613065,7
18.0904522613065,11
18.0904522613065,9
18.0904522613065,3
18.0904522613065,6
18.0904522613065,9
18.0904522613065,2
18.0904522613065,10
18.0904522613065,18
18.0904522613065,11
18.0904522613065,12
18.0904522613065,8
18.0904522613065,5
18.0904522613065,9
18.0904522613065,13
18.0904522613065,6
18.0904522613065,10
18.0904522613065,5
18.0904522613065,12
18.0904522613065,5
18.0904522613065,10
18.0904522613065,5
18.0904522613065,9
18.0904522613065,10
18.0904522613065,5
18.0904522613065,11
18.0904522613065,8
18.0904522613065,8
18.0904522613065,6
18.0904522613065,7
18.0904522613065,8
18.0904522613065,13
18.0904522613065,12
18.0904522613065,8
18.0904522613065,5
18.0904522613065,9
18.0904522613065,6
18.0904522613065,8
18.0904522613065,6
18.0904522613065,14
18.0904522613065,7
18.0904522613065,10
18.0904522613065,6
18.0904522613065,13
18.0904522613065,12
18.0904522613065,3
18.0904522613065,12
18.0904522613065,4
18.0904522613065,5
18.0904522613065,8
18.0904522613065,9
18.0904522613065,10
18.0904522613065,10
18.0904522613065,7
18.0904522613065,10
18.0904522613065,8
18.0904522613065,7
18.0904522613065,8
18.0904522613065,9
18.0904522613065,8
18.0904522613065,8
18.0904522613065,8
18.0904522613065,6
18.0904522613065,10
18.0904522613065,12
18.0904522613065,9
18.0904522613065,11
18.0904522613065,9
18.0904522613065,5
18.0904522613065,7
18.0904522613065,6
18.0904522613065,7
18.0904522613065,6
18.0904522613065,10
18.0904522613065,6
18.0904522613065,10
18.0904522613065,9
18.0904522613065,11
18.0904522613065,10
18.0904522613065,9
18.0904522613065,9
18.0904522613065,19
18.0904522613065,6
18.0904522613065,16
18.0904522613065,11
18.0904522613065,12
18.0904522613065,9
18.0904522613065,11
18.0904522613065,10
18.0904522613065,9
18.0904522613065,4
18.0904522613065,5
18.0904522613065,7
18.0904522613065,7
18.0904522613065,2
18.0904522613065,8
18.0904522613065,4
18.0904522613065,9
18.0904522613065,7
18.0904522613065,13
18.0904522613065,5
18.0904522613065,5
18.0904522613065,9
18.0904522613065,5
18.0904522613065,11
18.0904522613065,6
18.0904522613065,4
18.0904522613065,8
18.0904522613065,6
18.0904522613065,8
18.0904522613065,9
18.0904522613065,5
18.0904522613065,10
18.0904522613065,7
18.0904522613065,6
18.0904522613065,6
18.0904522613065,9
18.0904522613065,8
18.0904522613065,10
18.0904522613065,8
18.0904522613065,6
18.0904522613065,8
18.0904522613065,8
18.0904522613065,11
18.0904522613065,9
18.0904522613065,9
18.0904522613065,12
18.0904522613065,9
18.0904522613065,7
18.0904522613065,8
18.0904522613065,9
18.0904522613065,5
18.0904522613065,8
18.0904522613065,9
18.0904522613065,9
18.0904522613065,7
18.0904522613065,10
18.0904522613065,6
18.0904522613065,10
18.0904522613065,9
18.0904522613065,8
18.0904522613065,11
18.0904522613065,3
18.0904522613065,9
18.0904522613065,11
18.0904522613065,9
18.0904522613065,9
18.0904522613065,11
18.0904522613065,9
18.0904522613065,7
18.0904522613065,9
18.0904522613065,13
18.0904522613065,5
18.0904522613065,9
18.0904522613065,6
18.0904522613065,13
18.0904522613065,7
18.0904522613065,6
18.0904522613065,6
18.0904522613065,5
18.0904522613065,12
18.0904522613065,9
18.0904522613065,3
18.0904522613065,9
18.0904522613065,5
18.0904522613065,4
18.0904522613065,9
18.0904522613065,7
18.0904522613065,16
18.0904522613065,6
18.0904522613065,6
18.0904522613065,7
18.0904522613065,9
18.0904522613065,6
18.0904522613065,4
18.0904522613065,7
18.0904522613065,10
18.0904522613065,5
18.0904522613065,10
18.0904522613065,12
18.0904522613065,5
18.0904522613065,6
18.2914572864322,7
18.2914572864322,6
18.2914572864322,7
18.2914572864322,7
18.2914572864322,10
18.2914572864322,9
18.2914572864322,8
18.2914572864322,8
18.2914572864322,10
18.2914572864322,2
18.2914572864322,7
18.2914572864322,4
18.2914572864322,10
18.2914572864322,9
18.2914572864322,6
18.2914572864322,13
18.2914572864322,9
18.2914572864322,5
18.2914572864322,7
18.2914572864322,6
18.2914572864322,6
18.2914572864322,10
18.2914572864322,13
18.2914572864322,11
18.2914572864322,7
18.2914572864322,6
18.2914572864322,8
18.2914572864322,11
18.2914572864322,8
18.2914572864322,12
18.2914572864322,9
18.2914572864322,8
18.2914572864322,11
18.2914572864322,14
18.2914572864322,6
18.2914572864322,9
18.2914572864322,2
18.2914572864322,7
18.2914572864322,4
18.2914572864322,10
18.2914572864322,8
18.2914572864322,5
18.2914572864322,10
18.2914572864322,13
18.2914572864322,8
18.2914572864322,8
18.2914572864322,6
18.2914572864322,7
18.2914572864322,7
18.2914572864322,9
18.2914572864322,8
18.2914572864322,9
18.2914572864322,5
18.2914572864322,6
18.2914572864322,10
18.2914572864322,8
18.2914572864322,4
18.2914572864322,6
18.2914572864322,6
18.2914572864322,4
18.2914572864322,9
18.2914572864322,5
18.2914572864322,5
18.2914572864322,7
18.2914572864322,10
18.2914572864322,10
18.2914572864322,12
18.2914572864322,7
18.2914572864322,8
18.2914572864322,4
18.2914572864322,5
18.2914572864322,2
18.2914572864322,8
18.2914572864322,8
18.2914572864322,13
18.2914572864322,13
18.2914572864322,9
18.2914572864322,8
18.2914572864322,4
18.2914572864322,8
18.2914572864322,12
18.2914572864322,3
18.2914572864322,16
18.2914572864322,5
18.2914572864322,13
18.2914572864322,9
18.2914572864322,9
18.2914572864322,9
18.2914572864322,7
18.2914572864322,11
18.2914572864322,10
18.2914572864322,9
18.2914572864322,4
18.2914572864322,6
18.2914572864322,8
18.2914572864322,8
18.2914572864322,8
18.2914572864322,10
18.2914572864322,3
18.2914572864322,18
18.2914572864322,8
18.2914572864322,10
18.2914572864322,11
18.2914572864322,7
18.2914572864322,9
18.2914572864322,3
18.2914572864322,6
18.2914572864322,4
18.2914572864322,14
18.2914572864322,15
18.2914572864322,12
18.2914572864322,4
18.2914572864322,10
18.2914572864322,7
18.2914572864322,9
18.2914572864322,3
18.2914572864322,10
18.2914572864322,3
18.2914572864322,5
18.2914572864322,8
18.2914572864322,7
18.2914572864322,6
18.2914572864322,10
18.2914572864322,8
18.2914572864322,13
18.2914572864322,7
18.2914572864322,13
18.2914572864322,8
18.2914572864322,10
18.2914572864322,14
18.2914572864322,13
18.2914572864322,8
18.2914572864322,15
18.2914572864322,13
18.2914572864322,9
18.2914572864322,4
18.2914572864322,13
18.2914572864322,12
18.2914572864322,8
18.2914572864322,6
18.2914572864322,12
18.2914572864322,10
18.2914572864322,8
18.2914572864322,9
18.2914572864322,5
18.2914572864322,4
18.2914572864322,4
18.2914572864322,15
18.2914572864322,15
18.2914572864322,9
18.2914572864322,13
18.2914572864322,8
18.2914572864322,10
18.2914572864322,12
18.2914572864322,7
18.2914572864322,3
18.2914572864322,6
18.2914572864322,10
18.2914572864322,10
18.2914572864322,8
18.2914572864322,10
18.2914572864322,7
18.2914572864322,8
18.2914572864322,12
18.2914572864322,4
18.2914572864322,5
18.2914572864322,8
18.2914572864322,8
18.2914572864322,10
18.2914572864322,5
18.2914572864322,6
18.2914572864322,8
18.2914572864322,13
18.2914572864322,5
18.2914572864322,11
18.2914572864322,6
18.2914572864322,8
18.2914572864322,12
18.2914572864322,12
18.2914572864322,14
18.2914572864322,10
18.2914572864322,12
18.2914572864322,8
18.2914572864322,6
18.2914572864322,9
18.2914572864322,9
18.2914572864322,9
18.2914572864322,12
18.2914572864322,10
18.2914572864322,9
18.2914572864322,5
18.2914572864322,7
18.2914572864322,3
18.2914572864322,8
18.2914572864322,6
18.2914572864322,5
18.2914572864322,13
18.2914572864322,10
18.2914572864322,8
18.2914572864322,10
18.4924623115578,8
18.4924623115578,7
18.4924623115578,7
18.4924623115578,7
18.4924623115578,10
18.4924623115578,4
18.4924623115578,9
18.4924623115578,10
18.4924623115578,5
18.4924623115578,6
18.4924623115578,8
18.4924623115578,5
18.4924623115578,13
18.4924623115578,10
18.4924623115578,10
18.4924623115578,9
18.4924623115578,9
18.4924623115578,7
18.4924623115578,3
18.4924623115578,10
18.4924623115578,9
18.4924623115578,7
18.4924623115578,6
18.4924623115578,8
18.4924623115578,6
18.4924623115578,6
18.4924623115578,8
18.4924623115578,12
18.4924623115578,9
18.4924623115578,3
18.4924623115578,7
18.4924623115578,7
18.4924623115578,11
18.4924623115578,6
18.4924623115578,10
18.4924623115578,5
18.4924623115578,6
18.4924623115578,16
18.4924623115578,7
18.4924623115578,10
18.4924623115578,12
18.4924623115578,8
18.4924623115578,6
18.4924623115578,6
18.4924623115578,6
18.4924623115578,7
18.4924623115578,5
18.4924623115578,11
18.4924623115578,12
18.4924623115578,10
18.4924623115578,9
18.4924623115578,11
18.4924623115578,3
18.4924623115578,9
18.4924623115578,7
18.4924623115578,8
18.4924623115578,5
18.4924623115578,8
18.4924623115578,4
18.4924623115578,7
18.4924623115578,8
18.4924623115578,8
18.4924623115578,17
18.4924623115578,14
18.4924623115578,12
18.4924623115578,13
18.4924623115578,8
18.4924623115578,7
18.4924623115578,5
18.4924623115578,7
18.4924623115578,11
18.4924623115578,11
18.4924623115578,7
18.4924623115578,6
18.4924623115578,5
18.4924623115578,5
18.4924623115578,8
18.4924623115578,11
18.4924623115578,11
18.4924623115578,8
18.4924623115578,11
18.4924623115578,8
18.4924623115578,4
18.4924623115578,6
18.4924623115578,11
18.4924623115578,15
18.4924623115578,5
18.4924623115578,4
18.4924623115578,10
18.4924623115578,8
18.4924623115578,7
18.4924623115578,12
18.4924623115578,5
18.4924623115578,7
18.4924623115578,6
18.4924623115578,9
18.4924623115578,8
18.4924623115578,8
18.4924623115578,4
18.4924623115578,5
18.4924623115578,5
18.4924623115578,10
18.4924623115578,3
18.4924623115578,12
18.4924623115578,4
18.4924623115578,8
18.4924623115578,8
18.4924623115578,13
18.4924623115578,11
18.4924623115578,5
18.4924623115578,7
18.4924623115578,10
18.4924623115578,4
18.4924623115578,6
18.4924623115578,9
18.4924623115578,15
18.4924623115578,11
18.4924623115578,10
18.4924623115578,10
18.4924623115578,10
18.4924623115578,8
18.4924623115578,5
18.4924623115578,10
18.4924623115578,5
18.4924623115578,5
18.4924623115578,9
18.4924623115578,8
18.4924623115578,7
18.4924623115578,11
18.4924623115578,5
18.4924623115578,10
18.4924623115578,7
18.4924623115578,9
18.4924623115578,7
18.4924623115578,5
18.4924623115578,8
18.4924623115578,5
18.4924623115578,11
18.4924623115578,8
18.4924623115578,10
18.4924623115578,8
18.4924623115578,6
18.4924623115578,6
18.4924623115578,8
18.4924623115578,7
18.4924623115578,6
18.4924623115578,10
18.4924623115578,4
18.4924623115578,9
18.4924623115578,12
18.4924623115578,7
18.4924623115578,13
18.4924623115578,14
18.4924623115578,5
18.4924623115578,11
18.4924623115578,6
18.4924623115578,8
18.4924623115578,6
18.4924623115578,7
18.4924623115578,11
18.4924623115578,9
18.4924623115578,3
18.4924623115578,6
18.4924623115578,12
18.4924623115578,10
18.4924623115578,7
18.4924623115578,9
18.4924623115578,6
18.4924623115578,8
18.4924623115578,14
18.4924623115578,8
18.4924623115578,6
18.4924623115578,5
18.4924623115578,10
18.4924623115578,3
18.4924623115578,11
18.4924623115578,5
18.4924623115578,6
18.4924623115578,7
18.4924623115578,14
18.4924623115578,10
18.4924623115578,10
18.4924623115578,9
18.4924623115578,6
18.4924623115578,11
18.4924623115578,10
18.4924623115578,9
18.4924623115578,5
18.4924623115578,12
18.4924623115578,11
18.4924623115578,8
18.4924623115578,9
18.4924623115578,7
18.4924623115578,12
18.4924623115578,11
18.4924623115578,7
18.4924623115578,12
18.4924623115578,10
18.4924623115578,11
18.4924623115578,10
18.6934673366834,10
18.6934673366834,9
18.6934673366834,12
18.6934673366834,14
18.6934673366834,7
18.6934673366834,9
18.6934673366834,8
18.6934673366834,11
18.6934673366834,7
18.6934673366834,6
18.6934673366834,12
18.6934673366834,11
18.6934673366834,8
18.6934673366834,6
18.6934673366834,6
18.6934673366834,9
18.6934673366834,9
18.6934673366834,10
18.6934673366834,6
18.6934673366834,14
18.6934673366834,11
18.6934673366834,4
18.6934673366834,12
18.6934673366834,11
18.6934673366834,3
18.6934673366834,11
18.6934673366834,10
18.6934673366834,3
18.6934673366834,9
18.6934673366834,9
18.6934673366834,6
18.6934673366834,11
18.6934673366834,11
18.6934673366834,5
18.6934673366834,4
18.6934673366834,5
18.6934673366834,12
18.6934673366834,12
18.6934673366834,9
18.6934673366834,8
18.6934673366834,4
18.6934673366834,11
18.6934673366834,11
18.6934673366834,4
18.6934673366834,7
18.6934673366834,4
18.6934673366834,8
18.6934673366834,8
18.6934673366834,12
18.6934673366834,10
18.6934673366834,11
18.6934673366834,15
18.6934673366834,6
18.6934673366834,5
18.6934673366834,9
18.6934673366834,5
18.6934673366834,6
18.6934673366834,4
18.6934673366834,9
18.6934673366834,16
18.6934673366834,9
18.6934673366834,5
18.6934673366834,12
18.6934673366834,11
18.6934673366834,11
18.6934673366834,10
18.6934673366834,5
18.6934673366834,10
18.6934673366834,6
18.6934673366834,7
18.6934673366834,7
18.6934673366834,8
18.6934673366834,10
18.6934673366834,9
18.6934673366834,8
18.6934673366834,9
18.6934673366834,11
18.6934673366834,7
18.6934673366834,14
18.6934673366834,14
18.6934673366834,11
18.6934673366834,15
18.6934673366834,9
18.6934673366834,9
18.6934673366834,8
18.6934673366834,7
18.6934673366834,12
18.6934673366834,11
18.6934673366834,12
18.6934673366834,10
18.6934673366834,11
18.6934673366834,10
18.6934673366834,7
18.6934673366834,12
18.6934673366834,3
18.6934673366834,5
18.6934673366834,7
18.6934673366834,7
18.6934673366834,9
18.6934673366834,8
18.6934673366834,10
18.6934673366834,11
18.6934673366834,14
18.6934673366834,5
18.6934673366834,6
18.6934673366834,8
18.6934673366834,9
18.6934673366834,3
18.6934673366834,9
18.6934673366834,4
18.6934673366834,9
18.6934673366834,5
18.6934673366834,6
18.6934673366834,8
18.6934673366834,10
18.6934673366834,6
18.6934673366834,8
18.6934673366834,4
18.6934673366834,16
18.6934673366834,15
18.6934673366834,13
18.6934673366834,8
18.6934673366834,9
18.6934673366834,11
18.6934673366834,7
18.6934673366834,5
18.6934673366834,9
18.6934673366834,8
18.6934673366834,8
18.6934673366834,9
18.6934673366834,8
18.6934673366834,8
18.6934673366834,6
18.6934673366834,12
18.6934673366834,3
18.6934673366834,9
18.6934673366834,5
18.6934673366834,10
18.6934673366834,12
18.6934673366834,8
18.6934673366834,7
18.6934673366834,10
18.6934673366834,10
18.6934673366834,10
18.6934673366834,7
18.6934673366834,7
18.6934673366834,3
18.6934673366834,8
18.6934673366834,12
18.6934673366834,8
18.6934673366834,13
18.6934673366834,5
18.6934673366834,14
18.6934673366834,9
18.6934673366834,11
18.6934673366834,7
18.6934673366834,11
18.6934673366834,7
18.6934673366834,9
18.6934673366834,6
18.6934673366834,7
18.6934673366834,9
18.6934673366834,10
18.6934673366834,10
18.6934673366834,7
18.6934673366834,9
18.6934673366834,10
18.6934673366834,9
18.6934673366834,7
18.6934673366834,8
18.6934673366834,10
18.6934673366834,7
18.6934673366834,6
18.6934673366834,12
18.6934673366834,13
18.6934673366834,6
18.6934673366834,8
18.6934673366834,8
18.6934673366834,9
18.6934673366834,11
18.6934673366834,8
18.6934673366834,12
18.6934673366834,3
18.6934673366834,12
18.6934673366834,10
18.6934673366834,9
18.6934673366834,6
18.6934673366834,10
18.6934673366834,7
18.6934673366834,8
18.6934673366834,11
18.6934673366834,9
18.6934673366834,11
18.6934673366834,6
18.6934673366834,8
18.6934673366834,4
18.6934673366834,7
18.6934673366834,4
18.6934673366834,19
18.6934673366834,11
18.894472361809,10
18.894472361809,2
18.894472361809,9
18.894472361809,5
18.894472361809,5
18.894472361809,6
18.894472361809,12
18.894472361809,7
18.894472361809,9
18.894472361809,9
18.894472361809,6
18.894472361809,7
18.894472361809,8
18.894472361809,4
18.894472361809,8
18.894472361809,11
18.894472361809,12
18.894472361809,6
18.894472361809,8
18.894472361809,12
18.894472361809,7
18.894472361809,8
18.894472361809,12
18.894472361809,12
18.894472361809,8
18.894472361809,11
18.894472361809,11
18.894472361809,11
18.894472361809,13
18.894472361809,7
18.894472361809,7
18.894472361809,6
18.894472361809,11
18.894472361809,12
18.894472361809,4
18.894472361809,12
18.894472361809,9
18.894472361809,13
18.894472361809,6
18.894472361809,7
18.894472361809,7
18.894472361809,10
18.894472361809,9
18.894472361809,4
18.894472361809,10
18.894472361809,6
18.894472361809,6
18.894472361809,8
18.894472361809,7
18.894472361809,11
18.894472361809,6
18.894472361809,16
18.894472361809,9
18.894472361809,7
18.894472361809,8
18.894472361809,5
18.894472361809,8
18.894472361809,10
18.894472361809,8
18.894472361809,8
18.894472361809,8
18.894472361809,9
18.894472361809,7
18.894472361809,10
18.894472361809,10
18.894472361809,5
18.894472361809,8
18.894472361809,4
18.894472361809,11
18.894472361809,6
18.894472361809,8
18.894472361809,13
18.894472361809,3
18.894472361809,11
18.894472361809,15
18.894472361809,4
18.894472361809,9
18.894472361809,6
18.894472361809,10
18.894472361809,4
18.894472361809,6
18.894472361809,4
18.894472361809,7
18.894472361809,6
18.894472361809,10
18.894472361809,10
18.894472361809,7
18.894472361809,7
18.894472361809,4
18.894472361809,11
18.894472361809,9
18.894472361809,6
18.894472361809,11
18.894472361809,5
18.894472361809,8
18.894472361809,6
18.894472361809,11
18.894472361809,8
18.894472361809,9
18.894472361809,12
18.894472361809,9
18.894472361809,9
18.894472361809,6
18.894472361809,8
18.894472361809,10
18.894472361809,6
18.894472361809,7
18.894472361809,11
18.894472361809,8
18.894472361809,6
18.894472361809,10
18.894472361809,11
18.894472361809,10
18.894472361809,5
18.894472361809,9
18.894472361809,6
18.894472361809,8
18.894472361809,11
18.894472361809,11
18.894472361809,7
18.894472361809,4
18.894472361809,3
18.894472361809,9
18.894472361809,7
18.894472361809,14
18.894472361809,10
18.894472361809,10
18.894472361809,9
18.894472361809,5
18.894472361809,8
18.894472361809,7
18.894472361809,10
18.894472361809,12
18.894472361809,8
18.894472361809,6
18.894472361809,7
18.894472361809,12
18.894472361809,11
18.894472361809,13
18.894472361809,12
18.894472361809,10
18.894472361809,11
18.894472361809,10
18.894472361809,10
18.894472361809,3
18.894472361809,11
18.894472361809,11
18.894472361809,2
18.894472361809,11
18.894472361809,9
18.894472361809,15
18.894472361809,11
18.894472361809,16
18.894472361809,9
18.894472361809,8
18.894472361809,7
18.894472361809,10
18.894472361809,5
18.894472361809,10
18.894472361809,9
18.894472361809,9
18.894472361809,10
18.894472361809,4
18.894472361809,12
18.894472361809,10
18.894472361809,5
18.894472361809,7
18.894472361809,9
18.894472361809,11
18.894472361809,10
18.894472361809,11
18.894472361809,10
18.894472361809,7
18.894472361809,7
18.894472361809,10
18.894472361809,7
18.894472361809,9
18.894472361809,2
18.894472361809,4
18.894472361809,10
18.894472361809,8
18.894472361809,6
18.894472361809,6
18.894472361809,9
18.894472361809,9
18.894472361809,13
18.894472361809,6
18.894472361809,7
18.894472361809,2
18.894472361809,7
18.894472361809,9
18.894472361809,10
18.894472361809,13
18.894472361809,13
18.894472361809,9
18.894472361809,6
18.894472361809,9
18.894472361809,9
18.894472361809,13
18.894472361809,6
19.0954773869347,8
19.0954773869347,7
19.0954773869347,13
19.0954773869347,16
19.0954773869347,2
19.0954773869347,5
19.0954773869347,8
19.0954773869347,8
19.0954773869347,7
19.0954773869347,10
19.0954773869347,6
19.0954773869347,12
19.0954773869347,6
19.0954773869347,11
19.0954773869347,17
19.0954773869347,6
19.0954773869347,8
19.0954773869347,7
19.0954773869347,12
19.0954773869347,5
19.0954773869347,5
19.0954773869347,9
19.0954773869347,12
19.0954773869347,9
19.0954773869347,18
19.0954773869347,10
19.0954773869347,12
19.0954773869347,9
19.0954773869347,11
19.0954773869347,8
19.0954773869347,5
19.0954773869347,6
19.0954773869347,17
19.0954773869347,13
19.0954773869347,9
19.0954773869347,12
19.0954773869347,5
19.0954773869347,11
19.0954773869347,9
19.0954773869347,8
19.0954773869347,10
19.0954773869347,4
19.0954773869347,7
19.0954773869347,10
19.0954773869347,7
19.0954773869347,10
19.0954773869347,6
19.0954773869347,11
19.0954773869347,5
19.0954773869347,11
19.0954773869347,10
19.0954773869347,10
19.0954773869347,15
19.0954773869347,14
19.0954773869347,8
19.0954773869347,7
19.0954773869347,17
19.0954773869347,7
19.0954773869347,8
19.0954773869347,8
19.0954773869347,3
19.0954773869347,11
19.0954773869347,11
19.0954773869347,7
19.0954773869347,7
19.0954773869347,5
19.0954773869347,7
19.0954773869347,14
19.0954773869347,7
19.0954773869347,8
19.0954773869347,7
19.0954773869347,9
19.0954773869347,11
19.0954773869347,10
19.0954773869347,5
19.0954773869347,4
19.0954773869347,6
19.0954773869347,11
19.0954773869347,9
19.0954773869347,18
19.0954773869347,12
19.0954773869347,3
19.0954773869347,4
19.0954773869347,10
19.0954773869347,6
19.0954773869347,8
19.0954773869347,6
19.0954773869347,15
19.0954773869347,4
19.0954773869347,6
19.0954773869347,14
19.0954773869347,12
19.0954773869347,10
19.0954773869347,12
19.0954773869347,12
19.0954773869347,5
19.0954773869347,0
19.0954773869347,9
19.0954773869347,10
19.0954773869347,9
19.0954773869347,13
19.0954773869347,11
19.0954773869347,7
19.0954773869347,3
19.0954773869347,4
19.0954773869347,10
19.0954773869347,11
19.0954773869347,6
19.0954773869347,9
19.0954773869347,6
19.0954773869347,9
19.0954773869347,9
19.0954773869347,7
19.0954773869347,12
19.0954773869347,5
19.0954773869347,12
19.0954773869347,8
19.0954773869347,8
19.0954773869347,5
19.0954773869347,9
19.0954773869347,9
19.0954773869347,12
19.0954773869347,10
19.0954773869347,13
19.0954773869347,10
19.0954773869347,8
19.0954773869347,5
19.0954773869347,8
19.0954773869347,12
19.0954773869347,11
19.0954773869347,10
19.0954773869347,10
19.0954773869347,5
19.0954773869347,8
19.0954773869347,10
19.0954773869347,8
19.0954773869347,8
19.0954773869347,13
19.0954773869347,9
19.0954773869347,3
19.0954773869347,2
19.0954773869347,6
19.0954773869347,9
19.0954773869347,10
19.0954773869347,7
19.0954773869347,10
19.0954773869347,3
19.0954773869347,12
19.0954773869347,9
19.0954773869347,9
19.0954773869347,7
19.0954773869347,9
19.0954773869347,8
19.0954773869347,9
19.0954773869347,3
19.0954773869347,6
19.0954773869347,7
19.0954773869347,6
19.0954773869347,10
19.0954773869347,10
19.0954773869347,10
19.0954773869347,6
19.0954773869347,13
19.0954773869347,10
19.0954773869347,11
19.0954773869347,10
19.0954773869347,15
19.0954773869347,10
19.0954773869347,7
19.0954773869347,13
19.0954773869347,2
19.0954773869347,8
19.0954773869347,14
19.0954773869347,10
19.0954773869347,11
19.0954773869347,7
19.0954773869347,13
19.0954773869347,15
19.0954773869347,11
19.0954773869347,12
19.0954773869347,10
19.0954773869347,13
19.0954773869347,6
19.0954773869347,10
19.0954773869347,15
19.0954773869347,6
19.0954773869347,9
19.0954773869347,9
19.0954773869347,10
19.0954773869347,6
19.0954773869347,9
19.0954773869347,6
19.0954773869347,13
19.0954773869347,9
19.0954773869347,4
19.0954773869347,13
19.0954773869347,7
19.0954773869347,10
19.0954773869347,8
19.0954773869347,9
19.2964824120603,10
19.2964824120603,7
19.2964824120603,6
19.2964824120603,10
19.2964824120603,14
19.2964824120603,9
19.2964824120603,7
19.2964824120603,1
19.2964824120603,11
19.2964824120603,9
19.2964824120603,7
19.2964824120603,6
19.2964824120603,6
19.2964824120603,11
19.2964824120603,13
19.2964824120603,7
19.2964824120603,4
19.2964824120603,8
19.2964824120603,7
19.2964824120603,12
19.2964824120603,7
19.2964824120603,8
19.2964824120603,8
19.2964824120603,9
19.2964824120603,8
19.2964824120603,1
19.2964824120603,4
19.2964824120603,8
19.2964824120603,3
19.2964824120603,14
19.2964824120603,10
19.2964824120603,10
19.2964824120603,14
19.2964824120603,10
19.2964824120603,5
19.2964824120603,10
19.2964824120603,11
19.2964824120603,5
19.2964824120603,6
19.2964824120603,9
19.2964824120603,14
19.2964824120603,10
19.2964824120603,9
19.2964824120603,7
19.2964824120603,16
19.2964824120603,5
19.2964824120603,5
19.2964824120603,14
19.2964824120603,7
19.2964824120603,7
19.2964824120603,7
19.2964824120603,13
19.2964824120603,7
19.2964824120603,16
19.2964824120603,11
19.2964824120603,5
19.2964824120603,8
19.2964824120603,8
19.2964824120603,9
19.2964824120603,12
19.2964824120603,8
19.2964824120603,7
19.2964824120603,8
19.2964824120603,6
19.2964824120603,11
19.2964824120603,8
19.2964824120603,7
19.2964824120603,9
19.2964824120603,12
19.2964824120603,4
19.2964824120603,6
19.2964824120603,12
19.2964824120603,10
19.2964824120603,7
19.2964824120603,8
19.2964824120603,6
19.2964824120603,7
19.2964824120603,8
19.2964824120603,14
19.2964824120603,6
19.2964824120603,14
19.2964824120603,5
19.2964824120603,10
19.2964824120603,10
19.2964824120603,9
19.2964824120603,8
19.2964824120603,9
19.2964824120603,7
19.2964824120603,7
19.2964824120603,8
19.2964824120603,4
19.2964824120603,5
19.2964824120603,11
19.2964824120603,8
19.2964824120603,10
19.2964824120603,10
19.2964824120603,7
19.2964824120603,6
19.2964824120603,5
19.2964824120603,11
19.2964824120603,5
19.2964824120603,10
19.2964824120603,6
19.2964824120603,12
19.2964824120603,9
19.2964824120603,8
19.2964824120603,9
19.2964824120603,10
19.2964824120603,7
19.2964824120603,7
19.2964824120603,8
19.2964824120603,13
19.2964824120603,9
19.2964824120603,8
19.2964824120603,3
19.2964824120603,9
19.2964824120603,4
19.2964824120603,9
19.2964824120603,8
19.2964824120603,8
19.2964824120603,9
19.2964824120603,4
19.2964824120603,9
19.2964824120603,9
19.2964824120603,8
19.2964824120603,5
19.2964824120603,8
19.2964824120603,9
19.2964824120603,7
19.2964824120603,12
19.2964824120603,7
19.2964824120603,10
19.2964824120603,10
19.2964824120603,11
19.2964824120603,11
19.2964824120603,10
19.2964824120603,13
19.2964824120603,12
19.2964824120603,16
19.2964824120603,6
19.2964824120603,11
19.2964824120603,7
19.2964824120603,8
19.2964824120603,11
19.2964824120603,5
19.2964824120603,10
19.2964824120603,9
19.2964824120603,10
19.2964824120603,4
19.2964824120603,8
19.2964824120603,10
19.2964824120603,10
19.2964824120603,13
19.2964824120603,4
19.2964824120603,7
19.2964824120603,7
19.2964824120603,10
19.2964824120603,12
19.2964824120603,9
19.2964824120603,5
19.2964824120603,9
19.2964824120603,4
19.2964824120603,12
19.2964824120603,6
19.2964824120603,13
19.2964824120603,11
19.2964824120603,10
19.2964824120603,8
19.2964824120603,7
19.2964824120603,8
19.2964824120603,15
19.2964824120603,7
19.2964824120603,9
19.2964824120603,4
19.2964824120603,5
19.2964824120603,6
19.2964824120603,2
19.2964824120603,6
19.2964824120603,8
19.2964824120603,10
19.2964824120603,5
19.2964824120603,11
19.2964824120603,8
19.2964824120603,7
19.2964824120603,6
19.2964824120603,6
19.2964824120603,8
19.2964824120603,11
19.2964824120603,11
19.2964824120603,6
19.2964824120603,7
19.2964824120603,9
19.2964824120603,13
19.2964824120603,5
19.2964824120603,10
19.2964824120603,8
19.2964824120603,7
19.2964824120603,11
19.2964824120603,15
19.2964824120603,13
19.4974874371859,9
19.4974874371859,8
19.4974874371859,6
19.4974874371859,9
19.4974874371859,10
19.4974874371859,10
19.4974874371859,7
19.4974874371859,15
19.4974874371859,10
19.4974874371859,8
19.4974874371859,7
19.4974874371859,9
19.4974874371859,8
19.4974874371859,8
19.4974874371859,7
19.4974874371859,13
19.4974874371859,8
19.4974874371859,8
19.4974874371859,12
19.4974874371859,6
19.4974874371859,6
19.4974874371859,7
19.4974874371859,7
19.4974874371859,12
19.4974874371859,9
19.4974874371859,7
19.4974874371859,12
19.4974874371859,6
19.4974874371859,11
19.4974874371859,6
19.4974874371859,11
19.4974874371859,9
19.4974874371859,11
19.4974874371859,10
19.4974874371859,9
19.4974874371859,7
19.4974874371859,10
19.4974874371859,7
19.4974874371859,6
19.4974874371859,8
19.4974874371859,6
19.4974874371859,8
19.4974874371859,8
19.4974874371859,6
19.4974874371859,9
19.4974874371859,9
19.4974874371859,14
19.4974874371859,5
19.4974874371859,8
19.4974874371859,8
19.4974874371859,2
19.4974874371859,8
19.4974874371859,12
19.4974874371859,12
19.4974874371859,5
19.4974874371859,6
19.4974874371859,7
19.4974874371859,7
19.4974874371859,8
19.4974874371859,10
19.4974874371859,13
19.4974874371859,7
19.4974874371859,9
19.4974874371859,10
19.4974874371859,5
19.4974874371859,12
19.4974874371859,16
19.4974874371859,14
19.4974874371859,5
19.4974874371859,7
19.4974874371859,9
19.4974874371859,7
19.4974874371859,6
19.4974874371859,11
19.4974874371859,7
19.4974874371859,14
19.4974874371859,9
19.4974874371859,5
19.4974874371859,7
19.4974874371859,9
19.4974874371859,5
19.4974874371859,11
19.4974874371859,6
19.4974874371859,11
19.4974874371859,11
19.4974874371859,8
19.4974874371859,7
19.4974874371859,4
19.4974874371859,10
19.4974874371859,13
19.4974874371859,6
19.4974874371859,8
19.4974874371859,12
19.4974874371859,6
19.4974874371859,14
19.4974874371859,7
19.4974874371859,8
19.4974874371859,12
19.4974874371859,12
19.4974874371859,16
19.4974874371859,11
19.4974874371859,4
19.4974874371859,8
19.4974874371859,11
19.4974874371859,9
19.4974874371859,6
19.4974874371859,9
19.4974874371859,6
19.4974874371859,8
19.4974874371859,5
19.4974874371859,8
19.4974874371859,7
19.4974874371859,10
19.4974874371859,10
19.4974874371859,14
19.4974874371859,9
19.4974874371859,5
19.4974874371859,11
19.4974874371859,9
19.4974874371859,12
19.4974874371859,10
19.4974874371859,8
19.4974874371859,7
19.4974874371859,4
19.4974874371859,9
19.4974874371859,18
19.4974874371859,6
19.4974874371859,10
19.4974874371859,2
19.4974874371859,4
19.4974874371859,5
19.4974874371859,6
19.4974874371859,7
19.4974874371859,10
19.4974874371859,4
19.4974874371859,7
19.4974874371859,10
19.4974874371859,8
19.4974874371859,10
19.4974874371859,6
19.4974874371859,5
19.4974874371859,11
19.4974874371859,12
19.4974874371859,5
19.4974874371859,8
19.4974874371859,4
19.4974874371859,8
19.4974874371859,4
19.4974874371859,8
19.4974874371859,5
19.4974874371859,6
19.4974874371859,10
19.4974874371859,6
19.4974874371859,11
19.4974874371859,10
19.4974874371859,14
19.4974874371859,12
19.4974874371859,8
19.4974874371859,9
19.4974874371859,5
19.4974874371859,14
19.4974874371859,6
19.4974874371859,8
19.4974874371859,5
19.4974874371859,5
19.4974874371859,5
19.4974874371859,13
19.4974874371859,4
19.4974874371859,9
19.4974874371859,12
19.4974874371859,3
19.4974874371859,10
19.4974874371859,13
19.4974874371859,12
19.4974874371859,6
19.4974874371859,9
19.4974874371859,7
19.4974874371859,4
19.4974874371859,6
19.4974874371859,9
19.4974874371859,5
19.4974874371859,9
19.4974874371859,5
19.4974874371859,7
19.4974874371859,8
19.4974874371859,11
19.4974874371859,7
19.4974874371859,8
19.4974874371859,10
19.4974874371859,6
19.4974874371859,7
19.4974874371859,12
19.4974874371859,11
19.4974874371859,14
19.4974874371859,12
19.4974874371859,5
19.4974874371859,5
19.4974874371859,15
19.4974874371859,11
19.4974874371859,7
19.6984924623116,11
19.6984924623116,8
19.6984924623116,8
19.6984924623116,10
19.6984924623116,8
19.6984924623116,8
19.6984924623116,6
19.6984924623116,9
19.6984924623116,5
19.6984924623116,12
19.6984924623116,11
19.6984924623116,12
19.6984924623116,9
19.6984924623116,12
19.6984924623116,10
19.6984924623116,6
19.6984924623116,4
19.6984924623116,12
19.6984924623116,7
19.6984924623116,12
19.6984924623116,6
19.6984924623116,6
19.6984924623116,12
19.6984924623116,8
19.6984924623116,5
19.6984924623116,12
19.6984924623116,7
19.6984924623116,7
19.6984924623116,11
19.6984924623116,5
19.6984924623116,8
19.6984924623116,8
19.6984924623116,7
19.6984924623116,12
19.6984924623116,12
19.6984924623116,7
19.6984924623116,5
19.6984924623116,9
19.6984924623116,18
19.6984924623116,7
19.6984924623116,6
19.6984924623116,10
19.6984924623116,12
19.6984924623116,6
19.6984924623116,7
19.6984924623116,11
19.6984924623116,13
19.6984924623116,5
19.6984924623116,14
19.6984924623116,13
19.6984924623116,9
19.6984924623116,9
19.6984924623116,11
19.6984924623116,5
19.6984924623116,11
19.6984924623116,9
19.6984924623116,8
19.6984924623116,6
19.6984924623116,7
19.6984924623116,14
19.6984924623116,8
19.6984924623116,13
19.6984924623116,14
19.6984924623116,6
19.6984924623116,3
19.6984924623116,6
19.6984924623116,8
19.6984924623116,6
19.6984924623116,10
19.6984924623116,5
19.6984924623116,3
19.6984924623116,8
19.6984924623116,11
19.6984924623116,7
19.6984924623116,3
19.6984924623116,4
19.6984924623116,9
19.6984924623116,7
19.6984924623116,11
19.6984924623116,6
19.6984924623116,9
19.6984924623116,13
19.6984924623116,7
19.6984924623116,9
19.6984924623116,8
19.6984924623116,16
19.6984924623116,3
19.6984924623116,9
19.6984924623116,9
19.6984924623116,10
19.6984924623116,7
19.6984924623116,6
19.6984924623116,7
19.6984924623116,7
19.6984924623116,8
19.6984924623116,9
19.6984924623116,6
19.6984924623116,3
19.6984924623116,7
19.6984924623116,11
19.6984924623116,12
19.6984924623116,9
19.6984924623116,8
19.6984924623116,9
19.6984924623116,3
19.6984924623116,17
19.6984924623116,9
19.6984924623116,8
19.6984924623116,11
19.6984924623116,9
19.6984924623116,5
19.6984924623116,8
19.6984924623116,6
19.6984924623116,4
19.6984924623116,10
19.6984924623116,8
19.6984924623116,6
19.6984924623116,7
19.6984924623116,11
19.6984924623116,5
19.6984924623116,13
19.6984924623116,13
19.6984924623116,7
19.6984924623116,7
19.6984924623116,10
19.6984924623116,7
19.6984924623116,10
19.6984924623116,12
19.6984924623116,10
19.6984924623116,7
19.6984924623116,6
19.6984924623116,6
19.6984924623116,7
19.6984924623116,10
19.6984924623116,2
19.6984924623116,6
19.6984924623116,9
19.6984924623116,7
19.6984924623116,11
19.6984924623116,10
19.6984924623116,5
19.6984924623116,13
19.6984924623116,10
19.6984924623116,8
19.6984924623116,10
19.6984924623116,11
19.6984924623116,8
19.6984924623116,9
19.6984924623116,7
19.6984924623116,9
19.6984924623116,9
19.6984924623116,6
19.6984924623116,11
19.6984924623116,6
19.6984924623116,8
19.6984924623116,10
19.6984924623116,7
19.6984924623116,7
19.6984924623116,8
19.6984924623116,8
19.6984924623116,10
19.6984924623116,8
19.6984924623116,7
19.6984924623116,6
19.6984924623116,8
19.6984924623116,8
19.6984924623116,9
19.6984924623116,8
19.6984924623116,9
19.6984924623116,8
19.6984924623116,8
19.6984924623116,15
19.6984924623116,13
19.6984924623116,8
19.6984924623116,3
19.6984924623116,8
19.6984924623116,11
19.6984924623116,3
19.6984924623116,13
19.6984924623116,7
19.6984924623116,7
19.6984924623116,3
19.6984924623116,7
19.6984924623116,7
19.6984924623116,7
19.6984924623116,10
19.6984924623116,14
19.6984924623116,5
19.6984924623116,7
19.6984924623116,9
19.6984924623116,11
19.6984924623116,14
19.6984924623116,6
19.6984924623116,10
19.6984924623116,7
19.6984924623116,7
19.6984924623116,11
19.6984924623116,7
19.6984924623116,8
19.6984924623116,7
19.8994974874372,16
19.8994974874372,10
19.8994974874372,2
19.8994974874372,7
19.8994974874372,8
19.8994974874372,5
19.8994974874372,8
19.8994974874372,5
19.8994974874372,7
19.8994974874372,7
19.8994974874372,9
19.8994974874372,12
19.8994974874372,5
19.8994974874372,7
19.8994974874372,10
19.8994974874372,2
19.8994974874372,12
19.8994974874372,9
19.8994974874372,7
19.8994974874372,11
19.8994974874372,12
19.8994974874372,8
19.8994974874372,4
19.8994974874372,9
19.8994974874372,8
19.8994974874372,5
19.8994974874372,11
19.8994974874372,8
19.8994974874372,12
19.8994974874372,14
19.8994974874372,6
19.8994974874372,10
19.8994974874372,7
19.8994974874372,7
19.8994974874372,10
19.8994974874372,4
19.8994974874372,12
19.8994974874372,9
19.8994974874372,11
19.8994974874372,12
19.8994974874372,4
19.8994974874372,8
19.8994974874372,5
19.8994974874372,5
19.8994974874372,9
19.8994974874372,9
19.8994974874372,4
19.8994974874372,12
19.8994974874372,10
19.8994974874372,12
19.8994974874372,7
19.8994974874372,6
19.8994974874372,5
19.8994974874372,10
19.8994974874372,11
19.8994974874372,9
19.8994974874372,8
19.8994974874372,8
19.8994974874372,8
19.8994974874372,7
19.8994974874372,9
19.8994974874372,10
19.8994974874372,7
19.8994974874372,10
19.8994974874372,11
19.8994974874372,7
19.8994974874372,10
19.8994974874372,12
19.8994974874372,15
19.8994974874372,7
19.8994974874372,8
19.8994974874372,6
19.8994974874372,10
19.8994974874372,6
19.8994974874372,15
19.8994974874372,6
19.8994974874372,8
19.8994974874372,6
19.8994974874372,9
19.8994974874372,10
19.8994974874372,9
19.8994974874372,2
19.8994974874372,6
19.8994974874372,7
19.8994974874372,8
19.8994974874372,7
19.8994974874372,5
19.8994974874372,8
19.8994974874372,6
19.8994974874372,12
19.8994974874372,9
19.8994974874372,14
19.8994974874372,9
19.8994974874372,9
19.8994974874372,11
19.8994974874372,7
19.8994974874372,8
19.8994974874372,6
19.8994974874372,9
19.8994974874372,8
19.8994974874372,7
19.8994974874372,9
19.8994974874372,6
19.8994974874372,6
19.8994974874372,5
19.8994974874372,6
19.8994974874372,7
19.8994974874372,7
19.8994974874372,6
19.8994974874372,5
19.8994974874372,6
19.8994974874372,11
19.8994974874372,8
19.8994974874372,8
19.8994974874372,15
19.8994974874372,8
19.8994974874372,11
19.8994974874372,6
19.8994974874372,11
19.8994974874372,13
19.8994974874372,11
19.8994974874372,10
19.8994974874372,5
19.8994974874372,9
19.8994974874372,12
19.8994974874372,8
19.8994974874372,8
19.8994974874372,7
19.8994974874372,7
19.8994974874372,8
19.8994974874372,6
19.8994974874372,4
19.8994974874372,10
19.8994974874372,7
19.8994974874372,10
19.8994974874372,6
19.8994974874372,5
19.8994974874372,8
19.8994974874372,10
19.8994974874372,12
19.8994974874372,15
19.8994974874372,11
19.8994974874372,9
19.8994974874372,8
19.8994974874372,8
19.8994974874372,5
19.8994974874372,10
19.8994974874372,6
19.8994974874372,7
19.8994974874372,13
19.8994974874372,6
19.8994974874372,8
19.8994974874372,9
19.8994974874372,9
19.8994974874372,8
19.8994974874372,6
19.8994974874372,10
19.8994974874372,7
19.8994974874372,9
19.8994974874372,7
19.8994974874372,8
19.8994974874372,6
19.8994974874372,8
19.8994974874372,5
19.8994974874372,6
19.8994974874372,9
19.8994974874372,10
19.8994974874372,9
19.8994974874372,7
19.8994974874372,12
19.8994974874372,10
19.8994974874372,3
19.8994974874372,6
19.8994974874372,6
19.8994974874372,5
19.8994974874372,11
19.8994974874372,11
19.8994974874372,4
19.8994974874372,8
19.8994974874372,6
19.8994974874372,7
19.8994974874372,6
19.8994974874372,11
19.8994974874372,5
19.8994974874372,9
19.8994974874372,9
19.8994974874372,7
19.8994974874372,11
19.8994974874372,4
19.8994974874372,5
19.8994974874372,9
19.8994974874372,10
19.8994974874372,6
19.8994974874372,6
19.8994974874372,8
19.8994974874372,11
19.8994974874372,7
19.8994974874372,10
19.8994974874372,9
19.8994974874372,7
20.1005025125628,6
20.1005025125628,3
20.1005025125628,15
20.1005025125628,9
20.1005025125628,10
20.1005025125628,11
20.1005025125628,10
20.1005025125628,10
20.1005025125628,10
20.1005025125628,7
20.1005025125628,5
20.1005025125628,10
20.1005025125628,5
20.1005025125628,7
20.1005025125628,6
20.1005025125628,11
20.1005025125628,8
20.1005025125628,9
20.1005025125628,5
20.1005025125628,14
20.1005025125628,7
20.1005025125628,5
20.1005025125628,4
20.1005025125628,13
20.1005025125628,13
20.1005025125628,14
20.1005025125628,4
20.1005025125628,7
20.1005025125628,11
20.1005025125628,6
20.1005025125628,8
20.1005025125628,11
20.1005025125628,16
20.1005025125628,5
20.1005025125628,3
20.1005025125628,15
20.1005025125628,6
20.1005025125628,14
20.1005025125628,11
20.1005025125628,12
20.1005025125628,10
20.1005025125628,9
20.1005025125628,8
20.1005025125628,9
20.1005025125628,7
20.1005025125628,7
20.1005025125628,8
20.1005025125628,9
20.1005025125628,6
20.1005025125628,7
20.1005025125628,13
20.1005025125628,8
20.1005025125628,8
20.1005025125628,5
20.1005025125628,7
20.1005025125628,6
20.1005025125628,10
20.1005025125628,8
20.1005025125628,3
20.1005025125628,14
20.1005025125628,9
20.1005025125628,10
20.1005025125628,4
20.1005025125628,13
20.1005025125628,7
20.1005025125628,5
20.1005025125628,11
20.1005025125628,10
20.1005025125628,4
20.1005025125628,6
20.1005025125628,6
20.1005025125628,4
20.1005025125628,15
20.1005025125628,4
20.1005025125628,9
20.1005025125628,11
20.1005025125628,9
20.1005025125628,9
20.1005025125628,5
20.1005025125628,5
20.1005025125628,6
20.1005025125628,12
20.1005025125628,12
20.1005025125628,8
20.1005025125628,10
20.1005025125628,11
20.1005025125628,5
20.1005025125628,11
20.1005025125628,7
20.1005025125628,8
20.1005025125628,10
20.1005025125628,3
20.1005025125628,3
20.1005025125628,10
20.1005025125628,9
20.1005025125628,11
20.1005025125628,9
20.1005025125628,8
20.1005025125628,12
20.1005025125628,10
20.1005025125628,7
20.1005025125628,8
20.1005025125628,7
20.1005025125628,9
20.1005025125628,7
20.1005025125628,9
20.1005025125628,8
20.1005025125628,9
20.1005025125628,7
20.1005025125628,13
20.1005025125628,8
20.1005025125628,11
20.1005025125628,8
20.1005025125628,7
20.1005025125628,8
20.1005025125628,9
20.1005025125628,12
20.1005025125628,7
20.1005025125628,8
20.1005025125628,10
20.1005025125628,11
20.1005025125628,10
20.1005025125628,9
20.1005025125628,11
20.1005025125628,6
20.1005025125628,7
20.1005025125628,11
20.1005025125628,11
20.1005025125628,6
20.1005025125628,11
20.1005025125628,14
20.1005025125628,8
20.1005025125628,13
20.1005025125628,8
20.1005025125628,8
20.1005025125628,9
20.1005025125628,10
20.1005025125628,11
20.1005025125628,6
20.1005025125628,11
20.1005025125628,12
20.1005025125628,8
20.1005025125628,6
20.1005025125628,8
20.1005025125628,6
20.1005025125628,9
20.1005025125628,3
20.1005025125628,13
20.1005025125628,8
20.1005025125628,7
20.1005025125628,5
20.1005025125628,11
20.1005025125628,10
20.1005025125628,10
20.1005025125628,7
20.1005025125628,10
20.1005025125628,10
20.1005025125628,12
20.1005025125628,11
20.1005025125628,5
20.1005025125628,7
20.1005025125628,9
20.1005025125628,9
20.1005025125628,6
20.1005025125628,9
20.1005025125628,5
20.1005025125628,14
20.1005025125628,10
20.1005025125628,6
20.1005025125628,8
20.1005025125628,9
20.1005025125628,10
20.1005025125628,10
20.1005025125628,11
20.1005025125628,10
20.1005025125628,14
20.1005025125628,5
20.1005025125628,11
20.1005025125628,7
20.1005025125628,5
20.1005025125628,7
20.1005025125628,9
20.1005025125628,4
20.1005025125628,7
20.1005025125628,12
20.1005025125628,8
20.1005025125628,12
20.1005025125628,8
20.1005025125628,4
20.1005025125628,6
20.1005025125628,12
20.1005025125628,6
20.1005025125628,6
20.1005025125628,13
20.1005025125628,7
20.1005025125628,7
20.1005025125628,11
20.1005025125628,12
20.1005025125628,10
20.1005025125628,3
20.3015075376884,10
20.3015075376884,8
20.3015075376884,9
20.3015075376884,11
20.3015075376884,8
20.3015075376884,9
20.3015075376884,12
20.3015075376884,11
20.3015075376884,4
20.3015075376884,10
20.3015075376884,5
20.3015075376884,10
20.3015075376884,6
20.3015075376884,7
20.3015075376884,10
20.3015075376884,6
20.3015075376884,4
20.3015075376884,4
20.3015075376884,11
20.3015075376884,12
20.3015075376884,9
20.3015075376884,8
20.3015075376884,7
20.3015075376884,8
20.3015075376884,10
20.3015075376884,8
20.3015075376884,7
20.3015075376884,5
20.3015075376884,8
20.3015075376884,6
20.3015075376884,9
20.3015075376884,9
20.3015075376884,9
20.3015075376884,10
20.3015075376884,5
20.3015075376884,8
20.3015075376884,8
20.3015075376884,10
20.3015075376884,13
20.3015075376884,2
20.3015075376884,9
20.3015075376884,9
20.3015075376884,10
20.3015075376884,10
20.3015075376884,9
20.3015075376884,5
20.3015075376884,7
20.3015075376884,4
20.3015075376884,10
20.3015075376884,10
20.3015075376884,4
20.3015075376884,3
20.3015075376884,11
20.3015075376884,11
20.3015075376884,5
20.3015075376884,6
20.3015075376884,13
20.3015075376884,11
20.3015075376884,13
20.3015075376884,10
20.3015075376884,9
20.3015075376884,8
20.3015075376884,10
20.3015075376884,5
20.3015075376884,7
20.3015075376884,9
20.3015075376884,9
20.3015075376884,13
20.3015075376884,8
20.3015075376884,9
20.3015075376884,12
20.3015075376884,9
20.3015075376884,9
20.3015075376884,7
20.3015075376884,9
20.3015075376884,8
20.3015075376884,8
20.3015075376884,9
20.3015075376884,14
20.3015075376884,7
20.3015075376884,7
20.3015075376884,7
20.3015075376884,7
20.3015075376884,13
20.3015075376884,8
20.3015075376884,11
20.3015075376884,8
20.3015075376884,9
20.3015075376884,10
20.3015075376884,11
20.3015075376884,12
20.3015075376884,12
20.3015075376884,11
20.3015075376884,11
20.3015075376884,8
20.3015075376884,10
20.3015075376884,7
20.3015075376884,13
20.3015075376884,10
20.3015075376884,4
20.3015075376884,9
20.3015075376884,3
20.3015075376884,6
20.3015075376884,13
20.3015075376884,10
20.3015075376884,9
20.3015075376884,8
20.3015075376884,9
20.3015075376884,10
20.3015075376884,4
20.3015075376884,10
20.3015075376884,7
20.3015075376884,12
20.3015075376884,14
20.3015075376884,16
20.3015075376884,9
20.3015075376884,12
20.3015075376884,6
20.3015075376884,14
20.3015075376884,8
20.3015075376884,14
20.3015075376884,12
20.3015075376884,11
20.3015075376884,6
20.3015075376884,6
20.3015075376884,5
20.3015075376884,12
20.3015075376884,7
20.3015075376884,9
20.3015075376884,11
20.3015075376884,9
20.3015075376884,8
20.3015075376884,6
20.3015075376884,8
20.3015075376884,8
20.3015075376884,11
20.3015075376884,5
20.3015075376884,9
20.3015075376884,7
20.3015075376884,5
20.3015075376884,7
20.3015075376884,10
20.3015075376884,10
20.3015075376884,2
20.3015075376884,5
20.3015075376884,10
20.3015075376884,7
20.3015075376884,6
20.3015075376884,7
20.3015075376884,7
20.3015075376884,11
20.3015075376884,7
20.3015075376884,5
20.3015075376884,11
20.3015075376884,5
20.3015075376884,7
20.3015075376884,7
20.3015075376884,7
20.3015075376884,14
20.3015075376884,10
20.3015075376884,14
20.3015075376884,8
20.3015075376884,6
20.3015075376884,12
20.3015075376884,8
20.3015075376884,5
20.3015075376884,8
20.3015075376884,11
20.3015075376884,9
20.3015075376884,7
20.3015075376884,9
20.3015075376884,5
20.3015075376884,13
20.3015075376884,9
20.3015075376884,5
20.3015075376884,10
20.3015075376884,11
20.3015075376884,8
20.3015075376884,9
20.3015075376884,12
20.3015075376884,6
20.3015075376884,8
20.3015075376884,8
20.3015075376884,5
20.3015075376884,6
20.3015075376884,9
20.3015075376884,8
20.3015075376884,9
20.3015075376884,3
20.3015075376884,13
20.3015075376884,11
20.3015075376884,8
20.3015075376884,12
20.3015075376884,6
20.3015075376884,8
20.3015075376884,11
20.3015075376884,6
20.3015075376884,6
20.3015075376884,8
20.3015075376884,16
20.5025125628141,10
20.5025125628141,11
20.5025125628141,8
20.5025125628141,8
20.5025125628141,14
20.5025125628141,10
20.5025125628141,10
20.5025125628141,11
20.5025125628141,10
20.5025125628141,6
20.5025125628141,4
20.5025125628141,8
20.5025125628141,16
20.5025125628141,6
20.5025125628141,12
20.5025125628141,11
20.5025125628141,15
20.5025125628141,7
20.5025125628141,11
20.5025125628141,3
20.5025125628141,6
20.5025125628141,4
20.5025125628141,7
20.5025125628141,6
20.5025125628141,9
20.5025125628141,8
20.5025125628141,10
20.5025125628141,11
20.5025125628141,7
20.5025125628141,7
20.5025125628141,9
20.5025125628141,12
20.5025125628141,11
20.5025125628141,9
20.5025125628141,6
20.5025125628141,9
20.5025125628141,9
20.5025125628141,11
20.5025125628141,4
20.5025125628141,11
20.5025125628141,8
20.5025125628141,10
20.5025125628141,7
20.5025125628141,5
20.5025125628141,5
20.5025125628141,6
20.5025125628141,9
20.5025125628141,8
20.5025125628141,7
20.5025125628141,7
20.5025125628141,6
20.5025125628141,8
20.5025125628141,10
20.5025125628141,12
20.5025125628141,5
20.5025125628141,14
20.5025125628141,8
20.5025125628141,13
20.5025125628141,6
20.5025125628141,8
20.5025125628141,8
20.5025125628141,13
20.5025125628141,8
20.5025125628141,8
20.5025125628141,11
20.5025125628141,8
20.5025125628141,6
20.5025125628141,11
20.5025125628141,3
20.5025125628141,13
20.5025125628141,11
20.5025125628141,8
20.5025125628141,9
20.5025125628141,4
20.5025125628141,6
20.5025125628141,9
20.5025125628141,7
20.5025125628141,12
20.5025125628141,8
20.5025125628141,7
20.5025125628141,4
20.5025125628141,9
20.5025125628141,5
20.5025125628141,7
20.5025125628141,9
20.5025125628141,13
20.5025125628141,11
20.5025125628141,7
20.5025125628141,14
20.5025125628141,10
20.5025125628141,13
20.5025125628141,1
20.5025125628141,9
20.5025125628141,8
20.5025125628141,6
20.5025125628141,8
20.5025125628141,3
20.5025125628141,8
20.5025125628141,9
20.5025125628141,6
20.5025125628141,6
20.5025125628141,11
20.5025125628141,10
20.5025125628141,7
20.5025125628141,10
20.5025125628141,10
20.5025125628141,5
20.5025125628141,9
20.5025125628141,9
20.5025125628141,7
20.5025125628141,9
20.5025125628141,7
20.5025125628141,9
20.5025125628141,12
20.5025125628141,5
20.5025125628141,11
20.5025125628141,14
20.5025125628141,15
20.5025125628141,7
20.5025125628141,1
20.5025125628141,9
20.5025125628141,9
20.5025125628141,13
20.5025125628141,10
20.5025125628141,6
20.5025125628141,4
20.5025125628141,9
20.5025125628141,13
20.5025125628141,9
20.5025125628141,8
20.5025125628141,6
20.5025125628141,7
20.5025125628141,6
20.5025125628141,9
20.5025125628141,6
20.5025125628141,8
20.5025125628141,5
20.5025125628141,8
20.5025125628141,6
20.5025125628141,9
20.5025125628141,6
20.5025125628141,9
20.5025125628141,9
20.5025125628141,5
20.5025125628141,8
20.5025125628141,14
20.5025125628141,9
20.5025125628141,5
20.5025125628141,13
20.5025125628141,8
20.5025125628141,10
20.5025125628141,11
20.5025125628141,3
20.5025125628141,15
20.5025125628141,9
20.5025125628141,4
20.5025125628141,7
20.5025125628141,8
20.5025125628141,14
20.5025125628141,9
20.5025125628141,8
20.5025125628141,9
20.5025125628141,4
20.5025125628141,6
20.5025125628141,11
20.5025125628141,9
20.5025125628141,8
20.5025125628141,6
20.5025125628141,6
20.5025125628141,12
20.5025125628141,12
20.5025125628141,11
20.5025125628141,10
20.5025125628141,6
20.5025125628141,10
20.5025125628141,7
20.5025125628141,16
20.5025125628141,6
20.5025125628141,8
20.5025125628141,6
20.5025125628141,5
20.5025125628141,9
20.5025125628141,8
20.5025125628141,5
20.5025125628141,8
20.5025125628141,5
20.5025125628141,10
20.5025125628141,8
20.5025125628141,7
20.5025125628141,6
20.5025125628141,9
20.5025125628141,7
20.5025125628141,9
20.5025125628141,8
20.5025125628141,6
20.5025125628141,10
20.5025125628141,10
20.5025125628141,10
20.5025125628141,9
20.5025125628141,12
20.7035175879397,9
20.7035175879397,7
20.7035175879397,13
20.7035175879397,10
20.7035175879397,11
20.7035175879397,7
20.7035175879397,10
20.7035175879397,4
20.7035175879397,11
20.7035175879397,7
20.7035175879397,7
20.7035175879397,14
20.7035175879397,7
20.7035175879397,11
20.7035175879397,9
20.7035175879397,8
20.7035175879397,9
20.7035175879397,9
20.7035175879397,8
20.7035175879397,8
20.7035175879397,7
20.7035175879397,17
20.7035175879397,11
20.7035175879397,9
20.7035175879397,10
20.7035175879397,8
20.7035175879397,9
20.7035175879397,7
20.7035175879397,4
20.7035175879397,4
20.7035175879397,8
20.7035175879397,10
20.7035175879397,9
20.7035175879397,13
20.7035175879397,10
20.7035175879397,16
20.7035175879397,7
20.7035175879397,17
20.7035175879397,7
20.7035175879397,8
20.7035175879397,8
20.7035175879397,6
20.7035175879397,8
20.7035175879397,6
20.7035175879397,5
20.7035175879397,9
20.7035175879397,7
20.7035175879397,11
20.7035175879397,11
20.7035175879397,9
20.7035175879397,8
20.7035175879397,6
20.7035175879397,13
20.7035175879397,9
20.7035175879397,11
20.7035175879397,8
20.7035175879397,16
20.7035175879397,12
20.7035175879397,15
20.7035175879397,7
20.7035175879397,13
20.7035175879397,11
20.7035175879397,12
20.7035175879397,9
20.7035175879397,11
20.7035175879397,8
20.7035175879397,4
20.7035175879397,10
20.7035175879397,13
20.7035175879397,8
20.7035175879397,11
20.7035175879397,12
20.7035175879397,7
20.7035175879397,10
20.7035175879397,9
20.7035175879397,9
20.7035175879397,13
20.7035175879397,5
20.7035175879397,9
20.7035175879397,3
20.7035175879397,17
20.7035175879397,9
20.7035175879397,8
20.7035175879397,6
20.7035175879397,6
20.7035175879397,7
20.7035175879397,8
20.7035175879397,8
20.7035175879397,6
20.7035175879397,5
20.7035175879397,14
20.7035175879397,11
20.7035175879397,10
20.7035175879397,8
20.7035175879397,5
20.7035175879397,5
20.7035175879397,7
20.7035175879397,4
20.7035175879397,9
20.7035175879397,12
20.7035175879397,4
20.7035175879397,9
20.7035175879397,9
20.7035175879397,9
20.7035175879397,6
20.7035175879397,19
20.7035175879397,7
20.7035175879397,11
20.7035175879397,9
20.7035175879397,10
20.7035175879397,10
20.7035175879397,9
20.7035175879397,7
20.7035175879397,11
20.7035175879397,9
20.7035175879397,11
20.7035175879397,10
20.7035175879397,6
20.7035175879397,6
20.7035175879397,6
20.7035175879397,15
20.7035175879397,8
20.7035175879397,6
20.7035175879397,13
20.7035175879397,13
20.7035175879397,7
20.7035175879397,6
20.7035175879397,7
20.7035175879397,8
20.7035175879397,11
20.7035175879397,9
20.7035175879397,9
20.7035175879397,5
20.7035175879397,10
20.7035175879397,6
20.7035175879397,15
20.7035175879397,3
20.7035175879397,8
20.7035175879397,12
20.7035175879397,6
20.7035175879397,7
20.7035175879397,11
20.7035175879397,5
20.7035175879397,13
20.7035175879397,7
20.7035175879397,10
20.7035175879397,8
20.7035175879397,8
20.7035175879397,9
20.7035175879397,7
20.7035175879397,15
20.7035175879397,6
20.7035175879397,6
20.7035175879397,8
20.7035175879397,9
20.7035175879397,10
20.7035175879397,10
20.7035175879397,8
20.7035175879397,10
20.7035175879397,5
20.7035175879397,11
20.7035175879397,8
20.7035175879397,8
20.7035175879397,9
20.7035175879397,3
20.7035175879397,5
20.7035175879397,7
20.7035175879397,12
20.7035175879397,6
20.7035175879397,2
20.7035175879397,5
20.7035175879397,3
20.7035175879397,5
20.7035175879397,5
20.7035175879397,11
20.7035175879397,6
20.7035175879397,15
20.7035175879397,4
20.7035175879397,12
20.7035175879397,6
20.7035175879397,11
20.7035175879397,5
20.7035175879397,10
20.7035175879397,7
20.7035175879397,8
20.7035175879397,9
20.7035175879397,9
20.7035175879397,12
20.7035175879397,6
20.7035175879397,14
20.7035175879397,7
20.7035175879397,17
20.7035175879397,5
20.7035175879397,10
20.7035175879397,7
20.7035175879397,7
20.7035175879397,6
20.7035175879397,12
20.7035175879397,8
20.7035175879397,9
20.9045226130653,8
20.9045226130653,11
20.9045226130653,11
20.9045226130653,13
20.9045226130653,11
20.9045226130653,14
20.9045226130653,9
20.9045226130653,15
20.9045226130653,3
20.9045226130653,7
20.9045226130653,9
20.9045226130653,11
20.9045226130653,8
20.9045226130653,11
20.9045226130653,2
20.9045226130653,7
20.9045226130653,13
20.9045226130653,5
20.9045226130653,15
20.9045226130653,9
20.9045226130653,10
20.9045226130653,5
20.9045226130653,12
20.9045226130653,15
20.9045226130653,9
20.9045226130653,11
20.9045226130653,4
20.9045226130653,5
20.9045226130653,11
20.9045226130653,9
20.9045226130653,9
20.9045226130653,9
20.9045226130653,5
20.9045226130653,7
20.9045226130653,7
20.9045226130653,5
20.9045226130653,12
20.9045226130653,13
20.9045226130653,6
20.9045226130653,10
20.9045226130653,13
20.9045226130653,14
20.9045226130653,6
20.9045226130653,5
20.9045226130653,10
20.9045226130653,12
20.9045226130653,9
20.9045226130653,10
20.9045226130653,5
20.9045226130653,8
20.9045226130653,8
20.9045226130653,6
20.9045226130653,10
20.9045226130653,11
20.9045226130653,11
20.9045226130653,9
20.9045226130653,15
20.9045226130653,12
20.9045226130653,12
20.9045226130653,10
20.9045226130653,7
20.9045226130653,5
20.9045226130653,9
20.9045226130653,7
20.9045226130653,9
20.9045226130653,14
20.9045226130653,3
20.9045226130653,6
20.9045226130653,9
20.9045226130653,3
20.9045226130653,14
20.9045226130653,8
20.9045226130653,15
20.9045226130653,10
20.9045226130653,7
20.9045226130653,13
20.9045226130653,6
20.9045226130653,7
20.9045226130653,10
20.9045226130653,7
20.9045226130653,12
20.9045226130653,7
20.9045226130653,7
20.9045226130653,5
20.9045226130653,7
20.9045226130653,10
20.9045226130653,11
20.9045226130653,13
20.9045226130653,10
20.9045226130653,9
20.9045226130653,9
20.9045226130653,3
20.9045226130653,11
20.9045226130653,7
20.9045226130653,7
20.9045226130653,8
20.9045226130653,16
20.9045226130653,5
20.9045226130653,3
20.9045226130653,8
20.9045226130653,10
20.9045226130653,6
20.9045226130653,14
20.9045226130653,3
20.9045226130653,8
20.9045226130653,5
20.9045226130653,8
20.9045226130653,8
20.9045226130653,6
20.9045226130653,9
20.9045226130653,14
20.9045226130653,6
20.9045226130653,13
20.9045226130653,8
20.9045226130653,11
20.9045226130653,11
20.9045226130653,8
20.9045226130653,11
20.9045226130653,5
20.9045226130653,8
20.9045226130653,6
20.9045226130653,15
20.9045226130653,11
20.9045226130653,10
20.9045226130653,11
20.9045226130653,10
20.9045226130653,11
20.9045226130653,12
20.9045226130653,7
20.9045226130653,6
20.9045226130653,13
20.9045226130653,10
20.9045226130653,11
20.9045226130653,8
20.9045226130653,7
20.9045226130653,12
20.9045226130653,7
20.9045226130653,9
20.9045226130653,11
20.9045226130653,7
20.9045226130653,5
20.9045226130653,9
20.9045226130653,12
20.9045226130653,17
20.9045226130653,9
20.9045226130653,10
20.9045226130653,2
20.9045226130653,11
20.9045226130653,10
20.9045226130653,6
20.9045226130653,7
20.9045226130653,16
20.9045226130653,6
20.9045226130653,17
20.9045226130653,11
20.9045226130653,10
20.9045226130653,3
20.9045226130653,9
20.9045226130653,4
20.9045226130653,8
20.9045226130653,5
20.9045226130653,12
20.9045226130653,7
20.9045226130653,15
20.9045226130653,9
20.9045226130653,10
20.9045226130653,5
20.9045226130653,6
20.9045226130653,12
20.9045226130653,9
20.9045226130653,9
20.9045226130653,7
20.9045226130653,9
20.9045226130653,8
20.9045226130653,5
20.9045226130653,6
20.9045226130653,9
20.9045226130653,4
20.9045226130653,3
20.9045226130653,4
20.9045226130653,11
20.9045226130653,7
20.9045226130653,11
20.9045226130653,7
20.9045226130653,8
20.9045226130653,12
20.9045226130653,9
20.9045226130653,11
20.9045226130653,10
20.9045226130653,7
20.9045226130653,6
20.9045226130653,7
20.9045226130653,11
20.9045226130653,7
20.9045226130653,8
20.9045226130653,8
20.9045226130653,3
20.9045226130653,8
20.9045226130653,12
20.9045226130653,9
21.105527638191,6
21.105527638191,9
21.105527638191,11
21.105527638191,10
21.105527638191,11
21.105527638191,14
21.105527638191,10
21.105527638191,8
21.105527638191,7
21.105527638191,8
21.105527638191,4
21.105527638191,8
21.105527638191,14
21.105527638191,13
21.105527638191,10
21.105527638191,15
21.105527638191,14
21.105527638191,8
21.105527638191,9
21.105527638191,9
21.105527638191,9
21.105527638191,11
21.105527638191,13
21.105527638191,11
21.105527638191,3
21.105527638191,7
21.105527638191,14
21.105527638191,10
21.105527638191,9
21.105527638191,12
21.105527638191,11
21.105527638191,4
21.105527638191,5
21.105527638191,14
21.105527638191,11
21.105527638191,12
21.105527638191,10
21.105527638191,8
21.105527638191,10
21.105527638191,6
21.105527638191,9
21.105527638191,9
21.105527638191,7
21.105527638191,13
21.105527638191,8
21.105527638191,8
21.105527638191,7
21.105527638191,8
21.105527638191,10
21.105527638191,11
21.105527638191,5
21.105527638191,14
21.105527638191,8
21.105527638191,10
21.105527638191,12
21.105527638191,6
21.105527638191,8
21.105527638191,7
21.105527638191,6
21.105527638191,4
21.105527638191,11
21.105527638191,9
21.105527638191,7
21.105527638191,9
21.105527638191,12
21.105527638191,4
21.105527638191,10
21.105527638191,6
21.105527638191,7
21.105527638191,12
21.105527638191,8
21.105527638191,9
21.105527638191,11
21.105527638191,8
21.105527638191,9
21.105527638191,6
21.105527638191,7
21.105527638191,6
21.105527638191,10
21.105527638191,11
21.105527638191,13
21.105527638191,12
21.105527638191,12
21.105527638191,13
21.105527638191,11
21.105527638191,12
21.105527638191,5
21.105527638191,13
21.105527638191,14
21.105527638191,8
21.105527638191,6
21.105527638191,9
21.105527638191,10
21.105527638191,8
21.105527638191,14
21.105527638191,7
21.105527638191,6
21.105527638191,5
21.105527638191,13
21.105527638191,18
21.105527638191,10
21.105527638191,11
21.105527638191,10
21.105527638191,6
21.105527638191,10
21.105527638191,9
21.105527638191,7
21.105527638191,5
21.105527638191,8
21.105527638191,8
21.105527638191,5
21.105527638191,8
21.105527638191,7
21.105527638191,10
21.105527638191,7
21.105527638191,10
21.105527638191,8
21.105527638191,11
21.105527638191,7
21.105527638191,5
21.105527638191,7
21.105527638191,7
21.105527638191,11
21.105527638191,7
21.105527638191,9
21.105527638191,4
21.105527638191,7
21.105527638191,15
21.105527638191,5
21.105527638191,5
21.105527638191,5
21.105527638191,3
21.105527638191,5
21.105527638191,3
21.105527638191,8
21.105527638191,11
21.105527638191,10
21.105527638191,9
21.105527638191,14
21.105527638191,6
21.105527638191,8
21.105527638191,11
21.105527638191,7
21.105527638191,7
21.105527638191,6
21.105527638191,8
21.105527638191,12
21.105527638191,13
21.105527638191,5
21.105527638191,12
21.105527638191,10
21.105527638191,10
21.105527638191,6
21.105527638191,11
21.105527638191,7
21.105527638191,10
21.105527638191,6
21.105527638191,9
21.105527638191,19
21.105527638191,9
21.105527638191,8
21.105527638191,10
21.105527638191,12
21.105527638191,7
21.105527638191,10
21.105527638191,8
21.105527638191,12
21.105527638191,8
21.105527638191,2
21.105527638191,6
21.105527638191,8
21.105527638191,14
21.105527638191,8
21.105527638191,9
21.105527638191,7
21.105527638191,12
21.105527638191,10
21.105527638191,13
21.105527638191,9
21.105527638191,9
21.105527638191,7
21.105527638191,9
21.105527638191,6
21.105527638191,7
21.105527638191,9
21.105527638191,12
21.105527638191,9
21.105527638191,7
21.105527638191,13
21.105527638191,15
21.105527638191,8
21.105527638191,13
21.105527638191,8
21.105527638191,11
21.105527638191,5
21.105527638191,13
21.105527638191,9
21.105527638191,10
21.105527638191,8
21.105527638191,11
21.3065326633166,10
21.3065326633166,11
21.3065326633166,11
21.3065326633166,6
21.3065326633166,10
21.3065326633166,10
21.3065326633166,8
21.3065326633166,7
21.3065326633166,8
21.3065326633166,10
21.3065326633166,10
21.3065326633166,8
21.3065326633166,10
21.3065326633166,6
21.3065326633166,8
21.3065326633166,8
21.3065326633166,7
21.3065326633166,10
21.3065326633166,8
21.3065326633166,13
21.3065326633166,5
21.3065326633166,9
21.3065326633166,14
21.3065326633166,6
21.3065326633166,12
21.3065326633166,10
21.3065326633166,6
21.3065326633166,6
21.3065326633166,8
21.3065326633166,7
21.3065326633166,7
21.3065326633166,8
21.3065326633166,10
21.3065326633166,6
21.3065326633166,4
21.3065326633166,12
21.3065326633166,5
21.3065326633166,12
21.3065326633166,14
21.3065326633166,6
21.3065326633166,6
21.3065326633166,8
21.3065326633166,14
21.3065326633166,7
21.3065326633166,10
21.3065326633166,5
21.3065326633166,9
21.3065326633166,7
21.3065326633166,8
21.3065326633166,7
21.3065326633166,10
21.3065326633166,12
21.3065326633166,6
21.3065326633166,11
21.3065326633166,12
21.3065326633166,7
21.3065326633166,12
21.3065326633166,9
21.3065326633166,11
21.3065326633166,9
21.3065326633166,8
21.3065326633166,11
21.3065326633166,11
21.3065326633166,8
21.3065326633166,12
21.3065326633166,8
21.3065326633166,9
21.3065326633166,9
21.3065326633166,12
21.3065326633166,9
21.3065326633166,8
21.3065326633166,14
21.3065326633166,8
21.3065326633166,12
21.3065326633166,10
21.3065326633166,12
21.3065326633166,7
21.3065326633166,6
21.3065326633166,11
21.3065326633166,10
21.3065326633166,6
21.3065326633166,6
21.3065326633166,9
21.3065326633166,8
21.3065326633166,13
21.3065326633166,4
21.3065326633166,7
21.3065326633166,7
21.3065326633166,9
21.3065326633166,9
21.3065326633166,10
21.3065326633166,7
21.3065326633166,12
21.3065326633166,9
21.3065326633166,10
21.3065326633166,12
21.3065326633166,7
21.3065326633166,4
21.3065326633166,7
21.3065326633166,6
21.3065326633166,3
21.3065326633166,10
21.3065326633166,16
21.3065326633166,8
21.3065326633166,4
21.3065326633166,6
21.3065326633166,7
21.3065326633166,5
21.3065326633166,3
21.3065326633166,3
21.3065326633166,5
21.3065326633166,6
21.3065326633166,9
21.3065326633166,11
21.3065326633166,15
21.3065326633166,17
21.3065326633166,6
21.3065326633166,11
21.3065326633166,9
21.3065326633166,9
21.3065326633166,15
21.3065326633166,7
21.3065326633166,11
21.3065326633166,9
21.3065326633166,7
21.3065326633166,4
21.3065326633166,9
21.3065326633166,14
21.3065326633166,8
21.3065326633166,6
21.3065326633166,8
21.3065326633166,8
21.3065326633166,11
21.3065326633166,12
21.3065326633166,8
21.3065326633166,12
21.3065326633166,11
21.3065326633166,7
21.3065326633166,17
21.3065326633166,5
21.3065326633166,12
21.3065326633166,8
21.3065326633166,4
21.3065326633166,8
21.3065326633166,5
21.3065326633166,8
21.3065326633166,9
21.3065326633166,10
21.3065326633166,6
21.3065326633166,4
21.3065326633166,8
21.3065326633166,10
21.3065326633166,10
21.3065326633166,16
21.3065326633166,12
21.3065326633166,3
21.3065326633166,13
21.3065326633166,11
21.3065326633166,14
21.3065326633166,8
21.3065326633166,6
21.3065326633166,10
21.3065326633166,5
21.3065326633166,10
21.3065326633166,7
21.3065326633166,8
21.3065326633166,13
21.3065326633166,5
21.3065326633166,15
21.3065326633166,7
21.3065326633166,7
21.3065326633166,12
21.3065326633166,8
21.3065326633166,5
21.3065326633166,6
21.3065326633166,7
21.3065326633166,8
21.3065326633166,9
21.3065326633166,15
21.3065326633166,7
21.3065326633166,7
21.3065326633166,7
21.3065326633166,9
21.3065326633166,8
21.3065326633166,11
21.3065326633166,8
21.3065326633166,9
21.3065326633166,12
21.3065326633166,7
21.3065326633166,8
21.3065326633166,13
21.3065326633166,4
21.3065326633166,8
21.3065326633166,5
21.3065326633166,8
21.3065326633166,8
21.3065326633166,5
21.3065326633166,8
21.3065326633166,9
21.3065326633166,7
21.5075376884422,3
21.5075376884422,4
21.5075376884422,7
21.5075376884422,12
21.5075376884422,8
21.5075376884422,12
21.5075376884422,1
21.5075376884422,6
21.5075376884422,6
21.5075376884422,8
21.5075376884422,11
21.5075376884422,11
21.5075376884422,7
21.5075376884422,10
21.5075376884422,14
21.5075376884422,8
21.5075376884422,4
21.5075376884422,7
21.5075376884422,13
21.5075376884422,9
21.5075376884422,9
21.5075376884422,7
21.5075376884422,7
21.5075376884422,9
21.5075376884422,11
21.5075376884422,10
21.5075376884422,8
21.5075376884422,11
21.5075376884422,13
21.5075376884422,8
21.5075376884422,12
21.5075376884422,9
21.5075376884422,7
21.5075376884422,2
21.5075376884422,12
21.5075376884422,5
21.5075376884422,6
21.5075376884422,3
21.5075376884422,4
21.5075376884422,6
21.5075376884422,14
21.5075376884422,9
21.5075376884422,15
21.5075376884422,15
21.5075376884422,3
21.5075376884422,10
21.5075376884422,15
21.5075376884422,12
21.5075376884422,7
21.5075376884422,10
21.5075376884422,7
21.5075376884422,14
21.5075376884422,12
21.5075376884422,6
21.5075376884422,13
21.5075376884422,14
21.5075376884422,12
21.5075376884422,13
21.5075376884422,6
21.5075376884422,12
21.5075376884422,9
21.5075376884422,14
21.5075376884422,6
21.5075376884422,10
21.5075376884422,8
21.5075376884422,6
21.5075376884422,6
21.5075376884422,3
21.5075376884422,7
21.5075376884422,8
21.5075376884422,9
21.5075376884422,6
21.5075376884422,8
21.5075376884422,7
21.5075376884422,9
21.5075376884422,3
21.5075376884422,13
21.5075376884422,8
21.5075376884422,8
21.5075376884422,5
21.5075376884422,9
21.5075376884422,6
21.5075376884422,10
21.5075376884422,7
21.5075376884422,12
21.5075376884422,6
21.5075376884422,2
21.5075376884422,12
21.5075376884422,9
21.5075376884422,6
21.5075376884422,11
21.5075376884422,11
21.5075376884422,8
21.5075376884422,15
21.5075376884422,7
21.5075376884422,13
21.5075376884422,16
21.5075376884422,10
21.5075376884422,11
21.5075376884422,8
21.5075376884422,8
21.5075376884422,1
21.5075376884422,7
21.5075376884422,7
21.5075376884422,9
21.5075376884422,9
21.5075376884422,12
21.5075376884422,11
21.5075376884422,9
21.5075376884422,7
21.5075376884422,10
21.5075376884422,11
21.5075376884422,13
21.5075376884422,6
21.5075376884422,3
21.5075376884422,12
21.5075376884422,10
21.5075376884422,12
21.5075376884422,7
21.5075376884422,7
21.5075376884422,5
21.5075376884422,11
21.5075376884422,9
21.5075376884422,9
21.5075376884422,4
21.5075376884422,11
21.5075376884422,8
21.5075376884422,11
21.5075376884422,6
21.5075376884422,8
21.5075376884422,8
21.5075376884422,6
21.5075376884422,2
21.5075376884422,13
21.5075376884422,16
21.5075376884422,4
21.5075376884422,8
21.5075376884422,14
21.5075376884422,17
21.5075376884422,11
21.5075376884422,8
21.5075376884422,9
21.5075376884422,10
21.5075376884422,8
21.5075376884422,9
21.5075376884422,6
21.5075376884422,11
21.5075376884422,10
21.5075376884422,6
21.5075376884422,11
21.5075376884422,7
21.5075376884422,5
21.5075376884422,4
21.5075376884422,12
21.5075376884422,10
21.5075376884422,13
21.5075376884422,10
21.5075376884422,6
21.5075376884422,8
21.5075376884422,10
21.5075376884422,10
21.5075376884422,7
21.5075376884422,10
21.5075376884422,7
21.5075376884422,12
21.5075376884422,14
21.5075376884422,12
21.5075376884422,12
21.5075376884422,14
21.5075376884422,6
21.5075376884422,11
21.5075376884422,9
21.5075376884422,10
21.5075376884422,6
21.5075376884422,12
21.5075376884422,7
21.5075376884422,11
21.5075376884422,7
21.5075376884422,8
21.5075376884422,8
21.5075376884422,5
21.5075376884422,7
21.5075376884422,9
21.5075376884422,6
21.5075376884422,12
21.5075376884422,10
21.5075376884422,10
21.5075376884422,9
21.5075376884422,8
21.5075376884422,8
21.5075376884422,7
21.5075376884422,7
21.5075376884422,4
21.5075376884422,5
21.5075376884422,12
21.5075376884422,7
21.5075376884422,14
21.5075376884422,5
21.5075376884422,5
21.5075376884422,3
21.7085427135678,8
21.7085427135678,12
21.7085427135678,9
21.7085427135678,9
21.7085427135678,10
21.7085427135678,11
21.7085427135678,7
21.7085427135678,5
21.7085427135678,10
21.7085427135678,4
21.7085427135678,10
21.7085427135678,8
21.7085427135678,8
21.7085427135678,6
21.7085427135678,7
21.7085427135678,11
21.7085427135678,14
21.7085427135678,9
21.7085427135678,10
21.7085427135678,7
21.7085427135678,6
21.7085427135678,11
21.7085427135678,14
21.7085427135678,6
21.7085427135678,5
21.7085427135678,14
21.7085427135678,8
21.7085427135678,10
21.7085427135678,11
21.7085427135678,7
21.7085427135678,4
21.7085427135678,11
21.7085427135678,4
21.7085427135678,10
21.7085427135678,14
21.7085427135678,15
21.7085427135678,15
21.7085427135678,6
21.7085427135678,12
21.7085427135678,9
21.7085427135678,6
21.7085427135678,1
21.7085427135678,12
21.7085427135678,12
21.7085427135678,7
21.7085427135678,12
21.7085427135678,9
21.7085427135678,3
21.7085427135678,10
21.7085427135678,12
21.7085427135678,10
21.7085427135678,8
21.7085427135678,9
21.7085427135678,9
21.7085427135678,8
21.7085427135678,11
21.7085427135678,7
21.7085427135678,14
21.7085427135678,12
21.7085427135678,4
21.7085427135678,8
21.7085427135678,5
21.7085427135678,6
21.7085427135678,9
21.7085427135678,7
21.7085427135678,10
21.7085427135678,12
21.7085427135678,6
21.7085427135678,18
21.7085427135678,12
21.7085427135678,3
21.7085427135678,8
21.7085427135678,5
21.7085427135678,7
21.7085427135678,2
21.7085427135678,9
21.7085427135678,6
21.7085427135678,9
21.7085427135678,8
21.7085427135678,9
21.7085427135678,9
21.7085427135678,7
21.7085427135678,10
21.7085427135678,6
21.7085427135678,6
21.7085427135678,5
21.7085427135678,12
21.7085427135678,8
21.7085427135678,6
21.7085427135678,8
21.7085427135678,2
21.7085427135678,6
21.7085427135678,9
21.7085427135678,9
21.7085427135678,8
21.7085427135678,10
21.7085427135678,9
21.7085427135678,8
21.7085427135678,7
21.7085427135678,7
21.7085427135678,8
21.7085427135678,16
21.7085427135678,5
21.7085427135678,7
21.7085427135678,8
21.7085427135678,15
21.7085427135678,11
21.7085427135678,5
21.7085427135678,5
21.7085427135678,6
21.7085427135678,6
21.7085427135678,11
21.7085427135678,4
21.7085427135678,6
21.7085427135678,2
21.7085427135678,4
21.7085427135678,4
21.7085427135678,9
21.7085427135678,14
21.7085427135678,11
21.7085427135678,4
21.7085427135678,6
21.7085427135678,15
21.7085427135678,8
21.7085427135678,9
21.7085427135678,8
21.7085427135678,8
21.7085427135678,8
21.7085427135678,7
21.7085427135678,11
21.7085427135678,10
21.7085427135678,13
21.7085427135678,7
21.7085427135678,10
21.7085427135678,8
21.7085427135678,4
21.7085427135678,12
21.7085427135678,11
21.7085427135678,7
21.7085427135678,6
21.7085427135678,10
21.7085427135678,7
21.7085427135678,12
21.7085427135678,10
21.7085427135678,8
21.7085427135678,4
21.7085427135678,11
21.7085427135678,7
21.7085427135678,10
21.7085427135678,11
21.7085427135678,10
21.7085427135678,8
21.7085427135678,10
21.7085427135678,9
21.7085427135678,4
21.7085427135678,12
21.7085427135678,14
21.7085427135678,10
21.7085427135678,11
21.7085427135678,7
21.7085427135678,8
21.7085427135678,6
21.7085427135678,8
21.7085427135678,12
21.7085427135678,8
21.7085427135678,9
21.7085427135678,11
21.7085427135678,8
21.7085427135678,11
21.7085427135678,13
21.7085427135678,16
21.7085427135678,7
21.7085427135678,8
21.7085427135678,7
21.7085427135678,9
21.7085427135678,5
21.7085427135678,9
21.7085427135678,14
21.7085427135678,6
21.7085427135678,10
21.7085427135678,6
21.7085427135678,6
21.7085427135678,11
21.7085427135678,10
21.7085427135678,8
21.7085427135678,14
21.7085427135678,4
21.7085427135678,12
21.7085427135678,11
21.7085427135678,6
21.7085427135678,5
21.7085427135678,12
21.7085427135678,12
21.7085427135678,5
21.7085427135678,8
21.7085427135678,11
21.7085427135678,11
21.7085427135678,8
21.7085427135678,5
21.7085427135678,8
21.9095477386935,9
21.9095477386935,11
21.9095477386935,9
21.9095477386935,12
21.9095477386935,12
21.9095477386935,4
21.9095477386935,15
21.9095477386935,8
21.9095477386935,4
21.9095477386935,6
21.9095477386935,10
21.9095477386935,9
21.9095477386935,9
21.9095477386935,12
21.9095477386935,6
21.9095477386935,11
21.9095477386935,8
21.9095477386935,8
21.9095477386935,7
21.9095477386935,8
21.9095477386935,9
21.9095477386935,10
21.9095477386935,11
21.9095477386935,7
21.9095477386935,6
21.9095477386935,9
21.9095477386935,6
21.9095477386935,14
21.9095477386935,10
21.9095477386935,10
21.9095477386935,5
21.9095477386935,5
21.9095477386935,12
21.9095477386935,8
21.9095477386935,15
21.9095477386935,6
21.9095477386935,7
21.9095477386935,9
21.9095477386935,6
21.9095477386935,6
21.9095477386935,9
21.9095477386935,5
21.9095477386935,10
21.9095477386935,3
21.9095477386935,6
21.9095477386935,9
21.9095477386935,8
21.9095477386935,9
21.9095477386935,15
21.9095477386935,9
21.9095477386935,13
21.9095477386935,13
21.9095477386935,9
21.9095477386935,12
21.9095477386935,3
21.9095477386935,11
21.9095477386935,9
21.9095477386935,14
21.9095477386935,8
21.9095477386935,7
21.9095477386935,6
21.9095477386935,9
21.9095477386935,7
21.9095477386935,9
21.9095477386935,12
21.9095477386935,9
21.9095477386935,15
21.9095477386935,7
21.9095477386935,8
21.9095477386935,11
21.9095477386935,11
21.9095477386935,7
21.9095477386935,11
21.9095477386935,7
21.9095477386935,7
21.9095477386935,6
21.9095477386935,11
21.9095477386935,14
21.9095477386935,6
21.9095477386935,13
21.9095477386935,6
21.9095477386935,19
21.9095477386935,5
21.9095477386935,5
21.9095477386935,14
21.9095477386935,8
21.9095477386935,6
21.9095477386935,11
21.9095477386935,10
21.9095477386935,5
21.9095477386935,14
21.9095477386935,10
21.9095477386935,6
21.9095477386935,9
21.9095477386935,16
21.9095477386935,8
21.9095477386935,10
21.9095477386935,8
21.9095477386935,12
21.9095477386935,11
21.9095477386935,10
21.9095477386935,7
21.9095477386935,6
21.9095477386935,13
21.9095477386935,7
21.9095477386935,6
21.9095477386935,4
21.9095477386935,5
21.9095477386935,13
21.9095477386935,7
21.9095477386935,10
21.9095477386935,9
21.9095477386935,15
21.9095477386935,8
21.9095477386935,11
21.9095477386935,5
21.9095477386935,7
21.9095477386935,10
21.9095477386935,11
21.9095477386935,8
21.9095477386935,7
21.9095477386935,7
21.9095477386935,5
21.9095477386935,8
21.9095477386935,7
21.9095477386935,4
21.9095477386935,11
21.9095477386935,14
21.9095477386935,10
21.9095477386935,7
21.9095477386935,9
21.9095477386935,13
21.9095477386935,6
21.9095477386935,3
21.9095477386935,11
21.9095477386935,17
21.9095477386935,9
21.9095477386935,12
21.9095477386935,5
21.9095477386935,7
21.9095477386935,10
21.9095477386935,10
21.9095477386935,10
21.9095477386935,6
21.9095477386935,10
21.9095477386935,10
21.9095477386935,8
21.9095477386935,6
21.9095477386935,10
21.9095477386935,12
21.9095477386935,7
21.9095477386935,8
21.9095477386935,7
21.9095477386935,11
21.9095477386935,8
21.9095477386935,6
21.9095477386935,9
21.9095477386935,7
21.9095477386935,8
21.9095477386935,8
21.9095477386935,8
21.9095477386935,5
21.9095477386935,17
21.9095477386935,7
21.9095477386935,11
21.9095477386935,9
21.9095477386935,4
21.9095477386935,7
21.9095477386935,10
21.9095477386935,10
21.9095477386935,6
21.9095477386935,10
21.9095477386935,12
21.9095477386935,8
21.9095477386935,8
21.9095477386935,13
21.9095477386935,9
21.9095477386935,8
21.9095477386935,7
21.9095477386935,8
21.9095477386935,11
21.9095477386935,5
21.9095477386935,7
21.9095477386935,14
21.9095477386935,9
21.9095477386935,12
21.9095477386935,9
21.9095477386935,11
21.9095477386935,11
21.9095477386935,12
21.9095477386935,5
21.9095477386935,11
21.9095477386935,8
21.9095477386935,9
21.9095477386935,12
21.9095477386935,7
21.9095477386935,1
21.9095477386935,10
21.9095477386935,11
21.9095477386935,8
22.1105527638191,6
22.1105527638191,7
22.1105527638191,9
22.1105527638191,9
22.1105527638191,3
22.1105527638191,11
22.1105527638191,11
22.1105527638191,7
22.1105527638191,7
22.1105527638191,13
22.1105527638191,12
22.1105527638191,8
22.1105527638191,6
22.1105527638191,13
22.1105527638191,11
22.1105527638191,11
22.1105527638191,11
22.1105527638191,12
22.1105527638191,11
22.1105527638191,8
22.1105527638191,9
22.1105527638191,8
22.1105527638191,8
22.1105527638191,10
22.1105527638191,9
22.1105527638191,10
22.1105527638191,6
22.1105527638191,13
22.1105527638191,13
22.1105527638191,13
22.1105527638191,5
22.1105527638191,8
22.1105527638191,8
22.1105527638191,9
22.1105527638191,10
22.1105527638191,8
22.1105527638191,11
22.1105527638191,5
22.1105527638191,13
22.1105527638191,16
22.1105527638191,6
22.1105527638191,9
22.1105527638191,12
22.1105527638191,8
22.1105527638191,12
22.1105527638191,9
22.1105527638191,5
22.1105527638191,16
22.1105527638191,8
22.1105527638191,9
22.1105527638191,12
22.1105527638191,6
22.1105527638191,8
22.1105527638191,6
22.1105527638191,16
22.1105527638191,2
22.1105527638191,12
22.1105527638191,11
22.1105527638191,10
22.1105527638191,5
22.1105527638191,11
22.1105527638191,4
22.1105527638191,8
22.1105527638191,9
22.1105527638191,5
22.1105527638191,8
22.1105527638191,4
22.1105527638191,12
22.1105527638191,10
22.1105527638191,3
22.1105527638191,5
22.1105527638191,12
22.1105527638191,9
22.1105527638191,6
22.1105527638191,9
22.1105527638191,5
22.1105527638191,9
22.1105527638191,8
22.1105527638191,15
22.1105527638191,8
22.1105527638191,5
22.1105527638191,13
22.1105527638191,11
22.1105527638191,14
22.1105527638191,7
22.1105527638191,7
22.1105527638191,6
22.1105527638191,9
22.1105527638191,12
22.1105527638191,9
22.1105527638191,7
22.1105527638191,11
22.1105527638191,2
22.1105527638191,9
22.1105527638191,8
22.1105527638191,13
22.1105527638191,7
22.1105527638191,11
22.1105527638191,6
22.1105527638191,11
22.1105527638191,10
22.1105527638191,6
22.1105527638191,9
22.1105527638191,9
22.1105527638191,10
22.1105527638191,8
22.1105527638191,8
22.1105527638191,11
22.1105527638191,14
22.1105527638191,6
22.1105527638191,7
22.1105527638191,11
22.1105527638191,12
22.1105527638191,4
22.1105527638191,11
22.1105527638191,7
22.1105527638191,6
22.1105527638191,8
22.1105527638191,11
22.1105527638191,11
22.1105527638191,14
22.1105527638191,8
22.1105527638191,12
22.1105527638191,14
22.1105527638191,6
22.1105527638191,15
22.1105527638191,6
22.1105527638191,10
22.1105527638191,12
22.1105527638191,8
22.1105527638191,9
22.1105527638191,5
22.1105527638191,11
22.1105527638191,10
22.1105527638191,8
22.1105527638191,7
22.1105527638191,9
22.1105527638191,6
22.1105527638191,8
22.1105527638191,9
22.1105527638191,11
22.1105527638191,7
22.1105527638191,10
22.1105527638191,12
22.1105527638191,9
22.1105527638191,13
22.1105527638191,7
22.1105527638191,8
22.1105527638191,7
22.1105527638191,5
22.1105527638191,8
22.1105527638191,6
22.1105527638191,8
22.1105527638191,10
22.1105527638191,11
22.1105527638191,15
22.1105527638191,11
22.1105527638191,9
22.1105527638191,7
22.1105527638191,12
22.1105527638191,11
22.1105527638191,3
22.1105527638191,7
22.1105527638191,9
22.1105527638191,8
22.1105527638191,15
22.1105527638191,15
22.1105527638191,3
22.1105527638191,15
22.1105527638191,8
22.1105527638191,11
22.1105527638191,7
22.1105527638191,7
22.1105527638191,16
22.1105527638191,4
22.1105527638191,9
22.1105527638191,7
22.1105527638191,17
22.1105527638191,7
22.1105527638191,13
22.1105527638191,11
22.1105527638191,5
22.1105527638191,15
22.1105527638191,15
22.1105527638191,8
22.1105527638191,6
22.1105527638191,14
22.1105527638191,7
22.1105527638191,7
22.1105527638191,10
22.1105527638191,8
22.1105527638191,6
22.1105527638191,12
22.1105527638191,6
22.1105527638191,8
22.1105527638191,10
22.1105527638191,6
22.1105527638191,14
22.1105527638191,10
22.1105527638191,7
22.3115577889447,3
22.3115577889447,6
22.3115577889447,14
22.3115577889447,5
22.3115577889447,4
22.3115577889447,11
22.3115577889447,7
22.3115577889447,11
22.3115577889447,4
22.3115577889447,11
22.3115577889447,8
22.3115577889447,11
22.3115577889447,6
22.3115577889447,3
22.3115577889447,16
22.3115577889447,8
22.3115577889447,13
22.3115577889447,7
22.3115577889447,5
22.3115577889447,9
22.3115577889447,6
22.3115577889447,10
22.3115577889447,8
22.3115577889447,14
22.3115577889447,7
22.3115577889447,6
22.3115577889447,7
22.3115577889447,9
22.3115577889447,13
22.3115577889447,8
22.3115577889447,11
22.3115577889447,5
22.3115577889447,8
22.3115577889447,11
22.3115577889447,11
22.3115577889447,9
22.3115577889447,12
22.3115577889447,3
22.3115577889447,8
22.3115577889447,10
22.3115577889447,9
22.3115577889447,11
22.3115577889447,6
22.3115577889447,7
22.3115577889447,14
22.3115577889447,10
22.3115577889447,8
22.3115577889447,7
22.3115577889447,8
22.3115577889447,10
22.3115577889447,8
22.3115577889447,13
22.3115577889447,9
22.3115577889447,10
22.3115577889447,12
22.3115577889447,9
22.3115577889447,10
22.3115577889447,10
22.3115577889447,8
22.3115577889447,12
22.3115577889447,8
22.3115577889447,15
22.3115577889447,6
22.3115577889447,5
22.3115577889447,4
22.3115577889447,12
22.3115577889447,14
22.3115577889447,8
22.3115577889447,11
22.3115577889447,6
22.3115577889447,13
22.3115577889447,9
22.3115577889447,4
22.3115577889447,15
22.3115577889447,9
22.3115577889447,10
22.3115577889447,8
22.3115577889447,9
22.3115577889447,12
22.3115577889447,9
22.3115577889447,8
22.3115577889447,5
22.3115577889447,6
22.3115577889447,4
22.3115577889447,11
22.3115577889447,8
22.3115577889447,10
22.3115577889447,11
22.3115577889447,14
22.3115577889447,11
22.3115577889447,6
22.3115577889447,15
22.3115577889447,13
22.3115577889447,9
22.3115577889447,7
22.3115577889447,11
22.3115577889447,9
22.3115577889447,6
22.3115577889447,8
22.3115577889447,11
22.3115577889447,6
22.3115577889447,8
22.3115577889447,7
22.3115577889447,15
22.3115577889447,8
22.3115577889447,18
22.3115577889447,8
22.3115577889447,7
22.3115577889447,8
22.3115577889447,10
22.3115577889447,11
22.3115577889447,14
22.3115577889447,9
22.3115577889447,8
22.3115577889447,8
22.3115577889447,16
22.3115577889447,10
22.3115577889447,9
22.3115577889447,6
22.3115577889447,15
22.3115577889447,9
22.3115577889447,8
22.3115577889447,10
22.3115577889447,5
22.3115577889447,14
22.3115577889447,8
22.3115577889447,11
22.3115577889447,11
22.3115577889447,9
22.3115577889447,10
22.3115577889447,13
22.3115577889447,12
22.3115577889447,10
22.3115577889447,7
22.3115577889447,7
22.3115577889447,8
22.3115577889447,10
22.3115577889447,12
22.3115577889447,7
22.3115577889447,7
22.3115577889447,9
22.3115577889447,6
22.3115577889447,11
22.3115577889447,13
22.3115577889447,15
22.3115577889447,8
22.3115577889447,6
22.3115577889447,5
22.3115577889447,6
22.3115577889447,9
22.3115577889447,6
22.3115577889447,5
22.3115577889447,11
22.3115577889447,13
22.3115577889447,15
22.3115577889447,5
22.3115577889447,7
22.3115577889447,9
22.3115577889447,6
22.3115577889447,7
22.3115577889447,11
22.3115577889447,13
22.3115577889447,14
22.3115577889447,15
22.3115577889447,8
22.3115577889447,13
22.3115577889447,9
22.3115577889447,8
22.3115577889447,9
22.3115577889447,3
22.3115577889447,10
22.3115577889447,13
22.3115577889447,10
22.3115577889447,9
22.3115577889447,5
22.3115577889447,6
22.3115577889447,11
22.3115577889447,9
22.3115577889447,10
22.3115577889447,8
22.3115577889447,5
22.3115577889447,10
22.3115577889447,8
22.3115577889447,8
22.3115577889447,4
22.3115577889447,5
22.3115577889447,7
22.3115577889447,5
22.3115577889447,11
22.3115577889447,15
22.3115577889447,14
22.3115577889447,15
22.3115577889447,9
22.3115577889447,11
22.3115577889447,6
22.3115577889447,9
22.3115577889447,9
22.3115577889447,9
22.3115577889447,10
22.3115577889447,10
22.5125628140704,11
22.5125628140704,14
22.5125628140704,7
22.5125628140704,9
22.5125628140704,12
22.5125628140704,8
22.5125628140704,10
22.5125628140704,6
22.5125628140704,11
22.5125628140704,18
22.5125628140704,9
22.5125628140704,11
22.5125628140704,5
22.5125628140704,7
22.5125628140704,11
22.5125628140704,10
22.5125628140704,9
22.5125628140704,14
22.5125628140704,12
22.5125628140704,11
22.5125628140704,8
22.5125628140704,8
22.5125628140704,11
22.5125628140704,11
22.5125628140704,4
22.5125628140704,11
22.5125628140704,4
22.5125628140704,4
22.5125628140704,2
22.5125628140704,7
22.5125628140704,6
22.5125628140704,18
22.5125628140704,8
22.5125628140704,6
22.5125628140704,11
22.5125628140704,9
22.5125628140704,12
22.5125628140704,6
22.5125628140704,5
22.5125628140704,3
22.5125628140704,6
22.5125628140704,8
22.5125628140704,12
22.5125628140704,8
22.5125628140704,19
22.5125628140704,7
22.5125628140704,9
22.5125628140704,4
22.5125628140704,9
22.5125628140704,5
22.5125628140704,13
22.5125628140704,10
22.5125628140704,9
22.5125628140704,7
22.5125628140704,10
22.5125628140704,14
22.5125628140704,11
22.5125628140704,7
22.5125628140704,8
22.5125628140704,13
22.5125628140704,17
22.5125628140704,10
22.5125628140704,9
22.5125628140704,13
22.5125628140704,9
22.5125628140704,13
22.5125628140704,8
22.5125628140704,7
22.5125628140704,7
22.5125628140704,10
22.5125628140704,5
22.5125628140704,6
22.5125628140704,6
22.5125628140704,6
22.5125628140704,7
22.5125628140704,7
22.5125628140704,8
22.5125628140704,12
22.5125628140704,8
22.5125628140704,10
22.5125628140704,9
22.5125628140704,4
22.5125628140704,8
22.5125628140704,7
22.5125628140704,8
22.5125628140704,5
22.5125628140704,12
22.5125628140704,7
22.5125628140704,7
22.5125628140704,11
22.5125628140704,8
22.5125628140704,6
22.5125628140704,7
22.5125628140704,6
22.5125628140704,10
22.5125628140704,7
22.5125628140704,7
22.5125628140704,9
22.5125628140704,6
22.5125628140704,10
22.5125628140704,12
22.5125628140704,4
22.5125628140704,10
22.5125628140704,8
22.5125628140704,4
22.5125628140704,7
22.5125628140704,14
22.5125628140704,9
22.5125628140704,15
22.5125628140704,10
22.5125628140704,5
22.5125628140704,10
22.5125628140704,14
22.5125628140704,9
22.5125628140704,4
22.5125628140704,12
22.5125628140704,5
22.5125628140704,8
22.5125628140704,10
22.5125628140704,8
22.5125628140704,6
22.5125628140704,6
22.5125628140704,10
22.5125628140704,10
22.5125628140704,12
22.5125628140704,9
22.5125628140704,8
22.5125628140704,9
22.5125628140704,13
22.5125628140704,6
22.5125628140704,8
22.5125628140704,6
22.5125628140704,11
22.5125628140704,6
22.5125628140704,7
22.5125628140704,8
22.5125628140704,11
22.5125628140704,7
22.5125628140704,6
22.5125628140704,7
22.5125628140704,6
22.5125628140704,8
22.5125628140704,12
22.5125628140704,8
22.5125628140704,10
22.5125628140704,10
22.5125628140704,13
22.5125628140704,6
22.5125628140704,9
22.5125628140704,8
22.5125628140704,6
22.5125628140704,8
22.5125628140704,4
22.5125628140704,5
22.5125628140704,7
22.5125628140704,5
22.5125628140704,10
22.5125628140704,11
22.5125628140704,8
22.5125628140704,10
22.5125628140704,10
22.5125628140704,4
22.5125628140704,10
22.5125628140704,10
22.5125628140704,9
22.5125628140704,10
22.5125628140704,12
22.5125628140704,7
22.5125628140704,11
22.5125628140704,9
22.5125628140704,14
22.5125628140704,7
22.5125628140704,3
22.5125628140704,9
22.5125628140704,3
22.5125628140704,11
22.5125628140704,14
22.5125628140704,11
22.5125628140704,10
22.5125628140704,7
22.5125628140704,8
22.5125628140704,9
22.5125628140704,13
22.5125628140704,7
22.5125628140704,10
22.5125628140704,5
22.5125628140704,14
22.5125628140704,7
22.5125628140704,9
22.5125628140704,16
22.5125628140704,15
22.5125628140704,10
22.5125628140704,11
22.5125628140704,8
22.5125628140704,7
22.5125628140704,9
22.5125628140704,9
22.5125628140704,12
22.5125628140704,11
22.5125628140704,16
22.713567839196,8
22.713567839196,9
22.713567839196,9
22.713567839196,9
22.713567839196,8
22.713567839196,21
22.713567839196,9
22.713567839196,12
22.713567839196,3
22.713567839196,9
22.713567839196,8
22.713567839196,12
22.713567839196,12
22.713567839196,11
22.713567839196,14
22.713567839196,9
22.713567839196,5
22.713567839196,9
22.713567839196,13
22.713567839196,7
22.713567839196,7
22.713567839196,6
22.713567839196,10
22.713567839196,7
22.713567839196,11
22.713567839196,14
22.713567839196,7
22.713567839196,13
22.713567839196,8
22.713567839196,10
22.713567839196,11
22.713567839196,15
22.713567839196,14
22.713567839196,4
22.713567839196,5
22.713567839196,10
22.713567839196,10
22.713567839196,9
22.713567839196,6
22.713567839196,8
22.713567839196,5
22.713567839196,6
22.713567839196,4
22.713567839196,14
22.713567839196,9
22.713567839196,5
22.713567839196,11
22.713567839196,14
22.713567839196,9
22.713567839196,3
22.713567839196,8
22.713567839196,11
22.713567839196,8
22.713567839196,5
22.713567839196,8
22.713567839196,12
22.713567839196,10
22.713567839196,9
22.713567839196,8
22.713567839196,4
22.713567839196,8
22.713567839196,14
22.713567839196,6
22.713567839196,15
22.713567839196,6
22.713567839196,16
22.713567839196,9
22.713567839196,13
22.713567839196,12
22.713567839196,17
22.713567839196,7
22.713567839196,6
22.713567839196,10
22.713567839196,10
22.713567839196,12
22.713567839196,7
22.713567839196,4
22.713567839196,11
22.713567839196,6
22.713567839196,10
22.713567839196,5
22.713567839196,8
22.713567839196,8
22.713567839196,6
22.713567839196,10
22.713567839196,11
22.713567839196,7
22.713567839196,12
22.713567839196,5
22.713567839196,2
22.713567839196,11
22.713567839196,7
22.713567839196,10
22.713567839196,19
22.713567839196,8
22.713567839196,9
22.713567839196,4
22.713567839196,12
22.713567839196,8
22.713567839196,5
22.713567839196,10
22.713567839196,4
22.713567839196,8
22.713567839196,8
22.713567839196,14
22.713567839196,9
22.713567839196,9
22.713567839196,15
22.713567839196,7
22.713567839196,8
22.713567839196,11
22.713567839196,6
22.713567839196,10
22.713567839196,7
22.713567839196,7
22.713567839196,10
22.713567839196,10
22.713567839196,13
22.713567839196,8
22.713567839196,9
22.713567839196,8
22.713567839196,7
22.713567839196,9
22.713567839196,4
22.713567839196,7
22.713567839196,11
22.713567839196,8
22.713567839196,10
22.713567839196,9
22.713567839196,9
22.713567839196,5
22.713567839196,11
22.713567839196,7
22.713567839196,11
22.713567839196,6
22.713567839196,7
22.713567839196,8
22.713567839196,9
22.713567839196,7
22.713567839196,9
22.713567839196,7
22.713567839196,6
22.713567839196,13
22.713567839196,9
22.713567839196,9
22.713567839196,7
22.713567839196,9
22.713567839196,6
22.713567839196,7
22.713567839196,7
22.713567839196,5
22.713567839196,10
22.713567839196,12
22.713567839196,9
22.713567839196,7
22.713567839196,8
22.713567839196,13
22.713567839196,5
22.713567839196,6
22.713567839196,9
22.713567839196,10
22.713567839196,9
22.713567839196,12
22.713567839196,9
22.713567839196,11
22.713567839196,3
22.713567839196,10
22.713567839196,8
22.713567839196,13
22.713567839196,7
22.713567839196,13
22.713567839196,8
22.713567839196,7
22.713567839196,10
22.713567839196,9
22.713567839196,13
22.713567839196,5
22.713567839196,11
22.713567839196,6
22.713567839196,10
22.713567839196,9
22.713567839196,9
22.713567839196,5
22.713567839196,11
22.713567839196,13
22.713567839196,8
22.713567839196,12
22.713567839196,15
22.713567839196,8
22.713567839196,11
22.713567839196,9
22.713567839196,10
22.713567839196,15
22.713567839196,8
22.713567839196,10
22.713567839196,8
22.713567839196,6
22.713567839196,8
22.713567839196,5
22.713567839196,10
22.9145728643216,11
22.9145728643216,8
22.9145728643216,12
22.9145728643216,14
22.9145728643216,17
22.9145728643216,10
22.9145728643216,5
22.9145728643216,5
22.9145728643216,12
22.9145728643216,7
22.9145728643216,6
22.9145728643216,8
22.9145728643216,8
22.9145728643216,10
22.9145728643216,12
22.9145728643216,9
22.9145728643216,3
22.9145728643216,7
22.9145728643216,7
22.9145728643216,9
22.9145728643216,6
22.9145728643216,11
22.9145728643216,9
22.9145728643216,12
22.9145728643216,5
22.9145728643216,5
22.9145728643216,8
22.9145728643216,10
22.9145728643216,10
22.9145728643216,8
22.9145728643216,10
22.9145728643216,13
22.9145728643216,10
22.9145728643216,13
22.9145728643216,8
22.9145728643216,6
22.9145728643216,11
22.9145728643216,5
22.9145728643216,3
22.9145728643216,7
22.9145728643216,9
22.9145728643216,8
22.9145728643216,11
22.9145728643216,12
22.9145728643216,6
22.9145728643216,9
22.9145728643216,5
22.9145728643216,10
22.9145728643216,13
22.9145728643216,14
22.9145728643216,14
22.9145728643216,9
22.9145728643216,10
22.9145728643216,3
22.9145728643216,7
22.9145728643216,5
22.9145728643216,12
22.9145728643216,12
22.9145728643216,10
22.9145728643216,10
22.9145728643216,5
22.9145728643216,7
22.9145728643216,5
22.9145728643216,12
22.9145728643216,11
22.9145728643216,10
22.9145728643216,7
22.9145728643216,5
22.9145728643216,11
22.9145728643216,10
22.9145728643216,8
22.9145728643216,8
22.9145728643216,13
22.9145728643216,5
22.9145728643216,7
22.9145728643216,11
22.9145728643216,12
22.9145728643216,5
22.9145728643216,8
22.9145728643216,10
22.9145728643216,8
22.9145728643216,8
22.9145728643216,12
22.9145728643216,12
22.9145728643216,13
22.9145728643216,6
22.9145728643216,10
22.9145728643216,9
22.9145728643216,6
22.9145728643216,12
22.9145728643216,14
22.9145728643216,5
22.9145728643216,14
22.9145728643216,15
22.9145728643216,8
22.9145728643216,8
22.9145728643216,9
22.9145728643216,9
22.9145728643216,8
22.9145728643216,9
22.9145728643216,10
22.9145728643216,10
22.9145728643216,7
22.9145728643216,8
22.9145728643216,1
22.9145728643216,10
22.9145728643216,9
22.9145728643216,2
22.9145728643216,20
22.9145728643216,12
22.9145728643216,6
22.9145728643216,8
22.9145728643216,0
22.9145728643216,13
22.9145728643216,8
22.9145728643216,8
22.9145728643216,9
22.9145728643216,6
22.9145728643216,10
22.9145728643216,8
22.9145728643216,11
22.9145728643216,8
22.9145728643216,5
22.9145728643216,14
22.9145728643216,12
22.9145728643216,9
22.9145728643216,12
22.9145728643216,10
22.9145728643216,9
22.9145728643216,14
22.9145728643216,10
22.9145728643216,8
22.9145728643216,7
22.9145728643216,12
22.9145728643216,10
22.9145728643216,8
22.9145728643216,6
22.9145728643216,16
22.9145728643216,7
22.9145728643216,9
22.9145728643216,6
22.9145728643216,12
22.9145728643216,7
22.9145728643216,11
22.9145728643216,7
22.9145728643216,6
22.9145728643216,13
22.9145728643216,13
22.9145728643216,13
22.9145728643216,3
22.9145728643216,12
22.9145728643216,7
22.9145728643216,10
22.9145728643216,8
22.9145728643216,9
22.9145728643216,6
22.9145728643216,13
22.9145728643216,8
22.9145728643216,15
22.9145728643216,11
22.9145728643216,8
22.9145728643216,6
22.9145728643216,7
22.9145728643216,4
22.9145728643216,9
22.9145728643216,14
22.9145728643216,5
22.9145728643216,8
22.9145728643216,5
22.9145728643216,8
22.9145728643216,7
22.9145728643216,5
22.9145728643216,6
22.9145728643216,7
22.9145728643216,7
22.9145728643216,15
22.9145728643216,9
22.9145728643216,9
22.9145728643216,19
22.9145728643216,8
22.9145728643216,8
22.9145728643216,5
22.9145728643216,11
22.9145728643216,7
22.9145728643216,17
22.9145728643216,7
22.9145728643216,11
22.9145728643216,7
22.9145728643216,8
22.9145728643216,11
22.9145728643216,12
22.9145728643216,7
22.9145728643216,8
22.9145728643216,10
22.9145728643216,8
22.9145728643216,12
22.9145728643216,7
22.9145728643216,8
22.9145728643216,7
22.9145728643216,9
23.1155778894472,10
23.1155778894472,11
23.1155778894472,10
23.1155778894472,16
23.1155778894472,10
23.1155778894472,8
23.1155778894472,7
23.1155778894472,11
23.1155778894472,10
23.1155778894472,13
23.1155778894472,7
23.1155778894472,14
23.1155778894472,13
23.1155778894472,10
23.1155778894472,15
23.1155778894472,7
23.1155778894472,10
23.1155778894472,9
23.1155778894472,17
23.1155778894472,9
23.1155778894472,2
23.1155778894472,8
23.1155778894472,12
23.1155778894472,9
23.1155778894472,14
23.1155778894472,5
23.1155778894472,9
23.1155778894472,4
23.1155778894472,14
23.1155778894472,10
23.1155778894472,10
23.1155778894472,11
23.1155778894472,12
23.1155778894472,13
23.1155778894472,17
23.1155778894472,8
23.1155778894472,6
23.1155778894472,10
23.1155778894472,7
23.1155778894472,5
23.1155778894472,9
23.1155778894472,6
23.1155778894472,7
23.1155778894472,6
23.1155778894472,9
23.1155778894472,4
23.1155778894472,8
23.1155778894472,11
23.1155778894472,2
23.1155778894472,6
23.1155778894472,5
23.1155778894472,8
23.1155778894472,7
23.1155778894472,6
23.1155778894472,8
23.1155778894472,15
23.1155778894472,7
23.1155778894472,12
23.1155778894472,12
23.1155778894472,11
23.1155778894472,8
23.1155778894472,8
23.1155778894472,10
23.1155778894472,6
23.1155778894472,6
23.1155778894472,7
23.1155778894472,8
23.1155778894472,10
23.1155778894472,17
23.1155778894472,3
23.1155778894472,8
23.1155778894472,9
23.1155778894472,11
23.1155778894472,13
23.1155778894472,9
23.1155778894472,12
23.1155778894472,8
23.1155778894472,12
23.1155778894472,12
23.1155778894472,13
23.1155778894472,10
23.1155778894472,8
23.1155778894472,10
23.1155778894472,15
23.1155778894472,9
23.1155778894472,6
23.1155778894472,9
23.1155778894472,9
23.1155778894472,4
23.1155778894472,4
23.1155778894472,6
23.1155778894472,13
23.1155778894472,7
23.1155778894472,11
23.1155778894472,7
23.1155778894472,7
23.1155778894472,9
23.1155778894472,10
23.1155778894472,8
23.1155778894472,6
23.1155778894472,13
23.1155778894472,5
23.1155778894472,5
23.1155778894472,8
23.1155778894472,7
23.1155778894472,12
23.1155778894472,7
23.1155778894472,7
23.1155778894472,4
23.1155778894472,7
23.1155778894472,8
23.1155778894472,12
23.1155778894472,9
23.1155778894472,6
23.1155778894472,9
23.1155778894472,2
23.1155778894472,9
23.1155778894472,8
23.1155778894472,9
23.1155778894472,11
23.1155778894472,11
23.1155778894472,9
23.1155778894472,11
23.1155778894472,7
23.1155778894472,14
23.1155778894472,6
23.1155778894472,12
23.1155778894472,11
23.1155778894472,9
23.1155778894472,5
23.1155778894472,12
23.1155778894472,6
23.1155778894472,8
23.1155778894472,6
23.1155778894472,10
23.1155778894472,8
23.1155778894472,13
23.1155778894472,10
23.1155778894472,13
23.1155778894472,5
23.1155778894472,11
23.1155778894472,5
23.1155778894472,6
23.1155778894472,7
23.1155778894472,5
23.1155778894472,4
23.1155778894472,5
23.1155778894472,7
23.1155778894472,12
23.1155778894472,11
23.1155778894472,9
23.1155778894472,12
23.1155778894472,11
23.1155778894472,7
23.1155778894472,5
23.1155778894472,8
23.1155778894472,7
23.1155778894472,12
23.1155778894472,9
23.1155778894472,4
23.1155778894472,12
23.1155778894472,10
23.1155778894472,7
23.1155778894472,12
23.1155778894472,7
23.1155778894472,9
23.1155778894472,9
23.1155778894472,5
23.1155778894472,16
23.1155778894472,13
23.1155778894472,12
23.1155778894472,9
23.1155778894472,9
23.1155778894472,11
23.1155778894472,11
23.1155778894472,12
23.1155778894472,8
23.1155778894472,11
23.1155778894472,4
23.1155778894472,15
23.1155778894472,11
23.1155778894472,10
23.1155778894472,8
23.1155778894472,7
23.1155778894472,13
23.1155778894472,7
23.1155778894472,13
23.1155778894472,9
23.1155778894472,5
23.1155778894472,10
23.1155778894472,6
23.1155778894472,9
23.1155778894472,11
23.1155778894472,11
23.1155778894472,11
23.1155778894472,9
23.1155778894472,11
23.1155778894472,7
23.1155778894472,12
23.1155778894472,13
23.3165829145729,11
23.3165829145729,10
23.3165829145729,12
23.3165829145729,3
23.3165829145729,9
23.3165829145729,12
23.3165829145729,10
23.3165829145729,7
23.3165829145729,7
23.3165829145729,7
23.3165829145729,6
23.3165829145729,9
23.3165829145729,5
23.3165829145729,10
23.3165829145729,6
23.3165829145729,17
23.3165829145729,8
23.3165829145729,10
23.3165829145729,10
23.3165829145729,9
23.3165829145729,8
23.3165829145729,10
23.3165829145729,5
23.3165829145729,10
23.3165829145729,3
23.3165829145729,13
23.3165829145729,12
23.3165829145729,6
23.3165829145729,2
23.3165829145729,11
23.3165829145729,10
23.3165829145729,8
23.3165829145729,8
23.3165829145729,6
23.3165829145729,8
23.3165829145729,5
23.3165829145729,8
23.3165829145729,15
23.3165829145729,10
23.3165829145729,12
23.3165829145729,16
23.3165829145729,5
23.3165829145729,13
23.3165829145729,7
23.3165829145729,4
23.3165829145729,11
23.3165829145729,10
23.3165829145729,7
23.3165829145729,10
23.3165829145729,8
23.3165829145729,11
23.3165829145729,9
23.3165829145729,9
23.3165829145729,4
23.3165829145729,10
23.3165829145729,17
23.3165829145729,9
23.3165829145729,7
23.3165829145729,14
23.3165829145729,6
23.3165829145729,13
23.3165829145729,6
23.3165829145729,4
23.3165829145729,8
23.3165829145729,7
23.3165829145729,13
23.3165829145729,8
23.3165829145729,9
23.3165829145729,7
23.3165829145729,15
23.3165829145729,7
23.3165829145729,8
23.3165829145729,7
23.3165829145729,11
23.3165829145729,10
23.3165829145729,14
23.3165829145729,8
23.3165829145729,11
23.3165829145729,9
23.3165829145729,10
23.3165829145729,10
23.3165829145729,13
23.3165829145729,5
23.3165829145729,10
23.3165829145729,11
23.3165829145729,8
23.3165829145729,9
23.3165829145729,9
23.3165829145729,7
23.3165829145729,6
23.3165829145729,9
23.3165829145729,9
23.3165829145729,7
23.3165829145729,16
23.3165829145729,13
23.3165829145729,7
23.3165829145729,8
23.3165829145729,9
23.3165829145729,6
23.3165829145729,8
23.3165829145729,8
23.3165829145729,6
23.3165829145729,8
23.3165829145729,8
23.3165829145729,11
23.3165829145729,12
23.3165829145729,9
23.3165829145729,12
23.3165829145729,10
23.3165829145729,10
23.3165829145729,14
23.3165829145729,10
23.3165829145729,10
23.3165829145729,7
23.3165829145729,4
23.3165829145729,6
23.3165829145729,10
23.3165829145729,8
23.3165829145729,6
23.3165829145729,4
23.3165829145729,13
23.3165829145729,9
23.3165829145729,11
23.3165829145729,13
23.3165829145729,6
23.3165829145729,6
23.3165829145729,8
23.3165829145729,10
23.3165829145729,16
23.3165829145729,7
23.3165829145729,11
23.3165829145729,4
23.3165829145729,8
23.3165829145729,14
23.3165829145729,6
23.3165829145729,9
23.3165829145729,8
23.3165829145729,7
23.3165829145729,9
23.3165829145729,9
23.3165829145729,7
23.3165829145729,7
23.3165829145729,15
23.3165829145729,10
23.3165829145729,10
23.3165829145729,9
23.3165829145729,6
23.3165829145729,12
23.3165829145729,7
23.3165829145729,5
23.3165829145729,7
23.3165829145729,8
23.3165829145729,10
23.3165829145729,4
23.3165829145729,8
23.3165829145729,6
23.3165829145729,13
23.3165829145729,13
23.3165829145729,10
23.3165829145729,7
23.3165829145729,12
23.3165829145729,9
23.3165829145729,9
23.3165829145729,10
23.3165829145729,12
23.3165829145729,7
23.3165829145729,8
23.3165829145729,10
23.3165829145729,3
23.3165829145729,10
23.3165829145729,8
23.3165829145729,13
23.3165829145729,10
23.3165829145729,9
23.3165829145729,11
23.3165829145729,12
23.3165829145729,5
23.3165829145729,14
23.3165829145729,3
23.3165829145729,14
23.3165829145729,12
23.3165829145729,9
23.3165829145729,10
23.3165829145729,6
23.3165829145729,11
23.3165829145729,11
23.3165829145729,7
23.3165829145729,6
23.3165829145729,8
23.3165829145729,8
23.3165829145729,6
23.3165829145729,8
23.3165829145729,16
23.3165829145729,12
23.3165829145729,12
23.3165829145729,5
23.3165829145729,7
23.3165829145729,5
23.3165829145729,6
23.3165829145729,11
23.5175879396985,11
23.5175879396985,6
23.5175879396985,9
23.5175879396985,13
23.5175879396985,9
23.5175879396985,5
23.5175879396985,6
23.5175879396985,13
23.5175879396985,5
23.5175879396985,5
23.5175879396985,13
23.5175879396985,10
23.5175879396985,6
23.5175879396985,8
23.5175879396985,11
23.5175879396985,5
23.5175879396985,7
23.5175879396985,17
23.5175879396985,10
23.5175879396985,11
23.5175879396985,12
23.5175879396985,5
23.5175879396985,13
23.5175879396985,8
23.5175879396985,12
23.5175879396985,6
23.5175879396985,6
23.5175879396985,13
23.5175879396985,12
23.5175879396985,13
23.5175879396985,5
23.5175879396985,5
23.5175879396985,11
23.5175879396985,9
23.5175879396985,9
23.5175879396985,12
23.5175879396985,9
23.5175879396985,11
23.5175879396985,7
23.5175879396985,10
23.5175879396985,12
23.5175879396985,7
23.5175879396985,7
23.5175879396985,8
23.5175879396985,9
23.5175879396985,7
23.5175879396985,4
23.5175879396985,10
23.5175879396985,9
23.5175879396985,11
23.5175879396985,12
23.5175879396985,5
23.5175879396985,12
23.5175879396985,9
23.5175879396985,8
23.5175879396985,13
23.5175879396985,3
23.5175879396985,10
23.5175879396985,10
23.5175879396985,11
23.5175879396985,8
23.5175879396985,5
23.5175879396985,12
23.5175879396985,10
23.5175879396985,10
23.5175879396985,12
23.5175879396985,8
23.5175879396985,6
23.5175879396985,13
23.5175879396985,5
23.5175879396985,9
23.5175879396985,8
23.5175879396985,8
23.5175879396985,14
23.5175879396985,9
23.5175879396985,9
23.5175879396985,9
23.5175879396985,12
23.5175879396985,13
23.5175879396985,7
23.5175879396985,9
23.5175879396985,9
23.5175879396985,9
23.5175879396985,9
23.5175879396985,9
23.5175879396985,8
23.5175879396985,8
23.5175879396985,11
23.5175879396985,7
23.5175879396985,12
23.5175879396985,5
23.5175879396985,6
23.5175879396985,18
23.5175879396985,9
23.5175879396985,10
23.5175879396985,6
23.5175879396985,10
23.5175879396985,7
23.5175879396985,9
23.5175879396985,12
23.5175879396985,12
23.5175879396985,12
23.5175879396985,13
23.5175879396985,7
23.5175879396985,13
23.5175879396985,15
23.5175879396985,12
23.5175879396985,6
23.5175879396985,10
23.5175879396985,9
23.5175879396985,16
23.5175879396985,12
23.5175879396985,8
23.5175879396985,12
23.5175879396985,5
23.5175879396985,11
23.5175879396985,4
23.5175879396985,4
23.5175879396985,8
23.5175879396985,10
23.5175879396985,13
23.5175879396985,8
23.5175879396985,8
23.5175879396985,12
23.5175879396985,10
23.5175879396985,11
23.5175879396985,9
23.5175879396985,7
23.5175879396985,7
23.5175879396985,5
23.5175879396985,12
23.5175879396985,12
23.5175879396985,12
23.5175879396985,10
23.5175879396985,8
23.5175879396985,13
23.5175879396985,10
23.5175879396985,8
23.5175879396985,10
23.5175879396985,9
23.5175879396985,10
23.5175879396985,12
23.5175879396985,7
23.5175879396985,9
23.5175879396985,11
23.5175879396985,8
23.5175879396985,11
23.5175879396985,9
23.5175879396985,6
23.5175879396985,15
23.5175879396985,10
23.5175879396985,10
23.5175879396985,8
23.5175879396985,11
23.5175879396985,11
23.5175879396985,7
23.5175879396985,9
23.5175879396985,7
23.5175879396985,12
23.5175879396985,9
23.5175879396985,13
23.5175879396985,10
23.5175879396985,12
23.5175879396985,10
23.5175879396985,15
23.5175879396985,8
23.5175879396985,5
23.5175879396985,10
23.5175879396985,5
23.5175879396985,8
23.5175879396985,15
23.5175879396985,10
23.5175879396985,14
23.5175879396985,8
23.5175879396985,6
23.5175879396985,9
23.5175879396985,9
23.5175879396985,19
23.5175879396985,4
23.5175879396985,11
23.5175879396985,13
23.5175879396985,8
23.5175879396985,6
23.5175879396985,7
23.5175879396985,14
23.5175879396985,7
23.5175879396985,10
23.5175879396985,11
23.5175879396985,3
23.5175879396985,8
23.5175879396985,8
23.5175879396985,6
23.5175879396985,14
23.5175879396985,6
23.5175879396985,4
23.5175879396985,9
23.5175879396985,9
23.5175879396985,11
23.5175879396985,9
23.5175879396985,9
23.7185929648241,9
23.7185929648241,10
23.7185929648241,6
23.7185929648241,7
23.7185929648241,13
23.7185929648241,14
23.7185929648241,5
23.7185929648241,12
23.7185929648241,7
23.7185929648241,9
23.7185929648241,7
23.7185929648241,6
23.7185929648241,9
23.7185929648241,8
23.7185929648241,8
23.7185929648241,4
23.7185929648241,8
23.7185929648241,7
23.7185929648241,7
23.7185929648241,12
23.7185929648241,7
23.7185929648241,9
23.7185929648241,7
23.7185929648241,11
23.7185929648241,14
23.7185929648241,16
23.7185929648241,14
23.7185929648241,11
23.7185929648241,11
23.7185929648241,13
23.7185929648241,7
23.7185929648241,8
23.7185929648241,11
23.7185929648241,7
23.7185929648241,8
23.7185929648241,6
23.7185929648241,5
23.7185929648241,9
23.7185929648241,13
23.7185929648241,8
23.7185929648241,12
23.7185929648241,10
23.7185929648241,9
23.7185929648241,11
23.7185929648241,14
23.7185929648241,16
23.7185929648241,7
23.7185929648241,10
23.7185929648241,11
23.7185929648241,10
23.7185929648241,8
23.7185929648241,13
23.7185929648241,11
23.7185929648241,6
23.7185929648241,4
23.7185929648241,10
23.7185929648241,7
23.7185929648241,7
23.7185929648241,11
23.7185929648241,3
23.7185929648241,7
23.7185929648241,2
23.7185929648241,5
23.7185929648241,15
23.7185929648241,11
23.7185929648241,13
23.7185929648241,6
23.7185929648241,8
23.7185929648241,11
23.7185929648241,11
23.7185929648241,7
23.7185929648241,7
23.7185929648241,10
23.7185929648241,14
23.7185929648241,9
23.7185929648241,5
23.7185929648241,8
23.7185929648241,12
23.7185929648241,4
23.7185929648241,11
23.7185929648241,6
23.7185929648241,8
23.7185929648241,9
23.7185929648241,9
23.7185929648241,5
23.7185929648241,10
23.7185929648241,7
23.7185929648241,7
23.7185929648241,8
23.7185929648241,9
23.7185929648241,5
23.7185929648241,7
23.7185929648241,11
23.7185929648241,8
23.7185929648241,11
23.7185929648241,6
23.7185929648241,9
23.7185929648241,5
23.7185929648241,9
23.7185929648241,9
23.7185929648241,16
23.7185929648241,12
23.7185929648241,7
23.7185929648241,17
23.7185929648241,8
23.7185929648241,9
23.7185929648241,9
23.7185929648241,10
23.7185929648241,12
23.7185929648241,7
23.7185929648241,8
23.7185929648241,9
23.7185929648241,7
23.7185929648241,10
23.7185929648241,9
23.7185929648241,14
23.7185929648241,15
23.7185929648241,11
23.7185929648241,7
23.7185929648241,6
23.7185929648241,9
23.7185929648241,8
23.7185929648241,4
23.7185929648241,13
23.7185929648241,8
23.7185929648241,7
23.7185929648241,10
23.7185929648241,7
23.7185929648241,10
23.7185929648241,9
23.7185929648241,13
23.7185929648241,5
23.7185929648241,11
23.7185929648241,13
23.7185929648241,4
23.7185929648241,9
23.7185929648241,15
23.7185929648241,7
23.7185929648241,8
23.7185929648241,9
23.7185929648241,10
23.7185929648241,12
23.7185929648241,10
23.7185929648241,12
23.7185929648241,8
23.7185929648241,7
23.7185929648241,3
23.7185929648241,11
23.7185929648241,9
23.7185929648241,9
23.7185929648241,6
23.7185929648241,9
23.7185929648241,10
23.7185929648241,6
23.7185929648241,4
23.7185929648241,10
23.7185929648241,10
23.7185929648241,7
23.7185929648241,11
23.7185929648241,17
23.7185929648241,16
23.7185929648241,8
23.7185929648241,10
23.7185929648241,5
23.7185929648241,6
23.7185929648241,11
23.7185929648241,7
23.7185929648241,7
23.7185929648241,11
23.7185929648241,8
23.7185929648241,11
23.7185929648241,5
23.7185929648241,9
23.7185929648241,5
23.7185929648241,9
23.7185929648241,9
23.7185929648241,9
23.7185929648241,4
23.7185929648241,12
23.7185929648241,5
23.7185929648241,11
23.7185929648241,8
23.7185929648241,11
23.7185929648241,14
23.7185929648241,6
23.7185929648241,7
23.7185929648241,10
23.7185929648241,9
23.7185929648241,13
23.7185929648241,8
23.7185929648241,4
23.7185929648241,9
23.7185929648241,8
23.7185929648241,8
23.7185929648241,10
23.7185929648241,9
23.7185929648241,9
23.7185929648241,5
23.7185929648241,12
23.7185929648241,9
23.9195979899498,15
23.9195979899498,13
23.9195979899498,9
23.9195979899498,8
23.9195979899498,5
23.9195979899498,8
23.9195979899498,6
23.9195979899498,8
23.9195979899498,12
23.9195979899498,10
23.9195979899498,7
23.9195979899498,13
23.9195979899498,9
23.9195979899498,5
23.9195979899498,6
23.9195979899498,8
23.9195979899498,15
23.9195979899498,9
23.9195979899498,10
23.9195979899498,13
23.9195979899498,13
23.9195979899498,5
23.9195979899498,7
23.9195979899498,3
23.9195979899498,7
23.9195979899498,6
23.9195979899498,10
23.9195979899498,20
23.9195979899498,11
23.9195979899498,11
23.9195979899498,16
23.9195979899498,13
23.9195979899498,11
23.9195979899498,4
23.9195979899498,6
23.9195979899498,7
23.9195979899498,9
23.9195979899498,11
23.9195979899498,8
23.9195979899498,12
23.9195979899498,9
23.9195979899498,10
23.9195979899498,9
23.9195979899498,12
23.9195979899498,3
23.9195979899498,8
23.9195979899498,9
23.9195979899498,5
23.9195979899498,14
23.9195979899498,5
23.9195979899498,7
23.9195979899498,9
23.9195979899498,5
23.9195979899498,3
23.9195979899498,17
23.9195979899498,10
23.9195979899498,11
23.9195979899498,4
23.9195979899498,3
23.9195979899498,5
23.9195979899498,11
23.9195979899498,5
23.9195979899498,5
23.9195979899498,10
23.9195979899498,6
23.9195979899498,14
23.9195979899498,12
23.9195979899498,11
23.9195979899498,11
23.9195979899498,6
23.9195979899498,11
23.9195979899498,11
23.9195979899498,8
23.9195979899498,9
23.9195979899498,9
23.9195979899498,5
23.9195979899498,11
23.9195979899498,5
23.9195979899498,12
23.9195979899498,8
23.9195979899498,5
23.9195979899498,13
23.9195979899498,9
23.9195979899498,9
23.9195979899498,10
23.9195979899498,5
23.9195979899498,10
23.9195979899498,14
23.9195979899498,4
23.9195979899498,7
23.9195979899498,7
23.9195979899498,10
23.9195979899498,8
23.9195979899498,11
23.9195979899498,9
23.9195979899498,10
23.9195979899498,8
23.9195979899498,9
23.9195979899498,9
23.9195979899498,13
23.9195979899498,11
23.9195979899498,9
23.9195979899498,13
23.9195979899498,12
23.9195979899498,8
23.9195979899498,9
23.9195979899498,13
23.9195979899498,8
23.9195979899498,13
23.9195979899498,11
23.9195979899498,7
23.9195979899498,7
23.9195979899498,6
23.9195979899498,9
23.9195979899498,12
23.9195979899498,7
23.9195979899498,13
23.9195979899498,11
23.9195979899498,5
23.9195979899498,8
23.9195979899498,8
23.9195979899498,5
23.9195979899498,2
23.9195979899498,9
23.9195979899498,9
23.9195979899498,5
23.9195979899498,6
23.9195979899498,7
23.9195979899498,14
23.9195979899498,10
23.9195979899498,8
23.9195979899498,6
23.9195979899498,12
23.9195979899498,8
23.9195979899498,5
23.9195979899498,10
23.9195979899498,6
23.9195979899498,14
23.9195979899498,7
23.9195979899498,8
23.9195979899498,5
23.9195979899498,9
23.9195979899498,11
23.9195979899498,4
23.9195979899498,17
23.9195979899498,6
23.9195979899498,9
23.9195979899498,7
23.9195979899498,6
23.9195979899498,10
23.9195979899498,10
23.9195979899498,9
23.9195979899498,11
23.9195979899498,8
23.9195979899498,14
23.9195979899498,8
23.9195979899498,7
23.9195979899498,10
23.9195979899498,5
23.9195979899498,11
23.9195979899498,14
23.9195979899498,7
23.9195979899498,8
23.9195979899498,3
23.9195979899498,11
23.9195979899498,5
23.9195979899498,10
23.9195979899498,17
23.9195979899498,11
23.9195979899498,6
23.9195979899498,9
23.9195979899498,13
23.9195979899498,9
23.9195979899498,5
23.9195979899498,6
23.9195979899498,10
23.9195979899498,4
23.9195979899498,6
23.9195979899498,5
23.9195979899498,11
23.9195979899498,11
23.9195979899498,9
23.9195979899498,8
23.9195979899498,13
23.9195979899498,8
23.9195979899498,8
23.9195979899498,9
23.9195979899498,4
23.9195979899498,10
23.9195979899498,12
23.9195979899498,3
23.9195979899498,8
23.9195979899498,15
23.9195979899498,7
23.9195979899498,11
23.9195979899498,4
23.9195979899498,5
23.9195979899498,6
23.9195979899498,9
23.9195979899498,9
24.1206030150754,12
24.1206030150754,12
24.1206030150754,10
24.1206030150754,10
24.1206030150754,7
24.1206030150754,10
24.1206030150754,8
24.1206030150754,14
24.1206030150754,9
24.1206030150754,9
24.1206030150754,10
24.1206030150754,13
24.1206030150754,8
24.1206030150754,9
24.1206030150754,7
24.1206030150754,13
24.1206030150754,10
24.1206030150754,7
24.1206030150754,5
24.1206030150754,11
24.1206030150754,7
24.1206030150754,8
24.1206030150754,7
24.1206030150754,17
24.1206030150754,8
24.1206030150754,11
24.1206030150754,7
24.1206030150754,11
24.1206030150754,8
24.1206030150754,10
24.1206030150754,6
24.1206030150754,7
24.1206030150754,10
24.1206030150754,13
24.1206030150754,5
24.1206030150754,13
24.1206030150754,10
24.1206030150754,7
24.1206030150754,12
24.1206030150754,15
24.1206030150754,11
24.1206030150754,3
24.1206030150754,9
24.1206030150754,13
24.1206030150754,4
24.1206030150754,7
24.1206030150754,8
24.1206030150754,8
24.1206030150754,6
24.1206030150754,10
24.1206030150754,6
24.1206030150754,8
24.1206030150754,11
24.1206030150754,10
24.1206030150754,10
24.1206030150754,10
24.1206030150754,10
24.1206030150754,7
24.1206030150754,6
24.1206030150754,8
24.1206030150754,9
24.1206030150754,9
24.1206030150754,9
24.1206030150754,6
24.1206030150754,11
24.1206030150754,7
24.1206030150754,6
24.1206030150754,9
24.1206030150754,13
24.1206030150754,14
24.1206030150754,10
24.1206030150754,9
24.1206030150754,8
24.1206030150754,5
24.1206030150754,12
24.1206030150754,6
24.1206030150754,4
24.1206030150754,10
24.1206030150754,9
24.1206030150754,12
24.1206030150754,5
24.1206030150754,8
24.1206030150754,4
24.1206030150754,4
24.1206030150754,16
24.1206030150754,11
24.1206030150754,8
24.1206030150754,11
24.1206030150754,13
24.1206030150754,9
24.1206030150754,13
24.1206030150754,9
24.1206030150754,7
24.1206030150754,13
24.1206030150754,16
24.1206030150754,9
24.1206030150754,13
24.1206030150754,8
24.1206030150754,10
24.1206030150754,7
24.1206030150754,10
24.1206030150754,13
24.1206030150754,7
24.1206030150754,20
24.1206030150754,8
24.1206030150754,10
24.1206030150754,9
24.1206030150754,8
24.1206030150754,7
24.1206030150754,16
24.1206030150754,9
24.1206030150754,11
24.1206030150754,8
24.1206030150754,14
24.1206030150754,3
24.1206030150754,10
24.1206030150754,9
24.1206030150754,11
24.1206030150754,8
24.1206030150754,10
24.1206030150754,13
24.1206030150754,9
24.1206030150754,12
24.1206030150754,9
24.1206030150754,10
24.1206030150754,14
24.1206030150754,12
24.1206030150754,13
24.1206030150754,6
24.1206030150754,14
24.1206030150754,10
24.1206030150754,12
24.1206030150754,5
24.1206030150754,9
24.1206030150754,7
24.1206030150754,7
24.1206030150754,10
24.1206030150754,3
24.1206030150754,8
24.1206030150754,6
24.1206030150754,9
24.1206030150754,7
24.1206030150754,4
24.1206030150754,9
24.1206030150754,6
24.1206030150754,14
24.1206030150754,11
24.1206030150754,5
24.1206030150754,10
24.1206030150754,13
24.1206030150754,6
24.1206030150754,7
24.1206030150754,9
24.1206030150754,10
24.1206030150754,8
24.1206030150754,6
24.1206030150754,10
24.1206030150754,12
24.1206030150754,7
24.1206030150754,11
24.1206030150754,8
24.1206030150754,9
24.1206030150754,9
24.1206030150754,16
24.1206030150754,10
24.1206030150754,5
24.1206030150754,16
24.1206030150754,5
24.1206030150754,5
24.1206030150754,8
24.1206030150754,5
24.1206030150754,8
24.1206030150754,13
24.1206030150754,11
24.1206030150754,7
24.1206030150754,7
24.1206030150754,9
24.1206030150754,9
24.1206030150754,9
24.1206030150754,6
24.1206030150754,9
24.1206030150754,10
24.1206030150754,10
24.1206030150754,9
24.1206030150754,8
24.1206030150754,9
24.1206030150754,13
24.1206030150754,6
24.1206030150754,9
24.1206030150754,7
24.1206030150754,14
24.1206030150754,7
24.1206030150754,7
24.1206030150754,14
24.1206030150754,9
24.1206030150754,10
24.1206030150754,9
24.1206030150754,6
24.1206030150754,11
24.1206030150754,8
24.321608040201,12
24.321608040201,11
24.321608040201,8
24.321608040201,15
24.321608040201,14
24.321608040201,8
24.321608040201,13
24.321608040201,16
24.321608040201,14
24.321608040201,9
24.321608040201,9
24.321608040201,3
24.321608040201,11
24.321608040201,9
24.321608040201,8
24.321608040201,6
24.321608040201,11
24.321608040201,11
24.321608040201,3
24.321608040201,11
24.321608040201,8
24.321608040201,11
24.321608040201,9
24.321608040201,14
24.321608040201,10
24.321608040201,10
24.321608040201,10
24.321608040201,12
24.321608040201,6
24.321608040201,9
24.321608040201,7
24.321608040201,10
24.321608040201,9
24.321608040201,10
24.321608040201,10
24.321608040201,11
24.321608040201,12
24.321608040201,6
24.321608040201,6
24.321608040201,7
24.321608040201,10
24.321608040201,10
24.321608040201,12
24.321608040201,4
24.321608040201,6
24.321608040201,11
24.321608040201,12
24.321608040201,9
24.321608040201,9
24.321608040201,7
24.321608040201,5
24.321608040201,8
24.321608040201,6
24.321608040201,9
24.321608040201,6
24.321608040201,8
24.321608040201,11
24.321608040201,5
24.321608040201,8
24.321608040201,11
24.321608040201,17
24.321608040201,11
24.321608040201,8
24.321608040201,9
24.321608040201,9
24.321608040201,11
24.321608040201,8
24.321608040201,13
24.321608040201,7
24.321608040201,5
24.321608040201,6
24.321608040201,5
24.321608040201,7
24.321608040201,9
24.321608040201,13
24.321608040201,11
24.321608040201,7
24.321608040201,9
24.321608040201,10
24.321608040201,10
24.321608040201,12
24.321608040201,14
24.321608040201,12
24.321608040201,13
24.321608040201,11
24.321608040201,11
24.321608040201,10
24.321608040201,8
24.321608040201,8
24.321608040201,13
24.321608040201,9
24.321608040201,6
24.321608040201,7
24.321608040201,10
24.321608040201,6
24.321608040201,4
24.321608040201,8
24.321608040201,8
24.321608040201,1
24.321608040201,7
24.321608040201,4
24.321608040201,6
24.321608040201,12
24.321608040201,7
24.321608040201,14
24.321608040201,4
24.321608040201,5
24.321608040201,9
24.321608040201,7
24.321608040201,14
24.321608040201,8
24.321608040201,6
24.321608040201,5
24.321608040201,10
24.321608040201,10
24.321608040201,9
24.321608040201,7
24.321608040201,9
24.321608040201,10
24.321608040201,3
24.321608040201,11
24.321608040201,9
24.321608040201,12
24.321608040201,10
24.321608040201,12
24.321608040201,10
24.321608040201,6
24.321608040201,7
24.321608040201,4
24.321608040201,18
24.321608040201,9
24.321608040201,8
24.321608040201,9
24.321608040201,8
24.321608040201,16
24.321608040201,9
24.321608040201,11
24.321608040201,16
24.321608040201,7
24.321608040201,7
24.321608040201,9
24.321608040201,9
24.321608040201,5
24.321608040201,4
24.321608040201,12
24.321608040201,8
24.321608040201,10
24.321608040201,11
24.321608040201,10
24.321608040201,5
24.321608040201,7
24.321608040201,11
24.321608040201,4
24.321608040201,9
24.321608040201,6
24.321608040201,10
24.321608040201,13
24.321608040201,8
24.321608040201,12
24.321608040201,6
24.321608040201,12
24.321608040201,9
24.321608040201,15
24.321608040201,10
24.321608040201,7
24.321608040201,8
24.321608040201,8
24.321608040201,11
24.321608040201,12
24.321608040201,10
24.321608040201,10
24.321608040201,8
24.321608040201,9
24.321608040201,6
24.321608040201,11
24.321608040201,10
24.321608040201,13
24.321608040201,5
24.321608040201,8
24.321608040201,13
24.321608040201,10
24.321608040201,8
24.321608040201,10
24.321608040201,6
24.321608040201,8
24.321608040201,12
24.321608040201,10
24.321608040201,10
24.321608040201,11
24.321608040201,14
24.321608040201,9
24.321608040201,9
24.321608040201,10
24.321608040201,4
24.321608040201,10
24.321608040201,17
24.321608040201,8
24.321608040201,9
24.321608040201,10
24.321608040201,9
24.5226130653266,10
24.5226130653266,7
24.5226130653266,11
24.5226130653266,10
24.5226130653266,13
24.5226130653266,8
24.5226130653266,6
24.5226130653266,17
24.5226130653266,6
24.5226130653266,4
24.5226130653266,12
24.5226130653266,7
24.5226130653266,7
24.5226130653266,16
24.5226130653266,10
24.5226130653266,9
24.5226130653266,6
24.5226130653266,12
24.5226130653266,12
24.5226130653266,10
24.5226130653266,8
24.5226130653266,10
24.5226130653266,9
24.5226130653266,13
24.5226130653266,8
24.5226130653266,18
24.5226130653266,5
24.5226130653266,6
24.5226130653266,8
24.5226130653266,6
24.5226130653266,12
24.5226130653266,6
24.5226130653266,14
24.5226130653266,13
24.5226130653266,7
24.5226130653266,8
24.5226130653266,8
24.5226130653266,13
24.5226130653266,5
24.5226130653266,8
24.5226130653266,7
24.5226130653266,9
24.5226130653266,11
24.5226130653266,11
24.5226130653266,8
24.5226130653266,12
24.5226130653266,9
24.5226130653266,6
24.5226130653266,10
24.5226130653266,8
24.5226130653266,12
24.5226130653266,1
24.5226130653266,9
24.5226130653266,4
24.5226130653266,11
24.5226130653266,4
24.5226130653266,10
24.5226130653266,7
24.5226130653266,7
24.5226130653266,5
24.5226130653266,12
24.5226130653266,13
24.5226130653266,10
24.5226130653266,9
24.5226130653266,8
24.5226130653266,10
24.5226130653266,10
24.5226130653266,13
24.5226130653266,8
24.5226130653266,7
24.5226130653266,6
24.5226130653266,7
24.5226130653266,7
24.5226130653266,10
24.5226130653266,8
24.5226130653266,14
24.5226130653266,14
24.5226130653266,9
24.5226130653266,9
24.5226130653266,9
24.5226130653266,9
24.5226130653266,14
24.5226130653266,6
24.5226130653266,8
24.5226130653266,7
24.5226130653266,5
24.5226130653266,9
24.5226130653266,10
24.5226130653266,12
24.5226130653266,12
24.5226130653266,4
24.5226130653266,7
24.5226130653266,8
24.5226130653266,13
24.5226130653266,8
24.5226130653266,5
24.5226130653266,7
24.5226130653266,8
24.5226130653266,7
24.5226130653266,11
24.5226130653266,9
24.5226130653266,10
24.5226130653266,8
24.5226130653266,6
24.5226130653266,8
24.5226130653266,15
24.5226130653266,9
24.5226130653266,8
24.5226130653266,3
24.5226130653266,7
24.5226130653266,11
24.5226130653266,6
24.5226130653266,5
24.5226130653266,13
24.5226130653266,16
24.5226130653266,6
24.5226130653266,7
24.5226130653266,17
24.5226130653266,7
24.5226130653266,9
24.5226130653266,10
24.5226130653266,7
24.5226130653266,2
24.5226130653266,13
24.5226130653266,3
24.5226130653266,12
24.5226130653266,14
24.5226130653266,9
24.5226130653266,5
24.5226130653266,10
24.5226130653266,13
24.5226130653266,6
24.5226130653266,8
24.5226130653266,8
24.5226130653266,17
24.5226130653266,10
24.5226130653266,4
24.5226130653266,7
24.5226130653266,11
24.5226130653266,9
24.5226130653266,14
24.5226130653266,11
24.5226130653266,11
24.5226130653266,10
24.5226130653266,10
24.5226130653266,7
24.5226130653266,11
24.5226130653266,1
24.5226130653266,9
24.5226130653266,9
24.5226130653266,7
24.5226130653266,11
24.5226130653266,5
24.5226130653266,10
24.5226130653266,6
24.5226130653266,16
24.5226130653266,5
24.5226130653266,4
24.5226130653266,10
24.5226130653266,7
24.5226130653266,8
24.5226130653266,13
24.5226130653266,9
24.5226130653266,5
24.5226130653266,9
24.5226130653266,6
24.5226130653266,9
24.5226130653266,7
24.5226130653266,6
24.5226130653266,12
24.5226130653266,8
24.5226130653266,13
24.5226130653266,10
24.5226130653266,10
24.5226130653266,9
24.5226130653266,5
24.5226130653266,4
24.5226130653266,10
24.5226130653266,11
24.5226130653266,7
24.5226130653266,9
24.5226130653266,12
24.5226130653266,13
24.5226130653266,14
24.5226130653266,11
24.5226130653266,5
24.5226130653266,9
24.5226130653266,8
24.5226130653266,7
24.5226130653266,4
24.5226130653266,16
24.5226130653266,10
24.5226130653266,7
24.5226130653266,9
24.5226130653266,8
24.5226130653266,8
24.5226130653266,9
24.5226130653266,9
24.5226130653266,8
24.5226130653266,13
24.7236180904523,14
24.7236180904523,12
24.7236180904523,5
24.7236180904523,2
24.7236180904523,9
24.7236180904523,5
24.7236180904523,10
24.7236180904523,11
24.7236180904523,9
24.7236180904523,7
24.7236180904523,12
24.7236180904523,13
24.7236180904523,15
24.7236180904523,9
24.7236180904523,12
24.7236180904523,6
24.7236180904523,8
24.7236180904523,8
24.7236180904523,12
24.7236180904523,12
24.7236180904523,4
24.7236180904523,14
24.7236180904523,7
24.7236180904523,8
24.7236180904523,10
24.7236180904523,7
24.7236180904523,8
24.7236180904523,7
24.7236180904523,10
24.7236180904523,9
24.7236180904523,6
24.7236180904523,16
24.7236180904523,7
24.7236180904523,9
24.7236180904523,6
24.7236180904523,13
24.7236180904523,6
24.7236180904523,11
24.7236180904523,9
24.7236180904523,12
24.7236180904523,9
24.7236180904523,9
24.7236180904523,14
24.7236180904523,10
24.7236180904523,4
24.7236180904523,8
24.7236180904523,11
24.7236180904523,6
24.7236180904523,4
24.7236180904523,7
24.7236180904523,9
24.7236180904523,6
24.7236180904523,5
24.7236180904523,7
24.7236180904523,7
24.7236180904523,7
24.7236180904523,12
24.7236180904523,6
24.7236180904523,11
24.7236180904523,9
24.7236180904523,5
24.7236180904523,9
24.7236180904523,8
24.7236180904523,8
24.7236180904523,11
24.7236180904523,4
24.7236180904523,4
24.7236180904523,11
24.7236180904523,6
24.7236180904523,6
24.7236180904523,14
24.7236180904523,4
24.7236180904523,5
24.7236180904523,10
24.7236180904523,12
24.7236180904523,7
24.7236180904523,8
24.7236180904523,11
24.7236180904523,10
24.7236180904523,11
24.7236180904523,13
24.7236180904523,13
24.7236180904523,5
24.7236180904523,7
24.7236180904523,6
24.7236180904523,9
24.7236180904523,9
24.7236180904523,9
24.7236180904523,6
24.7236180904523,13
24.7236180904523,6
24.7236180904523,8
24.7236180904523,6
24.7236180904523,14
24.7236180904523,14
24.7236180904523,12
24.7236180904523,11
24.7236180904523,6
24.7236180904523,14
24.7236180904523,11
24.7236180904523,7
24.7236180904523,10
24.7236180904523,7
24.7236180904523,8
24.7236180904523,15
24.7236180904523,7
24.7236180904523,7
24.7236180904523,6
24.7236180904523,7
24.7236180904523,10
24.7236180904523,8
24.7236180904523,9
24.7236180904523,8
24.7236180904523,5
24.7236180904523,10
24.7236180904523,16
24.7236180904523,7
24.7236180904523,4
24.7236180904523,9
24.7236180904523,10
24.7236180904523,9
24.7236180904523,9
24.7236180904523,9
24.7236180904523,11
24.7236180904523,9
24.7236180904523,11
24.7236180904523,12
24.7236180904523,7
24.7236180904523,2
24.7236180904523,8
24.7236180904523,12
24.7236180904523,8
24.7236180904523,6
24.7236180904523,8
24.7236180904523,8
24.7236180904523,8
24.7236180904523,9
24.7236180904523,19
24.7236180904523,9
24.7236180904523,11
24.7236180904523,11
24.7236180904523,9
24.7236180904523,11
24.7236180904523,4
24.7236180904523,11
24.7236180904523,9
24.7236180904523,9
24.7236180904523,12
24.7236180904523,11
24.7236180904523,9
24.7236180904523,8
24.7236180904523,11
24.7236180904523,14
24.7236180904523,9
24.7236180904523,9
24.7236180904523,13
24.7236180904523,9
24.7236180904523,5
24.7236180904523,5
24.7236180904523,14
24.7236180904523,11
24.7236180904523,10
24.7236180904523,11
24.7236180904523,9
24.7236180904523,8
24.7236180904523,3
24.7236180904523,7
24.7236180904523,3
24.7236180904523,11
24.7236180904523,11
24.7236180904523,8
24.7236180904523,4
24.7236180904523,3
24.7236180904523,8
24.7236180904523,15
24.7236180904523,10
24.7236180904523,8
24.7236180904523,7
24.7236180904523,12
24.7236180904523,9
24.7236180904523,10
24.7236180904523,17
24.7236180904523,11
24.7236180904523,4
24.7236180904523,9
24.7236180904523,6
24.7236180904523,9
24.7236180904523,9
24.7236180904523,8
24.7236180904523,16
24.7236180904523,11
24.7236180904523,11
24.7236180904523,9
24.7236180904523,12
24.7236180904523,9
24.7236180904523,9
24.7236180904523,17
24.7236180904523,6
24.7236180904523,13
24.7236180904523,6
24.9246231155779,9
24.9246231155779,5
24.9246231155779,2
24.9246231155779,12
24.9246231155779,8
24.9246231155779,11
24.9246231155779,12
24.9246231155779,7
24.9246231155779,14
24.9246231155779,12
24.9246231155779,16
24.9246231155779,7
24.9246231155779,11
24.9246231155779,10
24.9246231155779,11
24.9246231155779,9
24.9246231155779,6
24.9246231155779,10
24.9246231155779,2
24.9246231155779,11
24.9246231155779,8
24.9246231155779,12
24.9246231155779,8
24.9246231155779,14
24.9246231155779,6
24.9246231155779,9
24.9246231155779,8
24.9246231155779,12
24.9246231155779,8
24.9246231155779,10
24.9246231155779,5
24.9246231155779,7
24.9246231155779,12
24.9246231155779,9
24.9246231155779,7
24.9246231155779,6
24.9246231155779,7
24.9246231155779,17
24.9246231155779,12
24.9246231155779,10
24.9246231155779,8
24.9246231155779,12
24.9246231155779,10
24.9246231155779,15
24.9246231155779,7
24.9246231155779,10
24.9246231155779,9
24.9246231155779,10
24.9246231155779,5
24.9246231155779,5
24.9246231155779,10
24.9246231155779,14
24.9246231155779,6
24.9246231155779,10
24.9246231155779,12
24.9246231155779,8
24.9246231155779,12
24.9246231155779,7
24.9246231155779,12
24.9246231155779,9
24.9246231155779,7
24.9246231155779,16
24.9246231155779,4
24.9246231155779,9
24.9246231155779,5
24.9246231155779,6
24.9246231155779,7
24.9246231155779,10
24.9246231155779,5
24.9246231155779,7
24.9246231155779,7
24.9246231155779,3
24.9246231155779,8
24.9246231155779,9
24.9246231155779,12
24.9246231155779,5
24.9246231155779,7
24.9246231155779,6
24.9246231155779,9
24.9246231155779,9
24.9246231155779,4
24.9246231155779,4
24.9246231155779,8
24.9246231155779,11
24.9246231155779,4
24.9246231155779,8
24.9246231155779,8
24.9246231155779,12
24.9246231155779,7
24.9246231155779,8
24.9246231155779,15
24.9246231155779,7
24.9246231155779,7
24.9246231155779,8
24.9246231155779,12
24.9246231155779,8
24.9246231155779,10
24.9246231155779,12
24.9246231155779,7
24.9246231155779,9
24.9246231155779,10
24.9246231155779,6
24.9246231155779,6
24.9246231155779,6
24.9246231155779,11
24.9246231155779,9
24.9246231155779,10
24.9246231155779,8
24.9246231155779,9
24.9246231155779,12
24.9246231155779,4
24.9246231155779,11
24.9246231155779,9
24.9246231155779,7
24.9246231155779,8
24.9246231155779,11
24.9246231155779,10
24.9246231155779,12
24.9246231155779,6
24.9246231155779,9
24.9246231155779,6
24.9246231155779,6
24.9246231155779,7
24.9246231155779,10
24.9246231155779,10
24.9246231155779,11
24.9246231155779,8
24.9246231155779,11
24.9246231155779,9
24.9246231155779,9
24.9246231155779,6
24.9246231155779,11
24.9246231155779,9
24.9246231155779,9
24.9246231155779,8
24.9246231155779,13
24.9246231155779,7
24.9246231155779,6
24.9246231155779,3
24.9246231155779,7
24.9246231155779,15
24.9246231155779,9
24.9246231155779,9
24.9246231155779,7
24.9246231155779,12
24.9246231155779,5
24.9246231155779,8
24.9246231155779,10
24.9246231155779,5
24.9246231155779,8
24.9246231155779,14
24.9246231155779,11
24.9246231155779,10
24.9246231155779,10
24.9246231155779,9
24.9246231155779,7
24.9246231155779,10
24.9246231155779,5
24.9246231155779,7
24.9246231155779,12
24.9246231155779,7
24.9246231155779,15
24.9246231155779,8
24.9246231155779,10
24.9246231155779,9
24.9246231155779,7
24.9246231155779,8
24.9246231155779,13
24.9246231155779,11
24.9246231155779,8
24.9246231155779,15
24.9246231155779,5
24.9246231155779,12
24.9246231155779,14
24.9246231155779,8
24.9246231155779,9
24.9246231155779,6
24.9246231155779,9
24.9246231155779,5
24.9246231155779,7
24.9246231155779,19
24.9246231155779,10
24.9246231155779,9
24.9246231155779,7
24.9246231155779,10
24.9246231155779,9
24.9246231155779,7
24.9246231155779,12
24.9246231155779,8
24.9246231155779,10
24.9246231155779,9
24.9246231155779,8
24.9246231155779,8
24.9246231155779,11
24.9246231155779,6
24.9246231155779,7
24.9246231155779,7
24.9246231155779,7
24.9246231155779,8
24.9246231155779,9
25.1256281407035,9
25.1256281407035,13
25.1256281407035,13
25.1256281407035,9
25.1256281407035,9
25.1256281407035,12
25.1256281407035,7
25.1256281407035,3
25.1256281407035,9
25.1256281407035,8
25.1256281407035,7
25.1256281407035,13
25.1256281407035,15
25.1256281407035,9
25.1256281407035,7
25.1256281407035,11
25.1256281407035,12
25.1256281407035,12
25.1256281407035,9
25.1256281407035,9
25.1256281407035,10
25.1256281407035,15
25.1256281407035,15
25.1256281407035,9
25.1256281407035,8
25.1256281407035,15
25.1256281407035,13
25.1256281407035,7
25.1256281407035,13
25.1256281407035,12
25.1256281407035,7
25.1256281407035,11
25.1256281407035,5
25.1256281407035,8
25.1256281407035,10
25.1256281407035,7
25.1256281407035,7
25.1256281407035,4
25.1256281407035,10
25.1256281407035,10
25.1256281407035,16
25.1256281407035,10
25.1256281407035,12
25.1256281407035,13
25.1256281407035,5
25.1256281407035,10
25.1256281407035,11
25.1256281407035,12
25.1256281407035,9
25.1256281407035,10
25.1256281407035,11
25.1256281407035,7
25.1256281407035,12
25.1256281407035,5
25.1256281407035,7
25.1256281407035,13
25.1256281407035,8
25.1256281407035,8
25.1256281407035,9
25.1256281407035,7
25.1256281407035,7
25.1256281407035,14
25.1256281407035,10
25.1256281407035,7
25.1256281407035,6
25.1256281407035,10
25.1256281407035,8
25.1256281407035,12
25.1256281407035,10
25.1256281407035,13
25.1256281407035,8
25.1256281407035,10
25.1256281407035,6
25.1256281407035,12
25.1256281407035,7
25.1256281407035,7
25.1256281407035,13
25.1256281407035,8
25.1256281407035,10
25.1256281407035,11
25.1256281407035,8
25.1256281407035,4
25.1256281407035,6
25.1256281407035,5
25.1256281407035,7
25.1256281407035,12
25.1256281407035,4
25.1256281407035,17
25.1256281407035,13
25.1256281407035,5
25.1256281407035,7
25.1256281407035,6
25.1256281407035,9
25.1256281407035,5
25.1256281407035,8
25.1256281407035,13
25.1256281407035,16
25.1256281407035,13
25.1256281407035,9
25.1256281407035,8
25.1256281407035,10
25.1256281407035,7
25.1256281407035,11
25.1256281407035,9
25.1256281407035,15
25.1256281407035,9
25.1256281407035,6
25.1256281407035,3
25.1256281407035,4
25.1256281407035,7
25.1256281407035,8
25.1256281407035,10
25.1256281407035,7
25.1256281407035,13
25.1256281407035,5
25.1256281407035,9
25.1256281407035,9
25.1256281407035,12
25.1256281407035,13
25.1256281407035,14
25.1256281407035,7
25.1256281407035,11
25.1256281407035,9
25.1256281407035,9
25.1256281407035,16
25.1256281407035,15
25.1256281407035,8
25.1256281407035,8
25.1256281407035,4
25.1256281407035,11
25.1256281407035,3
25.1256281407035,14
25.1256281407035,6
25.1256281407035,15
25.1256281407035,11
25.1256281407035,9
25.1256281407035,10
25.1256281407035,8
25.1256281407035,5
25.1256281407035,4
25.1256281407035,8
25.1256281407035,12
25.1256281407035,8
25.1256281407035,12
25.1256281407035,10
25.1256281407035,11
25.1256281407035,8
25.1256281407035,14
25.1256281407035,12
25.1256281407035,12
25.1256281407035,11
25.1256281407035,7
25.1256281407035,10
25.1256281407035,5
25.1256281407035,3
25.1256281407035,17
25.1256281407035,12
25.1256281407035,13
25.1256281407035,8
25.1256281407035,7
25.1256281407035,11
25.1256281407035,8
25.1256281407035,9
25.1256281407035,8
25.1256281407035,6
25.1256281407035,1
25.1256281407035,8
25.1256281407035,13
25.1256281407035,13
25.1256281407035,11
25.1256281407035,8
25.1256281407035,11
25.1256281407035,16
25.1256281407035,11
25.1256281407035,8
25.1256281407035,8
25.1256281407035,4
25.1256281407035,8
25.1256281407035,7
25.1256281407035,6
25.1256281407035,6
25.1256281407035,14
25.1256281407035,9
25.1256281407035,7
25.1256281407035,9
25.1256281407035,8
25.1256281407035,7
25.1256281407035,11
25.1256281407035,9
25.1256281407035,7
25.1256281407035,4
25.1256281407035,5
25.1256281407035,9
25.1256281407035,6
25.1256281407035,8
25.1256281407035,10
25.1256281407035,13
25.1256281407035,9
25.1256281407035,10
25.1256281407035,10
25.3266331658291,7
25.3266331658291,9
25.3266331658291,10
25.3266331658291,14
25.3266331658291,16
25.3266331658291,13
25.3266331658291,6
25.3266331658291,8
25.3266331658291,9
25.3266331658291,11
25.3266331658291,7
25.3266331658291,12
25.3266331658291,11
25.3266331658291,9
25.3266331658291,7
25.3266331658291,8
25.3266331658291,9
25.3266331658291,7
25.3266331658291,11
25.3266331658291,11
25.3266331658291,11
25.3266331658291,8
25.3266331658291,18
25.3266331658291,9
25.3266331658291,11
25.3266331658291,11
25.3266331658291,11
25.3266331658291,7
25.3266331658291,9
25.3266331658291,12
25.3266331658291,7
25.3266331658291,15
25.3266331658291,12
25.3266331658291,9
25.3266331658291,15
25.3266331658291,11
25.3266331658291,10
25.3266331658291,4
25.3266331658291,12
25.3266331658291,5
25.3266331658291,13
25.3266331658291,13
25.3266331658291,8
25.3266331658291,8
25.3266331658291,11
25.3266331658291,9
25.3266331658291,11
25.3266331658291,9
25.3266331658291,6
25.3266331658291,7
25.3266331658291,12
25.3266331658291,16
25.3266331658291,5
25.3266331658291,3
25.3266331658291,6
25.3266331658291,5
25.3266331658291,11
25.3266331658291,7
25.3266331658291,14
25.3266331658291,4
25.3266331658291,8
25.3266331658291,8
25.3266331658291,6
25.3266331658291,15
25.3266331658291,8
25.3266331658291,13
25.3266331658291,9
25.3266331658291,11
25.3266331658291,6
25.3266331658291,11
25.3266331658291,5
25.3266331658291,7
25.3266331658291,7
25.3266331658291,14
25.3266331658291,12
25.3266331658291,7
25.3266331658291,8
25.3266331658291,10
25.3266331658291,11
25.3266331658291,10
25.3266331658291,9
25.3266331658291,7
25.3266331658291,10
25.3266331658291,6
25.3266331658291,11
25.3266331658291,10
25.3266331658291,6
25.3266331658291,13
25.3266331658291,8
25.3266331658291,6
25.3266331658291,10
25.3266331658291,16
25.3266331658291,9
25.3266331658291,11
25.3266331658291,8
25.3266331658291,10
25.3266331658291,7
25.3266331658291,7
25.3266331658291,15
25.3266331658291,12
25.3266331658291,7
25.3266331658291,11
25.3266331658291,9
25.3266331658291,8
25.3266331658291,13
25.3266331658291,7
25.3266331658291,9
25.3266331658291,9
25.3266331658291,13
25.3266331658291,5
25.3266331658291,10
25.3266331658291,9
25.3266331658291,11
25.3266331658291,8
25.3266331658291,9
25.3266331658291,12
25.3266331658291,12
25.3266331658291,8
25.3266331658291,6
25.3266331658291,7
25.3266331658291,9
25.3266331658291,5
25.3266331658291,8
25.3266331658291,11
25.3266331658291,9
25.3266331658291,13
25.3266331658291,7
25.3266331658291,11
25.3266331658291,7
25.3266331658291,7
25.3266331658291,9
25.3266331658291,8
25.3266331658291,5
25.3266331658291,18
25.3266331658291,12
25.3266331658291,7
25.3266331658291,9
25.3266331658291,12
25.3266331658291,6
25.3266331658291,8
25.3266331658291,10
25.3266331658291,5
25.3266331658291,9
25.3266331658291,10
25.3266331658291,2
25.3266331658291,11
25.3266331658291,10
25.3266331658291,14
25.3266331658291,7
25.3266331658291,10
25.3266331658291,12
25.3266331658291,8
25.3266331658291,5
25.3266331658291,8
25.3266331658291,16
25.3266331658291,6
25.3266331658291,9
25.3266331658291,11
25.3266331658291,9
25.3266331658291,9
25.3266331658291,11
25.3266331658291,5
25.3266331658291,5
25.3266331658291,14
25.3266331658291,13
25.3266331658291,2
25.3266331658291,14
25.3266331658291,14
25.3266331658291,11
25.3266331658291,12
25.3266331658291,8
25.3266331658291,7
25.3266331658291,9
25.3266331658291,12
25.3266331658291,11
25.3266331658291,9
25.3266331658291,11
25.3266331658291,7
25.3266331658291,12
25.3266331658291,11
25.3266331658291,8
25.3266331658291,5
25.3266331658291,10
25.3266331658291,8
25.3266331658291,11
25.3266331658291,7
25.3266331658291,11
25.3266331658291,8
25.3266331658291,7
25.3266331658291,8
25.3266331658291,12
25.3266331658291,12
25.3266331658291,4
25.3266331658291,9
25.3266331658291,10
25.3266331658291,10
25.3266331658291,8
25.3266331658291,7
25.3266331658291,10
25.3266331658291,11
25.5276381909548,7
25.5276381909548,7
25.5276381909548,7
25.5276381909548,10
25.5276381909548,10
25.5276381909548,9
25.5276381909548,9
25.5276381909548,13
25.5276381909548,9
25.5276381909548,15
25.5276381909548,9
25.5276381909548,8
25.5276381909548,11
25.5276381909548,2
25.5276381909548,8
25.5276381909548,10
25.5276381909548,16
25.5276381909548,9
25.5276381909548,12
25.5276381909548,11
25.5276381909548,14
25.5276381909548,10
25.5276381909548,13
25.5276381909548,7
25.5276381909548,12
25.5276381909548,7
25.5276381909548,9
25.5276381909548,14
25.5276381909548,13
25.5276381909548,13
25.5276381909548,8
25.5276381909548,9
25.5276381909548,10
25.5276381909548,12
25.5276381909548,8
25.5276381909548,11
25.5276381909548,11
25.5276381909548,8
25.5276381909548,9
25.5276381909548,12
25.5276381909548,10
25.5276381909548,8
25.5276381909548,8
25.5276381909548,5
25.5276381909548,6
25.5276381909548,10
25.5276381909548,8
25.5276381909548,6
25.5276381909548,9
25.5276381909548,8
25.5276381909548,6
25.5276381909548,9
25.5276381909548,2
25.5276381909548,9
25.5276381909548,9
25.5276381909548,9
25.5276381909548,8
25.5276381909548,7
25.5276381909548,9
25.5276381909548,7
25.5276381909548,8
25.5276381909548,10
25.5276381909548,8
25.5276381909548,7
25.5276381909548,14
25.5276381909548,7
25.5276381909548,7
25.5276381909548,7
25.5276381909548,2
25.5276381909548,8
25.5276381909548,14
25.5276381909548,10
25.5276381909548,7
25.5276381909548,9
25.5276381909548,6
25.5276381909548,7
25.5276381909548,13
25.5276381909548,11
25.5276381909548,4
25.5276381909548,8
25.5276381909548,9
25.5276381909548,13
25.5276381909548,11
25.5276381909548,12
25.5276381909548,11
25.5276381909548,12
25.5276381909548,17
25.5276381909548,4
25.5276381909548,6
25.5276381909548,7
25.5276381909548,10
25.5276381909548,9
25.5276381909548,7
25.5276381909548,11
25.5276381909548,9
25.5276381909548,9
25.5276381909548,15
25.5276381909548,8
25.5276381909548,6
25.5276381909548,6
25.5276381909548,9
25.5276381909548,10
25.5276381909548,14
25.5276381909548,2
25.5276381909548,9
25.5276381909548,10
25.5276381909548,6
25.5276381909548,12
25.5276381909548,4
25.5276381909548,7
25.5276381909548,10
25.5276381909548,11
25.5276381909548,12
25.5276381909548,8
25.5276381909548,9
25.5276381909548,13
25.5276381909548,8
25.5276381909548,5
25.5276381909548,4
25.5276381909548,7
25.5276381909548,9
25.5276381909548,11
25.5276381909548,8
25.5276381909548,11
25.5276381909548,12
25.5276381909548,9
25.5276381909548,9
25.5276381909548,9
25.5276381909548,6
25.5276381909548,7
25.5276381909548,9
25.5276381909548,8
25.5276381909548,11
25.5276381909548,11
25.5276381909548,14
25.5276381909548,6
25.5276381909548,11
25.5276381909548,10
25.5276381909548,11
25.5276381909548,14
25.5276381909548,14
25.5276381909548,14
25.5276381909548,11
25.5276381909548,13
25.5276381909548,8
25.5276381909548,7
25.5276381909548,8
25.5276381909548,5
25.5276381909548,9
25.5276381909548,12
25.5276381909548,8
25.5276381909548,8
25.5276381909548,13
25.5276381909548,10
25.5276381909548,11
25.5276381909548,13
25.5276381909548,7
25.5276381909548,11
25.5276381909548,11
25.5276381909548,17
25.5276381909548,9
25.5276381909548,9
25.5276381909548,12
25.5276381909548,7
25.5276381909548,7
25.5276381909548,8
25.5276381909548,5
25.5276381909548,13
25.5276381909548,6
25.5276381909548,9
25.5276381909548,10
25.5276381909548,8
25.5276381909548,7
25.5276381909548,9
25.5276381909548,5
25.5276381909548,10
25.5276381909548,16
25.5276381909548,10
25.5276381909548,13
25.5276381909548,8
25.5276381909548,9
25.5276381909548,7
25.5276381909548,4
25.5276381909548,14
25.5276381909548,12
25.5276381909548,8
25.5276381909548,11
25.5276381909548,6
25.5276381909548,5
25.5276381909548,10
25.5276381909548,12
25.5276381909548,9
25.5276381909548,9
25.5276381909548,16
25.5276381909548,7
25.5276381909548,12
25.5276381909548,11
25.5276381909548,7
25.5276381909548,7
25.5276381909548,11
25.7286432160804,10
25.7286432160804,16
25.7286432160804,7
25.7286432160804,7
25.7286432160804,8
25.7286432160804,6
25.7286432160804,12
25.7286432160804,10
25.7286432160804,11
25.7286432160804,10
25.7286432160804,4
25.7286432160804,13
25.7286432160804,14
25.7286432160804,7
25.7286432160804,12
25.7286432160804,8
25.7286432160804,8
25.7286432160804,10
25.7286432160804,7
25.7286432160804,10
25.7286432160804,11
25.7286432160804,12
25.7286432160804,11
25.7286432160804,9
25.7286432160804,3
25.7286432160804,6
25.7286432160804,7
25.7286432160804,7
25.7286432160804,6
25.7286432160804,9
25.7286432160804,5
25.7286432160804,5
25.7286432160804,12
25.7286432160804,6
25.7286432160804,8
25.7286432160804,9
25.7286432160804,8
25.7286432160804,9
25.7286432160804,7
25.7286432160804,12
25.7286432160804,6
25.7286432160804,8
25.7286432160804,7
25.7286432160804,16
25.7286432160804,9
25.7286432160804,9
25.7286432160804,12
25.7286432160804,5
25.7286432160804,7
25.7286432160804,11
25.7286432160804,6
25.7286432160804,6
25.7286432160804,8
25.7286432160804,11
25.7286432160804,9
25.7286432160804,4
25.7286432160804,7
25.7286432160804,13
25.7286432160804,9
25.7286432160804,11
25.7286432160804,10
25.7286432160804,11
25.7286432160804,10
25.7286432160804,11
25.7286432160804,17
25.7286432160804,13
25.7286432160804,7
25.7286432160804,10
25.7286432160804,6
25.7286432160804,8
25.7286432160804,9
25.7286432160804,12
25.7286432160804,9
25.7286432160804,10
25.7286432160804,9
25.7286432160804,11
25.7286432160804,6
25.7286432160804,9
25.7286432160804,7
25.7286432160804,5
25.7286432160804,6
25.7286432160804,11
25.7286432160804,8
25.7286432160804,11
25.7286432160804,12
25.7286432160804,18
25.7286432160804,9
25.7286432160804,10
25.7286432160804,5
25.7286432160804,15
25.7286432160804,12
25.7286432160804,10
25.7286432160804,8
25.7286432160804,9
25.7286432160804,9
25.7286432160804,9
25.7286432160804,10
25.7286432160804,7
25.7286432160804,12
25.7286432160804,9
25.7286432160804,9
25.7286432160804,5
25.7286432160804,14
25.7286432160804,10
25.7286432160804,7
25.7286432160804,11
25.7286432160804,4
25.7286432160804,12
25.7286432160804,11
25.7286432160804,10
25.7286432160804,7
25.7286432160804,7
25.7286432160804,5
25.7286432160804,10
25.7286432160804,6
25.7286432160804,13
25.7286432160804,8
25.7286432160804,10
25.7286432160804,13
25.7286432160804,14
25.7286432160804,9
25.7286432160804,11
25.7286432160804,11
25.7286432160804,7
25.7286432160804,6
25.7286432160804,8
25.7286432160804,7
25.7286432160804,9
25.7286432160804,12
25.7286432160804,16
25.7286432160804,8
25.7286432160804,8
25.7286432160804,14
25.7286432160804,5
25.7286432160804,8
25.7286432160804,10
25.7286432160804,9
25.7286432160804,3
25.7286432160804,9
25.7286432160804,11
25.7286432160804,7
25.7286432160804,9
25.7286432160804,7
25.7286432160804,11
25.7286432160804,10
25.7286432160804,6
25.7286432160804,9
25.7286432160804,11
25.7286432160804,14
25.7286432160804,11
25.7286432160804,6
25.7286432160804,11
25.7286432160804,11
25.7286432160804,5
25.7286432160804,10
25.7286432160804,14
25.7286432160804,8
25.7286432160804,6
25.7286432160804,8
25.7286432160804,13
25.7286432160804,10
25.7286432160804,7
25.7286432160804,11
25.7286432160804,9
25.7286432160804,11
25.7286432160804,9
25.7286432160804,14
25.7286432160804,5
25.7286432160804,10
25.7286432160804,10
25.7286432160804,13
25.7286432160804,7
25.7286432160804,6
25.7286432160804,9
25.7286432160804,10
25.7286432160804,8
25.7286432160804,16
25.7286432160804,13
25.7286432160804,8
25.7286432160804,9
25.7286432160804,8
25.7286432160804,9
25.7286432160804,6
25.7286432160804,11
25.7286432160804,8
25.7286432160804,10
25.7286432160804,10
25.7286432160804,7
25.7286432160804,8
25.7286432160804,14
25.7286432160804,9
25.7286432160804,12
25.7286432160804,8
25.7286432160804,9
25.7286432160804,4
25.7286432160804,11
25.7286432160804,7
25.7286432160804,9
25.7286432160804,6
25.7286432160804,6
25.929648241206,14
25.929648241206,7
25.929648241206,15
25.929648241206,15
25.929648241206,13
25.929648241206,6
25.929648241206,6
25.929648241206,16
25.929648241206,6
25.929648241206,8
25.929648241206,14
25.929648241206,7
25.929648241206,13
25.929648241206,7
25.929648241206,8
25.929648241206,11
25.929648241206,5
25.929648241206,11
25.929648241206,6
25.929648241206,4
25.929648241206,10
25.929648241206,5
25.929648241206,14
25.929648241206,8
25.929648241206,11
25.929648241206,6
25.929648241206,7
25.929648241206,9
25.929648241206,13
25.929648241206,10
25.929648241206,4
25.929648241206,10
25.929648241206,9
25.929648241206,7
25.929648241206,5
25.929648241206,9
25.929648241206,11
25.929648241206,8
25.929648241206,7
25.929648241206,7
25.929648241206,8
25.929648241206,14
25.929648241206,8
25.929648241206,13
25.929648241206,9
25.929648241206,9
25.929648241206,8
25.929648241206,14
25.929648241206,13
25.929648241206,12
25.929648241206,15
25.929648241206,4
25.929648241206,11
25.929648241206,17
25.929648241206,8
25.929648241206,12
25.929648241206,13
25.929648241206,11
25.929648241206,10
25.929648241206,10
25.929648241206,5
25.929648241206,7
25.929648241206,13
25.929648241206,7
25.929648241206,6
25.929648241206,18
25.929648241206,8
25.929648241206,11
25.929648241206,12
25.929648241206,9
25.929648241206,12
25.929648241206,7
25.929648241206,8
25.929648241206,10
25.929648241206,6
25.929648241206,4
25.929648241206,13
25.929648241206,7
25.929648241206,9
25.929648241206,13
25.929648241206,9
25.929648241206,10
25.929648241206,7
25.929648241206,12
25.929648241206,5
25.929648241206,6
25.929648241206,12
25.929648241206,11
25.929648241206,10
25.929648241206,14
25.929648241206,12
25.929648241206,10
25.929648241206,7
25.929648241206,12
25.929648241206,10
25.929648241206,10
25.929648241206,4
25.929648241206,15
25.929648241206,12
25.929648241206,8
25.929648241206,13
25.929648241206,9
25.929648241206,7
25.929648241206,8
25.929648241206,11
25.929648241206,7
25.929648241206,11
25.929648241206,10
25.929648241206,11
25.929648241206,8
25.929648241206,5
25.929648241206,6
25.929648241206,10
25.929648241206,12
25.929648241206,5
25.929648241206,8
25.929648241206,14
25.929648241206,8
25.929648241206,11
25.929648241206,9
25.929648241206,11
25.929648241206,8
25.929648241206,6
25.929648241206,10
25.929648241206,7
25.929648241206,9
25.929648241206,11
25.929648241206,8
25.929648241206,5
25.929648241206,10
25.929648241206,9
25.929648241206,11
25.929648241206,11
25.929648241206,11
25.929648241206,7
25.929648241206,15
25.929648241206,6
25.929648241206,7
25.929648241206,5
25.929648241206,5
25.929648241206,10
25.929648241206,10
25.929648241206,13
25.929648241206,10
25.929648241206,9
25.929648241206,7
25.929648241206,9
25.929648241206,12
25.929648241206,11
25.929648241206,12
25.929648241206,14
25.929648241206,12
25.929648241206,13
25.929648241206,16
25.929648241206,9
25.929648241206,8
25.929648241206,13
25.929648241206,8
25.929648241206,7
25.929648241206,8
25.929648241206,13
25.929648241206,6
25.929648241206,6
25.929648241206,10
25.929648241206,18
25.929648241206,12
25.929648241206,8
25.929648241206,7
25.929648241206,8
25.929648241206,10
25.929648241206,7
25.929648241206,19
25.929648241206,11
25.929648241206,5
25.929648241206,10
25.929648241206,9
25.929648241206,9
25.929648241206,8
25.929648241206,10
25.929648241206,11
25.929648241206,7
25.929648241206,8
25.929648241206,6
25.929648241206,9
25.929648241206,13
25.929648241206,7
25.929648241206,7
25.929648241206,8
25.929648241206,11
25.929648241206,8
25.929648241206,14
25.929648241206,10
25.929648241206,10
25.929648241206,13
25.929648241206,8
25.929648241206,11
25.929648241206,12
25.929648241206,7
25.929648241206,7
25.929648241206,7
26.1306532663317,10
26.1306532663317,10
26.1306532663317,18
26.1306532663317,5
26.1306532663317,9
26.1306532663317,13
26.1306532663317,9
26.1306532663317,11
26.1306532663317,3
26.1306532663317,10
26.1306532663317,6
26.1306532663317,17
26.1306532663317,12
26.1306532663317,5
26.1306532663317,11
26.1306532663317,11
26.1306532663317,14
26.1306532663317,14
26.1306532663317,7
26.1306532663317,9
26.1306532663317,6
26.1306532663317,8
26.1306532663317,10
26.1306532663317,5
26.1306532663317,3
26.1306532663317,7
26.1306532663317,6
26.1306532663317,13
26.1306532663317,11
26.1306532663317,8
26.1306532663317,16
26.1306532663317,9
26.1306532663317,10
26.1306532663317,9
26.1306532663317,8
26.1306532663317,7
26.1306532663317,7
26.1306532663317,12
26.1306532663317,11
26.1306532663317,14
26.1306532663317,5
26.1306532663317,7
26.1306532663317,13
26.1306532663317,11
26.1306532663317,13
26.1306532663317,9
26.1306532663317,7
26.1306532663317,5
26.1306532663317,7
26.1306532663317,7
26.1306532663317,10
26.1306532663317,14
26.1306532663317,6
26.1306532663317,10
26.1306532663317,13
26.1306532663317,3
26.1306532663317,8
26.1306532663317,17
26.1306532663317,10
26.1306532663317,10
26.1306532663317,6
26.1306532663317,9
26.1306532663317,9
26.1306532663317,8
26.1306532663317,12
26.1306532663317,12
26.1306532663317,7
26.1306532663317,8
26.1306532663317,9
26.1306532663317,10
26.1306532663317,16
26.1306532663317,13
26.1306532663317,10
26.1306532663317,16
26.1306532663317,13
26.1306532663317,10
26.1306532663317,9
26.1306532663317,8
26.1306532663317,6
26.1306532663317,7
26.1306532663317,9
26.1306532663317,7
26.1306532663317,9
26.1306532663317,8
26.1306532663317,5
26.1306532663317,8
26.1306532663317,9
26.1306532663317,10
26.1306532663317,15
26.1306532663317,9
26.1306532663317,12
26.1306532663317,11
26.1306532663317,10
26.1306532663317,8
26.1306532663317,10
26.1306532663317,11
26.1306532663317,5
26.1306532663317,10
26.1306532663317,9
26.1306532663317,10
26.1306532663317,8
26.1306532663317,12
26.1306532663317,6
26.1306532663317,5
26.1306532663317,11
26.1306532663317,14
26.1306532663317,9
26.1306532663317,12
26.1306532663317,9
26.1306532663317,11
26.1306532663317,10
26.1306532663317,14
26.1306532663317,11
26.1306532663317,8
26.1306532663317,9
26.1306532663317,10
26.1306532663317,12
26.1306532663317,6
26.1306532663317,13
26.1306532663317,11
26.1306532663317,13
26.1306532663317,11
26.1306532663317,10
26.1306532663317,8
26.1306532663317,10
26.1306532663317,8
26.1306532663317,7
26.1306532663317,11
26.1306532663317,16
26.1306532663317,5
26.1306532663317,9
26.1306532663317,7
26.1306532663317,10
26.1306532663317,12
26.1306532663317,8
26.1306532663317,10
26.1306532663317,11
26.1306532663317,15
26.1306532663317,10
26.1306532663317,5
26.1306532663317,5
26.1306532663317,14
26.1306532663317,9
26.1306532663317,11
26.1306532663317,14
26.1306532663317,7
26.1306532663317,14
26.1306532663317,9
26.1306532663317,14
26.1306532663317,13
26.1306532663317,10
26.1306532663317,5
26.1306532663317,9
26.1306532663317,8
26.1306532663317,4
26.1306532663317,6
26.1306532663317,12
26.1306532663317,9
26.1306532663317,12
26.1306532663317,15
26.1306532663317,8
26.1306532663317,5
26.1306532663317,7
26.1306532663317,7
26.1306532663317,9
26.1306532663317,5
26.1306532663317,13
26.1306532663317,6
26.1306532663317,7
26.1306532663317,7
26.1306532663317,8
26.1306532663317,21
26.1306532663317,12
26.1306532663317,9
26.1306532663317,9
26.1306532663317,11
26.1306532663317,9
26.1306532663317,10
26.1306532663317,7
26.1306532663317,10
26.1306532663317,9
26.1306532663317,10
26.1306532663317,10
26.1306532663317,9
26.1306532663317,13
26.1306532663317,15
26.1306532663317,11
26.1306532663317,7
26.1306532663317,9
26.1306532663317,9
26.1306532663317,11
26.1306532663317,15
26.1306532663317,8
26.1306532663317,8
26.1306532663317,8
26.1306532663317,15
26.1306532663317,8
26.1306532663317,8
26.1306532663317,5
26.1306532663317,7
26.3316582914573,6
26.3316582914573,8
26.3316582914573,5
26.3316582914573,10
26.3316582914573,13
26.3316582914573,10
26.3316582914573,10
26.3316582914573,9
26.3316582914573,10
26.3316582914573,8
26.3316582914573,14
26.3316582914573,11
26.3316582914573,9
26.3316582914573,10
26.3316582914573,8
26.3316582914573,7
26.3316582914573,8
26.3316582914573,9
26.3316582914573,9
26.3316582914573,8
26.3316582914573,9
26.3316582914573,8
26.3316582914573,10
26.3316582914573,12
26.3316582914573,6
26.3316582914573,6
26.3316582914573,8
26.3316582914573,8
26.3316582914573,9
26.3316582914573,5
26.3316582914573,9
26.3316582914573,6
26.3316582914573,11
26.3316582914573,13
26.3316582914573,9
26.3316582914573,8
26.3316582914573,13
26.3316582914573,9
26.3316582914573,8
26.3316582914573,9
26.3316582914573,8
26.3316582914573,6
26.3316582914573,9
26.3316582914573,10
26.3316582914573,6
26.3316582914573,12
26.3316582914573,5
26.3316582914573,12
26.3316582914573,6
26.3316582914573,12
26.3316582914573,12
26.3316582914573,6
26.3316582914573,9
26.3316582914573,9
26.3316582914573,16
26.3316582914573,7
26.3316582914573,4
26.3316582914573,5
26.3316582914573,10
26.3316582914573,6
26.3316582914573,7
26.3316582914573,6
26.3316582914573,6
26.3316582914573,10
26.3316582914573,10
26.3316582914573,8
26.3316582914573,8
26.3316582914573,10
26.3316582914573,5
26.3316582914573,12
26.3316582914573,10
26.3316582914573,6
26.3316582914573,9
26.3316582914573,8
26.3316582914573,5
26.3316582914573,9
26.3316582914573,15
26.3316582914573,10
26.3316582914573,4
26.3316582914573,10
26.3316582914573,10
26.3316582914573,9
26.3316582914573,10
26.3316582914573,11
26.3316582914573,11
26.3316582914573,10
26.3316582914573,5
26.3316582914573,14
26.3316582914573,5
26.3316582914573,12
26.3316582914573,17
26.3316582914573,4
26.3316582914573,11
26.3316582914573,9
26.3316582914573,10
26.3316582914573,7
26.3316582914573,9
26.3316582914573,16
26.3316582914573,8
26.3316582914573,7
26.3316582914573,19
26.3316582914573,11
26.3316582914573,12
26.3316582914573,15
26.3316582914573,7
26.3316582914573,4
26.3316582914573,5
26.3316582914573,10
26.3316582914573,10
26.3316582914573,11
26.3316582914573,5
26.3316582914573,14
26.3316582914573,7
26.3316582914573,6
26.3316582914573,10
26.3316582914573,4
26.3316582914573,11
26.3316582914573,3
26.3316582914573,5
26.3316582914573,8
26.3316582914573,13
26.3316582914573,14
26.3316582914573,4
26.3316582914573,9
26.3316582914573,4
26.3316582914573,14
26.3316582914573,9
26.3316582914573,7
26.3316582914573,14
26.3316582914573,6
26.3316582914573,9
26.3316582914573,7
26.3316582914573,13
26.3316582914573,13
26.3316582914573,6
26.3316582914573,9
26.3316582914573,7
26.3316582914573,8
26.3316582914573,10
26.3316582914573,6
26.3316582914573,12
26.3316582914573,10
26.3316582914573,6
26.3316582914573,15
26.3316582914573,6
26.3316582914573,9
26.3316582914573,11
26.3316582914573,13
26.3316582914573,5
26.3316582914573,4
26.3316582914573,7
26.3316582914573,8
26.3316582914573,8
26.3316582914573,14
26.3316582914573,11
26.3316582914573,6
26.3316582914573,4
26.3316582914573,9
26.3316582914573,11
26.3316582914573,8
26.3316582914573,8
26.3316582914573,5
26.3316582914573,4
26.3316582914573,11
26.3316582914573,11
26.3316582914573,11
26.3316582914573,12
26.3316582914573,16
26.3316582914573,9
26.3316582914573,8
26.3316582914573,11
26.3316582914573,11
26.3316582914573,6
26.3316582914573,7
26.3316582914573,11
26.3316582914573,7
26.3316582914573,9
26.3316582914573,10
26.3316582914573,10
26.3316582914573,5
26.3316582914573,16
26.3316582914573,6
26.3316582914573,12
26.3316582914573,11
26.3316582914573,9
26.3316582914573,6
26.3316582914573,16
26.3316582914573,12
26.3316582914573,2
26.3316582914573,10
26.3316582914573,10
26.3316582914573,8
26.3316582914573,3
26.3316582914573,8
26.3316582914573,9
26.3316582914573,12
26.3316582914573,13
26.3316582914573,14
26.3316582914573,6
26.3316582914573,8
26.5326633165829,13
26.5326633165829,5
26.5326633165829,9
26.5326633165829,11
26.5326633165829,9
26.5326633165829,9
26.5326633165829,8
26.5326633165829,14
26.5326633165829,6
26.5326633165829,7
26.5326633165829,11
26.5326633165829,8
26.5326633165829,13
26.5326633165829,5
26.5326633165829,9
26.5326633165829,7
26.5326633165829,10
26.5326633165829,8
26.5326633165829,7
26.5326633165829,10
26.5326633165829,8
26.5326633165829,4
26.5326633165829,7
26.5326633165829,6
26.5326633165829,11
26.5326633165829,8
26.5326633165829,14
26.5326633165829,11
26.5326633165829,9
26.5326633165829,11
26.5326633165829,11
26.5326633165829,6
26.5326633165829,7
26.5326633165829,14
26.5326633165829,9
26.5326633165829,4
26.5326633165829,11
26.5326633165829,11
26.5326633165829,7
26.5326633165829,4
26.5326633165829,8
26.5326633165829,6
26.5326633165829,6
26.5326633165829,11
26.5326633165829,7
26.5326633165829,2
26.5326633165829,10
26.5326633165829,9
26.5326633165829,6
26.5326633165829,8
26.5326633165829,9
26.5326633165829,11
26.5326633165829,6
26.5326633165829,15
26.5326633165829,6
26.5326633165829,10
26.5326633165829,5
26.5326633165829,15
26.5326633165829,8
26.5326633165829,9
26.5326633165829,15
26.5326633165829,9
26.5326633165829,10
26.5326633165829,7
26.5326633165829,9
26.5326633165829,11
26.5326633165829,14
26.5326633165829,12
26.5326633165829,10
26.5326633165829,9
26.5326633165829,8
26.5326633165829,6
26.5326633165829,11
26.5326633165829,11
26.5326633165829,6
26.5326633165829,7
26.5326633165829,9
26.5326633165829,10
26.5326633165829,6
26.5326633165829,6
26.5326633165829,2
26.5326633165829,11
26.5326633165829,5
26.5326633165829,8
26.5326633165829,5
26.5326633165829,10
26.5326633165829,12
26.5326633165829,14
26.5326633165829,10
26.5326633165829,6
26.5326633165829,11
26.5326633165829,11
26.5326633165829,8
26.5326633165829,5
26.5326633165829,12
26.5326633165829,9
26.5326633165829,8
26.5326633165829,6
26.5326633165829,12
26.5326633165829,11
26.5326633165829,8
26.5326633165829,10
26.5326633165829,9
26.5326633165829,9
26.5326633165829,9
26.5326633165829,12
26.5326633165829,10
26.5326633165829,8
26.5326633165829,10
26.5326633165829,5
26.5326633165829,9
26.5326633165829,18
26.5326633165829,11
26.5326633165829,13
26.5326633165829,12
26.5326633165829,8
26.5326633165829,8
26.5326633165829,5
26.5326633165829,9
26.5326633165829,10
26.5326633165829,5
26.5326633165829,8
26.5326633165829,5
26.5326633165829,6
26.5326633165829,5
26.5326633165829,10
26.5326633165829,14
26.5326633165829,9
26.5326633165829,7
26.5326633165829,4
26.5326633165829,15
26.5326633165829,6
26.5326633165829,13
26.5326633165829,6
26.5326633165829,11
26.5326633165829,10
26.5326633165829,11
26.5326633165829,8
26.5326633165829,10
26.5326633165829,8
26.5326633165829,12
26.5326633165829,6
26.5326633165829,9
26.5326633165829,5
26.5326633165829,11
26.5326633165829,10
26.5326633165829,11
26.5326633165829,8
26.5326633165829,6
26.5326633165829,13
26.5326633165829,8
26.5326633165829,8
26.5326633165829,13
26.5326633165829,6
26.5326633165829,9
26.5326633165829,11
26.5326633165829,8
26.5326633165829,9
26.5326633165829,6
26.5326633165829,8
26.5326633165829,11
26.5326633165829,8
26.5326633165829,10
26.5326633165829,7
26.5326633165829,12
26.5326633165829,9
26.5326633165829,11
26.5326633165829,7
26.5326633165829,8
26.5326633165829,14
26.5326633165829,6
26.5326633165829,7
26.5326633165829,10
26.5326633165829,11
26.5326633165829,15
26.5326633165829,14
26.5326633165829,15
26.5326633165829,8
26.5326633165829,15
26.5326633165829,4
26.5326633165829,9
26.5326633165829,9
26.5326633165829,10
26.5326633165829,11
26.5326633165829,9
26.5326633165829,3
26.5326633165829,9
26.5326633165829,13
26.5326633165829,13
26.5326633165829,9
26.5326633165829,11
26.5326633165829,18
26.5326633165829,4
26.5326633165829,10
26.5326633165829,17
26.5326633165829,8
26.5326633165829,10
26.5326633165829,8
26.5326633165829,5
26.5326633165829,8
26.7336683417085,7
26.7336683417085,6
26.7336683417085,4
26.7336683417085,9
26.7336683417085,10
26.7336683417085,12
26.7336683417085,8
26.7336683417085,9
26.7336683417085,10
26.7336683417085,13
26.7336683417085,12
26.7336683417085,9
26.7336683417085,5
26.7336683417085,13
26.7336683417085,11
26.7336683417085,9
26.7336683417085,13
26.7336683417085,8
26.7336683417085,10
26.7336683417085,12
26.7336683417085,10
26.7336683417085,12
26.7336683417085,11
26.7336683417085,10
26.7336683417085,6
26.7336683417085,10
26.7336683417085,6
26.7336683417085,7
26.7336683417085,13
26.7336683417085,11
26.7336683417085,8
26.7336683417085,12
26.7336683417085,7
26.7336683417085,10
26.7336683417085,11
26.7336683417085,9
26.7336683417085,9
26.7336683417085,13
26.7336683417085,6
26.7336683417085,11
26.7336683417085,10
26.7336683417085,9
26.7336683417085,13
26.7336683417085,15
26.7336683417085,7
26.7336683417085,7
26.7336683417085,7
26.7336683417085,6
26.7336683417085,13
26.7336683417085,10
26.7336683417085,9
26.7336683417085,11
26.7336683417085,10
26.7336683417085,12
26.7336683417085,9
26.7336683417085,12
26.7336683417085,9
26.7336683417085,8
26.7336683417085,6
26.7336683417085,6
26.7336683417085,9
26.7336683417085,5
26.7336683417085,12
26.7336683417085,10
26.7336683417085,8
26.7336683417085,10
26.7336683417085,14
26.7336683417085,7
26.7336683417085,6
26.7336683417085,7
26.7336683417085,13
26.7336683417085,9
26.7336683417085,7
26.7336683417085,5
26.7336683417085,7
26.7336683417085,12
26.7336683417085,7
26.7336683417085,10
26.7336683417085,9
26.7336683417085,10
26.7336683417085,10
26.7336683417085,9
26.7336683417085,5
26.7336683417085,11
26.7336683417085,7
26.7336683417085,8
26.7336683417085,8
26.7336683417085,4
26.7336683417085,8
26.7336683417085,13
26.7336683417085,13
26.7336683417085,4
26.7336683417085,6
26.7336683417085,10
26.7336683417085,11
26.7336683417085,8
26.7336683417085,9
26.7336683417085,6
26.7336683417085,6
26.7336683417085,14
26.7336683417085,9
26.7336683417085,3
26.7336683417085,12
26.7336683417085,6
26.7336683417085,9
26.7336683417085,8
26.7336683417085,11
26.7336683417085,17
26.7336683417085,11
26.7336683417085,11
26.7336683417085,9
26.7336683417085,12
26.7336683417085,8
26.7336683417085,13
26.7336683417085,7
26.7336683417085,11
26.7336683417085,14
26.7336683417085,7
26.7336683417085,4
26.7336683417085,13
26.7336683417085,6
26.7336683417085,9
26.7336683417085,11
26.7336683417085,11
26.7336683417085,9
26.7336683417085,11
26.7336683417085,11
26.7336683417085,7
26.7336683417085,16
26.7336683417085,9
26.7336683417085,10
26.7336683417085,8
26.7336683417085,10
26.7336683417085,10
26.7336683417085,7
26.7336683417085,10
26.7336683417085,13
26.7336683417085,8
26.7336683417085,4
26.7336683417085,7
26.7336683417085,6
26.7336683417085,9
26.7336683417085,5
26.7336683417085,18
26.7336683417085,11
26.7336683417085,12
26.7336683417085,6
26.7336683417085,10
26.7336683417085,8
26.7336683417085,13
26.7336683417085,9
26.7336683417085,6
26.7336683417085,11
26.7336683417085,9
26.7336683417085,6
26.7336683417085,10
26.7336683417085,9
26.7336683417085,9
26.7336683417085,12
26.7336683417085,10
26.7336683417085,11
26.7336683417085,13
26.7336683417085,10
26.7336683417085,10
26.7336683417085,14
26.7336683417085,10
26.7336683417085,13
26.7336683417085,8
26.7336683417085,14
26.7336683417085,7
26.7336683417085,10
26.7336683417085,10
26.7336683417085,9
26.7336683417085,5
26.7336683417085,10
26.7336683417085,6
26.7336683417085,6
26.7336683417085,14
26.7336683417085,9
26.7336683417085,11
26.7336683417085,9
26.7336683417085,11
26.7336683417085,5
26.7336683417085,8
26.7336683417085,11
26.7336683417085,10
26.7336683417085,9
26.7336683417085,9
26.7336683417085,8
26.7336683417085,9
26.7336683417085,11
26.7336683417085,11
26.7336683417085,9
26.7336683417085,13
26.7336683417085,7
26.7336683417085,8
26.7336683417085,10
26.7336683417085,9
26.7336683417085,12
26.7336683417085,11
26.9346733668342,9
26.9346733668342,4
26.9346733668342,14
26.9346733668342,6
26.9346733668342,10
26.9346733668342,8
26.9346733668342,11
26.9346733668342,7
26.9346733668342,12
26.9346733668342,6
26.9346733668342,14
26.9346733668342,5
26.9346733668342,11
26.9346733668342,10
26.9346733668342,6
26.9346733668342,13
26.9346733668342,10
26.9346733668342,5
26.9346733668342,15
26.9346733668342,13
26.9346733668342,9
26.9346733668342,8
26.9346733668342,10
26.9346733668342,11
26.9346733668342,9
26.9346733668342,7
26.9346733668342,8
26.9346733668342,12
26.9346733668342,8
26.9346733668342,9
26.9346733668342,9
26.9346733668342,6
26.9346733668342,12
26.9346733668342,8
26.9346733668342,8
26.9346733668342,9
26.9346733668342,9
26.9346733668342,8
26.9346733668342,7
26.9346733668342,14
26.9346733668342,11
26.9346733668342,14
26.9346733668342,5
26.9346733668342,10
26.9346733668342,7
26.9346733668342,10
26.9346733668342,12
26.9346733668342,12
26.9346733668342,12
26.9346733668342,5
26.9346733668342,11
26.9346733668342,10
26.9346733668342,7
26.9346733668342,15
26.9346733668342,8
26.9346733668342,4
26.9346733668342,6
26.9346733668342,8
26.9346733668342,7
26.9346733668342,9
26.9346733668342,11
26.9346733668342,8
26.9346733668342,10
26.9346733668342,12
26.9346733668342,11
26.9346733668342,9
26.9346733668342,10
26.9346733668342,7
26.9346733668342,8
26.9346733668342,7
26.9346733668342,11
26.9346733668342,10
26.9346733668342,7
26.9346733668342,5
26.9346733668342,8
26.9346733668342,5
26.9346733668342,10
26.9346733668342,5
26.9346733668342,7
26.9346733668342,11
26.9346733668342,5
26.9346733668342,8
26.9346733668342,14
26.9346733668342,11
26.9346733668342,6
26.9346733668342,11
26.9346733668342,13
26.9346733668342,5
26.9346733668342,11
26.9346733668342,14
26.9346733668342,11
26.9346733668342,10
26.9346733668342,5
26.9346733668342,6
26.9346733668342,11
26.9346733668342,13
26.9346733668342,9
26.9346733668342,12
26.9346733668342,11
26.9346733668342,6
26.9346733668342,11
26.9346733668342,9
26.9346733668342,11
26.9346733668342,11
26.9346733668342,8
26.9346733668342,6
26.9346733668342,10
26.9346733668342,11
26.9346733668342,4
26.9346733668342,10
26.9346733668342,13
26.9346733668342,7
26.9346733668342,11
26.9346733668342,10
26.9346733668342,16
26.9346733668342,9
26.9346733668342,10
26.9346733668342,7
26.9346733668342,7
26.9346733668342,7
26.9346733668342,13
26.9346733668342,6
26.9346733668342,7
26.9346733668342,12
26.9346733668342,7
26.9346733668342,9
26.9346733668342,8
26.9346733668342,6
26.9346733668342,12
26.9346733668342,6
26.9346733668342,11
26.9346733668342,14
26.9346733668342,10
26.9346733668342,11
26.9346733668342,10
26.9346733668342,8
26.9346733668342,6
26.9346733668342,9
26.9346733668342,8
26.9346733668342,14
26.9346733668342,9
26.9346733668342,13
26.9346733668342,12
26.9346733668342,6
26.9346733668342,10
26.9346733668342,11
26.9346733668342,11
26.9346733668342,11
26.9346733668342,9
26.9346733668342,5
26.9346733668342,5
26.9346733668342,10
26.9346733668342,10
26.9346733668342,5
26.9346733668342,9
26.9346733668342,11
26.9346733668342,8
26.9346733668342,13
26.9346733668342,12
26.9346733668342,15
26.9346733668342,5
26.9346733668342,11
26.9346733668342,10
26.9346733668342,7
26.9346733668342,14
26.9346733668342,9
26.9346733668342,9
26.9346733668342,10
26.9346733668342,11
26.9346733668342,7
26.9346733668342,14
26.9346733668342,4
26.9346733668342,11
26.9346733668342,15
26.9346733668342,19
26.9346733668342,8
26.9346733668342,7
26.9346733668342,7
26.9346733668342,12
26.9346733668342,5
26.9346733668342,8
26.9346733668342,4
26.9346733668342,12
26.9346733668342,10
26.9346733668342,10
26.9346733668342,8
26.9346733668342,9
26.9346733668342,9
26.9346733668342,5
26.9346733668342,11
26.9346733668342,9
26.9346733668342,10
26.9346733668342,9
26.9346733668342,10
26.9346733668342,12
26.9346733668342,11
26.9346733668342,9
26.9346733668342,12
26.9346733668342,12
26.9346733668342,9
27.1356783919598,8
27.1356783919598,12
27.1356783919598,14
27.1356783919598,16
27.1356783919598,9
27.1356783919598,10
27.1356783919598,12
27.1356783919598,14
27.1356783919598,14
27.1356783919598,11
27.1356783919598,11
27.1356783919598,10
27.1356783919598,14
27.1356783919598,14
27.1356783919598,10
27.1356783919598,12
27.1356783919598,9
27.1356783919598,11
27.1356783919598,9
27.1356783919598,12
27.1356783919598,7
27.1356783919598,7
27.1356783919598,5
27.1356783919598,6
27.1356783919598,9
27.1356783919598,7
27.1356783919598,5
27.1356783919598,13
27.1356783919598,16
27.1356783919598,14
27.1356783919598,14
27.1356783919598,8
27.1356783919598,9
27.1356783919598,7
27.1356783919598,12
27.1356783919598,10
27.1356783919598,7
27.1356783919598,12
27.1356783919598,14
27.1356783919598,11
27.1356783919598,7
27.1356783919598,7
27.1356783919598,9
27.1356783919598,6
27.1356783919598,4
27.1356783919598,8
27.1356783919598,3
27.1356783919598,13
27.1356783919598,13
27.1356783919598,14
27.1356783919598,9
27.1356783919598,17
27.1356783919598,9
27.1356783919598,6
27.1356783919598,10
27.1356783919598,10
27.1356783919598,14
27.1356783919598,12
27.1356783919598,8
27.1356783919598,6
27.1356783919598,11
27.1356783919598,8
27.1356783919598,10
27.1356783919598,8
27.1356783919598,8
27.1356783919598,10
27.1356783919598,7
27.1356783919598,6
27.1356783919598,11
27.1356783919598,10
27.1356783919598,12
27.1356783919598,4
27.1356783919598,10
27.1356783919598,8
27.1356783919598,7
27.1356783919598,6
27.1356783919598,10
27.1356783919598,9
27.1356783919598,9
27.1356783919598,13
27.1356783919598,6
27.1356783919598,10
27.1356783919598,6
27.1356783919598,11
27.1356783919598,10
27.1356783919598,10
27.1356783919598,14
27.1356783919598,9
27.1356783919598,6
27.1356783919598,9
27.1356783919598,8
27.1356783919598,6
27.1356783919598,10
27.1356783919598,11
27.1356783919598,9
27.1356783919598,6
27.1356783919598,13
27.1356783919598,4
27.1356783919598,7
27.1356783919598,7
27.1356783919598,12
27.1356783919598,11
27.1356783919598,10
27.1356783919598,17
27.1356783919598,13
27.1356783919598,9
27.1356783919598,11
27.1356783919598,6
27.1356783919598,21
27.1356783919598,7
27.1356783919598,8
27.1356783919598,11
27.1356783919598,7
27.1356783919598,6
27.1356783919598,12
27.1356783919598,6
27.1356783919598,3
27.1356783919598,7
27.1356783919598,12
27.1356783919598,8
27.1356783919598,10
27.1356783919598,8
27.1356783919598,16
27.1356783919598,13
27.1356783919598,8
27.1356783919598,7
27.1356783919598,10
27.1356783919598,6
27.1356783919598,11
27.1356783919598,9
27.1356783919598,14
27.1356783919598,13
27.1356783919598,11
27.1356783919598,7
27.1356783919598,11
27.1356783919598,9
27.1356783919598,14
27.1356783919598,8
27.1356783919598,6
27.1356783919598,7
27.1356783919598,6
27.1356783919598,10
27.1356783919598,9
27.1356783919598,6
27.1356783919598,13
27.1356783919598,8
27.1356783919598,10
27.1356783919598,6
27.1356783919598,9
27.1356783919598,5
27.1356783919598,7
27.1356783919598,9
27.1356783919598,9
27.1356783919598,7
27.1356783919598,8
27.1356783919598,9
27.1356783919598,7
27.1356783919598,9
27.1356783919598,9
27.1356783919598,8
27.1356783919598,10
27.1356783919598,14
27.1356783919598,8
27.1356783919598,8
27.1356783919598,5
27.1356783919598,17
27.1356783919598,10
27.1356783919598,8
27.1356783919598,10
27.1356783919598,5
27.1356783919598,14
27.1356783919598,9
27.1356783919598,10
27.1356783919598,12
27.1356783919598,10
27.1356783919598,7
27.1356783919598,12
27.1356783919598,9
27.1356783919598,11
27.1356783919598,9
27.1356783919598,6
27.1356783919598,11
27.1356783919598,9
27.1356783919598,9
27.1356783919598,10
27.1356783919598,14
27.1356783919598,10
27.1356783919598,6
27.1356783919598,13
27.1356783919598,10
27.1356783919598,4
27.1356783919598,13
27.1356783919598,12
27.1356783919598,7
27.1356783919598,13
27.1356783919598,8
27.1356783919598,11
27.1356783919598,9
27.1356783919598,10
27.1356783919598,7
27.3366834170854,9
27.3366834170854,12
27.3366834170854,12
27.3366834170854,12
27.3366834170854,9
27.3366834170854,11
27.3366834170854,8
27.3366834170854,9
27.3366834170854,7
27.3366834170854,8
27.3366834170854,11
27.3366834170854,9
27.3366834170854,10
27.3366834170854,13
27.3366834170854,7
27.3366834170854,11
27.3366834170854,5
27.3366834170854,7
27.3366834170854,12
27.3366834170854,12
27.3366834170854,6
27.3366834170854,10
27.3366834170854,6
27.3366834170854,8
27.3366834170854,11
27.3366834170854,14
27.3366834170854,6
27.3366834170854,14
27.3366834170854,8
27.3366834170854,6
27.3366834170854,10
27.3366834170854,11
27.3366834170854,8
27.3366834170854,7
27.3366834170854,9
27.3366834170854,9
27.3366834170854,14
27.3366834170854,8
27.3366834170854,6
27.3366834170854,13
27.3366834170854,9
27.3366834170854,9
27.3366834170854,10
27.3366834170854,10
27.3366834170854,9
27.3366834170854,13
27.3366834170854,7
27.3366834170854,5
27.3366834170854,14
27.3366834170854,7
27.3366834170854,11
27.3366834170854,12
27.3366834170854,6
27.3366834170854,14
27.3366834170854,10
27.3366834170854,10
27.3366834170854,9
27.3366834170854,11
27.3366834170854,8
27.3366834170854,9
27.3366834170854,9
27.3366834170854,7
27.3366834170854,7
27.3366834170854,8
27.3366834170854,9
27.3366834170854,12
27.3366834170854,10
27.3366834170854,8
27.3366834170854,8
27.3366834170854,8
27.3366834170854,11
27.3366834170854,7
27.3366834170854,7
27.3366834170854,5
27.3366834170854,8
27.3366834170854,7
27.3366834170854,5
27.3366834170854,9
27.3366834170854,11
27.3366834170854,11
27.3366834170854,7
27.3366834170854,9
27.3366834170854,6
27.3366834170854,10
27.3366834170854,15
27.3366834170854,9
27.3366834170854,13
27.3366834170854,8
27.3366834170854,11
27.3366834170854,10
27.3366834170854,11
27.3366834170854,12
27.3366834170854,11
27.3366834170854,12
27.3366834170854,7
27.3366834170854,6
27.3366834170854,7
27.3366834170854,8
27.3366834170854,10
27.3366834170854,12
27.3366834170854,6
27.3366834170854,10
27.3366834170854,11
27.3366834170854,7
27.3366834170854,9
27.3366834170854,11
27.3366834170854,14
27.3366834170854,11
27.3366834170854,10
27.3366834170854,15
27.3366834170854,12
27.3366834170854,17
27.3366834170854,11
27.3366834170854,11
27.3366834170854,12
27.3366834170854,9
27.3366834170854,8
27.3366834170854,11
27.3366834170854,9
27.3366834170854,11
27.3366834170854,5
27.3366834170854,12
27.3366834170854,5
27.3366834170854,16
27.3366834170854,10
27.3366834170854,10
27.3366834170854,13
27.3366834170854,9
27.3366834170854,12
27.3366834170854,12
27.3366834170854,9
27.3366834170854,10
27.3366834170854,6
27.3366834170854,7
27.3366834170854,15
27.3366834170854,9
27.3366834170854,11
27.3366834170854,8
27.3366834170854,8
27.3366834170854,14
27.3366834170854,13
27.3366834170854,6
27.3366834170854,13
27.3366834170854,10
27.3366834170854,8
27.3366834170854,6
27.3366834170854,11
27.3366834170854,11
27.3366834170854,9
27.3366834170854,6
27.3366834170854,10
27.3366834170854,6
27.3366834170854,10
27.3366834170854,9
27.3366834170854,12
27.3366834170854,14
27.3366834170854,10
27.3366834170854,8
27.3366834170854,11
27.3366834170854,11
27.3366834170854,7
27.3366834170854,9
27.3366834170854,8
27.3366834170854,11
27.3366834170854,10
27.3366834170854,9
27.3366834170854,12
27.3366834170854,5
27.3366834170854,12
27.3366834170854,4
27.3366834170854,11
27.3366834170854,12
27.3366834170854,10
27.3366834170854,12
27.3366834170854,6
27.3366834170854,7
27.3366834170854,12
27.3366834170854,4
27.3366834170854,14
27.3366834170854,11
27.3366834170854,10
27.3366834170854,11
27.3366834170854,8
27.3366834170854,11
27.3366834170854,6
27.3366834170854,6
27.3366834170854,11
27.3366834170854,4
27.3366834170854,8
27.3366834170854,13
27.3366834170854,13
27.3366834170854,7
27.3366834170854,11
27.3366834170854,5
27.3366834170854,7
27.3366834170854,7
27.3366834170854,9
27.3366834170854,7
27.3366834170854,11
27.3366834170854,7
27.5376884422111,13
27.5376884422111,8
27.5376884422111,6
27.5376884422111,13
27.5376884422111,13
27.5376884422111,7
27.5376884422111,9
27.5376884422111,12
27.5376884422111,13
27.5376884422111,7
27.5376884422111,9
27.5376884422111,8
27.5376884422111,10
27.5376884422111,10
27.5376884422111,6
27.5376884422111,12
27.5376884422111,7
27.5376884422111,8
27.5376884422111,6
27.5376884422111,9
27.5376884422111,7
27.5376884422111,10
27.5376884422111,3
27.5376884422111,10
27.5376884422111,9
27.5376884422111,9
27.5376884422111,7
27.5376884422111,10
27.5376884422111,11
27.5376884422111,10
27.5376884422111,9
27.5376884422111,10
27.5376884422111,9
27.5376884422111,9
27.5376884422111,7
27.5376884422111,12
27.5376884422111,9
27.5376884422111,5
27.5376884422111,7
27.5376884422111,9
27.5376884422111,6
27.5376884422111,11
27.5376884422111,8
27.5376884422111,10
27.5376884422111,7
27.5376884422111,7
27.5376884422111,13
27.5376884422111,10
27.5376884422111,10
27.5376884422111,10
27.5376884422111,10
27.5376884422111,9
27.5376884422111,7
27.5376884422111,14
27.5376884422111,10
27.5376884422111,9
27.5376884422111,3
27.5376884422111,11
27.5376884422111,13
27.5376884422111,6
27.5376884422111,10
27.5376884422111,11
27.5376884422111,9
27.5376884422111,7
27.5376884422111,15
27.5376884422111,8
27.5376884422111,14
27.5376884422111,7
27.5376884422111,12
27.5376884422111,7
27.5376884422111,13
27.5376884422111,9
27.5376884422111,13
27.5376884422111,11
27.5376884422111,10
27.5376884422111,9
27.5376884422111,11
27.5376884422111,4
27.5376884422111,6
27.5376884422111,14
27.5376884422111,9
27.5376884422111,6
27.5376884422111,11
27.5376884422111,18
27.5376884422111,13
27.5376884422111,8
27.5376884422111,11
27.5376884422111,4
27.5376884422111,8
27.5376884422111,7
27.5376884422111,11
27.5376884422111,7
27.5376884422111,4
27.5376884422111,9
27.5376884422111,9
27.5376884422111,9
27.5376884422111,10
27.5376884422111,7
27.5376884422111,10
27.5376884422111,12
27.5376884422111,10
27.5376884422111,16
27.5376884422111,7
27.5376884422111,7
27.5376884422111,10
27.5376884422111,8
27.5376884422111,13
27.5376884422111,12
27.5376884422111,16
27.5376884422111,6
27.5376884422111,14
27.5376884422111,8
27.5376884422111,9
27.5376884422111,10
27.5376884422111,9
27.5376884422111,8
27.5376884422111,9
27.5376884422111,9
27.5376884422111,13
27.5376884422111,5
27.5376884422111,9
27.5376884422111,7
27.5376884422111,14
27.5376884422111,7
27.5376884422111,5
27.5376884422111,7
27.5376884422111,9
27.5376884422111,12
27.5376884422111,9
27.5376884422111,10
27.5376884422111,5
27.5376884422111,10
27.5376884422111,5
27.5376884422111,9
27.5376884422111,9
27.5376884422111,5
27.5376884422111,8
27.5376884422111,11
27.5376884422111,8
27.5376884422111,12
27.5376884422111,4
27.5376884422111,7
27.5376884422111,9
27.5376884422111,4
27.5376884422111,10
27.5376884422111,9
27.5376884422111,8
27.5376884422111,9
27.5376884422111,18
27.5376884422111,6
27.5376884422111,6
27.5376884422111,12
27.5376884422111,3
27.5376884422111,5
27.5376884422111,15
27.5376884422111,6
27.5376884422111,5
27.5376884422111,13
27.5376884422111,8
27.5376884422111,13
27.5376884422111,8
27.5376884422111,8
27.5376884422111,8
27.5376884422111,13
27.5376884422111,9
27.5376884422111,9
27.5376884422111,10
27.5376884422111,12
27.5376884422111,11
27.5376884422111,7
27.5376884422111,8
27.5376884422111,8
27.5376884422111,9
27.5376884422111,12
27.5376884422111,8
27.5376884422111,10
27.5376884422111,8
27.5376884422111,11
27.5376884422111,12
27.5376884422111,6
27.5376884422111,11
27.5376884422111,10
27.5376884422111,8
27.5376884422111,16
27.5376884422111,7
27.5376884422111,9
27.5376884422111,11
27.5376884422111,7
27.5376884422111,10
27.5376884422111,11
27.5376884422111,9
27.5376884422111,12
27.5376884422111,9
27.5376884422111,7
27.5376884422111,8
27.5376884422111,8
27.5376884422111,10
27.5376884422111,6
27.5376884422111,12
27.5376884422111,8
27.7386934673367,12
27.7386934673367,5
27.7386934673367,7
27.7386934673367,8
27.7386934673367,9
27.7386934673367,7
27.7386934673367,11
27.7386934673367,13
27.7386934673367,12
27.7386934673367,8
27.7386934673367,8
27.7386934673367,7
27.7386934673367,8
27.7386934673367,13
27.7386934673367,17
27.7386934673367,3
27.7386934673367,7
27.7386934673367,17
27.7386934673367,5
27.7386934673367,15
27.7386934673367,5
27.7386934673367,9
27.7386934673367,9
27.7386934673367,5
27.7386934673367,10
27.7386934673367,7
27.7386934673367,7
27.7386934673367,6
27.7386934673367,4
27.7386934673367,10
27.7386934673367,12
27.7386934673367,11
27.7386934673367,11
27.7386934673367,8
27.7386934673367,12
27.7386934673367,10
27.7386934673367,14
27.7386934673367,13
27.7386934673367,10
27.7386934673367,4
27.7386934673367,11
27.7386934673367,10
27.7386934673367,8
27.7386934673367,11
27.7386934673367,13
27.7386934673367,7
27.7386934673367,10
27.7386934673367,10
27.7386934673367,9
27.7386934673367,7
27.7386934673367,10
27.7386934673367,12
27.7386934673367,12
27.7386934673367,9
27.7386934673367,12
27.7386934673367,12
27.7386934673367,9
27.7386934673367,15
27.7386934673367,11
27.7386934673367,9
27.7386934673367,10
27.7386934673367,14
27.7386934673367,10
27.7386934673367,8
27.7386934673367,9
27.7386934673367,7
27.7386934673367,15
27.7386934673367,6
27.7386934673367,11
27.7386934673367,6
27.7386934673367,7
27.7386934673367,13
27.7386934673367,6
27.7386934673367,8
27.7386934673367,12
27.7386934673367,10
27.7386934673367,4
27.7386934673367,9
27.7386934673367,9
27.7386934673367,14
27.7386934673367,15
27.7386934673367,10
27.7386934673367,13
27.7386934673367,7
27.7386934673367,10
27.7386934673367,11
27.7386934673367,10
27.7386934673367,7
27.7386934673367,10
27.7386934673367,10
27.7386934673367,7
27.7386934673367,9
27.7386934673367,10
27.7386934673367,10
27.7386934673367,11
27.7386934673367,4
27.7386934673367,11
27.7386934673367,12
27.7386934673367,7
27.7386934673367,10
27.7386934673367,12
27.7386934673367,9
27.7386934673367,6
27.7386934673367,9
27.7386934673367,13
27.7386934673367,5
27.7386934673367,8
27.7386934673367,9
27.7386934673367,13
27.7386934673367,9
27.7386934673367,9
27.7386934673367,14
27.7386934673367,5
27.7386934673367,12
27.7386934673367,13
27.7386934673367,6
27.7386934673367,6
27.7386934673367,13
27.7386934673367,14
27.7386934673367,15
27.7386934673367,5
27.7386934673367,14
27.7386934673367,5
27.7386934673367,11
27.7386934673367,13
27.7386934673367,8
27.7386934673367,10
27.7386934673367,9
27.7386934673367,8
27.7386934673367,12
27.7386934673367,10
27.7386934673367,8
27.7386934673367,6
27.7386934673367,13
27.7386934673367,11
27.7386934673367,10
27.7386934673367,9
27.7386934673367,12
27.7386934673367,17
27.7386934673367,11
27.7386934673367,6
27.7386934673367,5
27.7386934673367,11
27.7386934673367,14
27.7386934673367,9
27.7386934673367,5
27.7386934673367,10
27.7386934673367,12
27.7386934673367,10
27.7386934673367,6
27.7386934673367,9
27.7386934673367,8
27.7386934673367,9
27.7386934673367,9
27.7386934673367,11
27.7386934673367,11
27.7386934673367,8
27.7386934673367,12
27.7386934673367,13
27.7386934673367,7
27.7386934673367,11
27.7386934673367,12
27.7386934673367,8
27.7386934673367,8
27.7386934673367,9
27.7386934673367,10
27.7386934673367,12
27.7386934673367,8
27.7386934673367,13
27.7386934673367,10
27.7386934673367,11
27.7386934673367,7
27.7386934673367,8
27.7386934673367,7
27.7386934673367,7
27.7386934673367,9
27.7386934673367,8
27.7386934673367,8
27.7386934673367,13
27.7386934673367,2
27.7386934673367,13
27.7386934673367,13
27.7386934673367,15
27.7386934673367,10
27.7386934673367,8
27.7386934673367,9
27.7386934673367,6
27.7386934673367,8
27.7386934673367,6
27.7386934673367,6
27.7386934673367,7
27.7386934673367,6
27.7386934673367,13
27.7386934673367,3
27.7386934673367,17
27.7386934673367,12
27.7386934673367,9
27.7386934673367,15
27.7386934673367,5
27.7386934673367,11
27.9396984924623,8
27.9396984924623,10
27.9396984924623,7
27.9396984924623,13
27.9396984924623,5
27.9396984924623,13
27.9396984924623,6
27.9396984924623,12
27.9396984924623,7
27.9396984924623,11
27.9396984924623,10
27.9396984924623,7
27.9396984924623,14
27.9396984924623,14
27.9396984924623,8
27.9396984924623,9
27.9396984924623,10
27.9396984924623,8
27.9396984924623,6
27.9396984924623,10
27.9396984924623,3
27.9396984924623,12
27.9396984924623,12
27.9396984924623,5
27.9396984924623,10
27.9396984924623,6
27.9396984924623,11
27.9396984924623,6
27.9396984924623,11
27.9396984924623,13
27.9396984924623,10
27.9396984924623,10
27.9396984924623,10
27.9396984924623,10
27.9396984924623,9
27.9396984924623,11
27.9396984924623,11
27.9396984924623,6
27.9396984924623,8
27.9396984924623,13
27.9396984924623,14
27.9396984924623,13
27.9396984924623,14
27.9396984924623,6
27.9396984924623,10
27.9396984924623,9
27.9396984924623,3
27.9396984924623,9
27.9396984924623,2
27.9396984924623,13
27.9396984924623,14
27.9396984924623,5
27.9396984924623,8
27.9396984924623,12
27.9396984924623,14
27.9396984924623,14
27.9396984924623,7
27.9396984924623,6
27.9396984924623,10
27.9396984924623,6
27.9396984924623,5
27.9396984924623,16
27.9396984924623,7
27.9396984924623,11
27.9396984924623,14
27.9396984924623,5
27.9396984924623,13
27.9396984924623,9
27.9396984924623,6
27.9396984924623,11
27.9396984924623,8
27.9396984924623,7
27.9396984924623,6
27.9396984924623,10
27.9396984924623,8
27.9396984924623,10
27.9396984924623,9
27.9396984924623,17
27.9396984924623,10
27.9396984924623,4
27.9396984924623,7
27.9396984924623,6
27.9396984924623,14
27.9396984924623,5
27.9396984924623,8
27.9396984924623,11
27.9396984924623,10
27.9396984924623,12
27.9396984924623,8
27.9396984924623,12
27.9396984924623,12
27.9396984924623,9
27.9396984924623,15
27.9396984924623,12
27.9396984924623,13
27.9396984924623,16
27.9396984924623,9
27.9396984924623,13
27.9396984924623,13
27.9396984924623,8
27.9396984924623,8
27.9396984924623,7
27.9396984924623,7
27.9396984924623,5
27.9396984924623,4
27.9396984924623,12
27.9396984924623,14
27.9396984924623,9
27.9396984924623,15
27.9396984924623,11
27.9396984924623,10
27.9396984924623,9
27.9396984924623,10
27.9396984924623,11
27.9396984924623,10
27.9396984924623,9
27.9396984924623,12
27.9396984924623,11
27.9396984924623,13
27.9396984924623,6
27.9396984924623,8
27.9396984924623,13
27.9396984924623,10
27.9396984924623,6
27.9396984924623,9
27.9396984924623,11
27.9396984924623,15
27.9396984924623,6
27.9396984924623,11
27.9396984924623,8
27.9396984924623,5
27.9396984924623,8
27.9396984924623,15
27.9396984924623,10
27.9396984924623,14
27.9396984924623,12
27.9396984924623,10
27.9396984924623,10
27.9396984924623,8
27.9396984924623,9
27.9396984924623,13
27.9396984924623,8
27.9396984924623,9
27.9396984924623,12
27.9396984924623,5
27.9396984924623,11
27.9396984924623,6
27.9396984924623,15
27.9396984924623,15
27.9396984924623,11
27.9396984924623,4
27.9396984924623,7
27.9396984924623,20
27.9396984924623,6
27.9396984924623,8
27.9396984924623,9
27.9396984924623,10
27.9396984924623,6
27.9396984924623,10
27.9396984924623,5
27.9396984924623,13
27.9396984924623,7
27.9396984924623,10
27.9396984924623,9
27.9396984924623,4
27.9396984924623,7
27.9396984924623,14
27.9396984924623,9
27.9396984924623,8
27.9396984924623,8
27.9396984924623,7
27.9396984924623,11
27.9396984924623,4
27.9396984924623,10
27.9396984924623,10
27.9396984924623,4
27.9396984924623,2
27.9396984924623,7
27.9396984924623,9
27.9396984924623,12
27.9396984924623,10
27.9396984924623,12
27.9396984924623,12
27.9396984924623,11
27.9396984924623,9
27.9396984924623,8
27.9396984924623,7
27.9396984924623,8
27.9396984924623,9
27.9396984924623,8
27.9396984924623,8
27.9396984924623,10
27.9396984924623,7
27.9396984924623,10
27.9396984924623,2
27.9396984924623,9
27.9396984924623,9
27.9396984924623,10
27.9396984924623,11
27.9396984924623,9
28.1407035175879,9
28.1407035175879,11
28.1407035175879,12
28.1407035175879,9
28.1407035175879,6
28.1407035175879,12
28.1407035175879,8
28.1407035175879,9
28.1407035175879,6
28.1407035175879,15
28.1407035175879,12
28.1407035175879,10
28.1407035175879,9
28.1407035175879,14
28.1407035175879,8
28.1407035175879,11
28.1407035175879,8
28.1407035175879,11
28.1407035175879,9
28.1407035175879,12
28.1407035175879,5
28.1407035175879,10
28.1407035175879,13
28.1407035175879,8
28.1407035175879,13
28.1407035175879,6
28.1407035175879,13
28.1407035175879,8
28.1407035175879,13
28.1407035175879,9
28.1407035175879,11
28.1407035175879,9
28.1407035175879,13
28.1407035175879,10
28.1407035175879,9
28.1407035175879,11
28.1407035175879,7
28.1407035175879,12
28.1407035175879,14
28.1407035175879,9
28.1407035175879,6
28.1407035175879,8
28.1407035175879,6
28.1407035175879,9
28.1407035175879,9
28.1407035175879,9
28.1407035175879,9
28.1407035175879,9
28.1407035175879,6
28.1407035175879,10
28.1407035175879,8
28.1407035175879,4
28.1407035175879,12
28.1407035175879,14
28.1407035175879,7
28.1407035175879,7
28.1407035175879,9
28.1407035175879,17
28.1407035175879,6
28.1407035175879,9
28.1407035175879,5
28.1407035175879,10
28.1407035175879,11
28.1407035175879,8
28.1407035175879,10
28.1407035175879,9
28.1407035175879,10
28.1407035175879,7
28.1407035175879,7
28.1407035175879,9
28.1407035175879,14
28.1407035175879,10
28.1407035175879,7
28.1407035175879,9
28.1407035175879,9
28.1407035175879,11
28.1407035175879,6
28.1407035175879,9
28.1407035175879,10
28.1407035175879,7
28.1407035175879,9
28.1407035175879,9
28.1407035175879,7
28.1407035175879,9
28.1407035175879,10
28.1407035175879,10
28.1407035175879,10
28.1407035175879,16
28.1407035175879,9
28.1407035175879,11
28.1407035175879,6
28.1407035175879,7
28.1407035175879,14
28.1407035175879,4
28.1407035175879,7
28.1407035175879,14
28.1407035175879,5
28.1407035175879,7
28.1407035175879,10
28.1407035175879,11
28.1407035175879,5
28.1407035175879,5
28.1407035175879,10
28.1407035175879,9
28.1407035175879,5
28.1407035175879,9
28.1407035175879,11
28.1407035175879,11
28.1407035175879,6
28.1407035175879,10
28.1407035175879,9
28.1407035175879,10
28.1407035175879,11
28.1407035175879,3
28.1407035175879,16
28.1407035175879,14
28.1407035175879,11
28.1407035175879,11
28.1407035175879,12
28.1407035175879,14
28.1407035175879,11
28.1407035175879,8
28.1407035175879,8
28.1407035175879,6
28.1407035175879,9
28.1407035175879,12
28.1407035175879,10
28.1407035175879,11
28.1407035175879,8
28.1407035175879,10
28.1407035175879,11
28.1407035175879,9
28.1407035175879,10
28.1407035175879,11
28.1407035175879,13
28.1407035175879,11
28.1407035175879,8
28.1407035175879,5
28.1407035175879,11
28.1407035175879,9
28.1407035175879,12
28.1407035175879,9
28.1407035175879,8
28.1407035175879,5
28.1407035175879,9
28.1407035175879,11
28.1407035175879,11
28.1407035175879,14
28.1407035175879,8
28.1407035175879,4
28.1407035175879,13
28.1407035175879,7
28.1407035175879,12
28.1407035175879,7
28.1407035175879,12
28.1407035175879,9
28.1407035175879,8
28.1407035175879,9
28.1407035175879,5
28.1407035175879,10
28.1407035175879,13
28.1407035175879,13
28.1407035175879,8
28.1407035175879,12
28.1407035175879,8
28.1407035175879,11
28.1407035175879,9
28.1407035175879,7
28.1407035175879,11
28.1407035175879,9
28.1407035175879,9
28.1407035175879,8
28.1407035175879,8
28.1407035175879,10
28.1407035175879,10
28.1407035175879,8
28.1407035175879,9
28.1407035175879,10
28.1407035175879,7
28.1407035175879,10
28.1407035175879,7
28.1407035175879,10
28.1407035175879,13
28.1407035175879,9
28.1407035175879,6
28.1407035175879,8
28.1407035175879,8
28.1407035175879,9
28.1407035175879,3
28.1407035175879,2
28.1407035175879,9
28.1407035175879,15
28.1407035175879,14
28.1407035175879,14
28.1407035175879,12
28.1407035175879,8
28.1407035175879,11
28.1407035175879,13
28.1407035175879,11
28.1407035175879,11
28.3417085427136,10
28.3417085427136,11
28.3417085427136,10
28.3417085427136,12
28.3417085427136,5
28.3417085427136,10
28.3417085427136,10
28.3417085427136,13
28.3417085427136,10
28.3417085427136,5
28.3417085427136,16
28.3417085427136,11
28.3417085427136,5
28.3417085427136,11
28.3417085427136,13
28.3417085427136,9
28.3417085427136,15
28.3417085427136,8
28.3417085427136,8
28.3417085427136,8
28.3417085427136,13
28.3417085427136,13
28.3417085427136,9
28.3417085427136,7
28.3417085427136,16
28.3417085427136,10
28.3417085427136,8
28.3417085427136,12
28.3417085427136,7
28.3417085427136,12
28.3417085427136,12
28.3417085427136,8
28.3417085427136,3
28.3417085427136,12
28.3417085427136,11
28.3417085427136,6
28.3417085427136,7
28.3417085427136,9
28.3417085427136,11
28.3417085427136,7
28.3417085427136,8
28.3417085427136,11
28.3417085427136,9
28.3417085427136,5
28.3417085427136,6
28.3417085427136,3
28.3417085427136,5
28.3417085427136,12
28.3417085427136,9
28.3417085427136,9
28.3417085427136,10
28.3417085427136,7
28.3417085427136,7
28.3417085427136,6
28.3417085427136,16
28.3417085427136,8
28.3417085427136,13
28.3417085427136,7
28.3417085427136,6
28.3417085427136,9
28.3417085427136,7
28.3417085427136,13
28.3417085427136,14
28.3417085427136,7
28.3417085427136,12
28.3417085427136,14
28.3417085427136,15
28.3417085427136,14
28.3417085427136,10
28.3417085427136,5
28.3417085427136,6
28.3417085427136,10
28.3417085427136,10
28.3417085427136,11
28.3417085427136,9
28.3417085427136,9
28.3417085427136,6
28.3417085427136,9
28.3417085427136,5
28.3417085427136,9
28.3417085427136,7
28.3417085427136,10
28.3417085427136,5
28.3417085427136,11
28.3417085427136,9
28.3417085427136,8
28.3417085427136,12
28.3417085427136,14
28.3417085427136,8
28.3417085427136,7
28.3417085427136,14
28.3417085427136,10
28.3417085427136,8
28.3417085427136,13
28.3417085427136,8
28.3417085427136,7
28.3417085427136,6
28.3417085427136,13
28.3417085427136,13
28.3417085427136,12
28.3417085427136,9
28.3417085427136,10
28.3417085427136,15
28.3417085427136,13
28.3417085427136,5
28.3417085427136,11
28.3417085427136,7
28.3417085427136,13
28.3417085427136,14
28.3417085427136,12
28.3417085427136,8
28.3417085427136,5
28.3417085427136,8
28.3417085427136,11
28.3417085427136,12
28.3417085427136,12
28.3417085427136,7
28.3417085427136,11
28.3417085427136,11
28.3417085427136,6
28.3417085427136,8
28.3417085427136,9
28.3417085427136,8
28.3417085427136,9
28.3417085427136,6
28.3417085427136,10
28.3417085427136,15
28.3417085427136,11
28.3417085427136,9
28.3417085427136,12
28.3417085427136,7
28.3417085427136,9
28.3417085427136,6
28.3417085427136,8
28.3417085427136,11
28.3417085427136,10
28.3417085427136,7
28.3417085427136,11
28.3417085427136,10
28.3417085427136,7
28.3417085427136,4
28.3417085427136,4
28.3417085427136,12
28.3417085427136,11
28.3417085427136,20
28.3417085427136,9
28.3417085427136,5
28.3417085427136,9
28.3417085427136,5
28.3417085427136,12
28.3417085427136,8
28.3417085427136,12
28.3417085427136,7
28.3417085427136,8
28.3417085427136,12
28.3417085427136,9
28.3417085427136,14
28.3417085427136,4
28.3417085427136,7
28.3417085427136,15
28.3417085427136,7
28.3417085427136,6
28.3417085427136,12
28.3417085427136,7
28.3417085427136,10
28.3417085427136,9
28.3417085427136,15
28.3417085427136,9
28.3417085427136,8
28.3417085427136,11
28.3417085427136,5
28.3417085427136,13
28.3417085427136,13
28.3417085427136,10
28.3417085427136,13
28.3417085427136,11
28.3417085427136,7
28.3417085427136,7
28.3417085427136,6
28.3417085427136,16
28.3417085427136,12
28.3417085427136,10
28.3417085427136,10
28.3417085427136,7
28.3417085427136,6
28.3417085427136,11
28.3417085427136,11
28.3417085427136,9
28.3417085427136,7
28.3417085427136,7
28.3417085427136,9
28.3417085427136,9
28.3417085427136,7
28.3417085427136,7
28.3417085427136,10
28.3417085427136,11
28.3417085427136,8
28.3417085427136,12
28.3417085427136,15
28.3417085427136,8
28.5427135678392,8
28.5427135678392,9
28.5427135678392,12
28.5427135678392,7
28.5427135678392,10
28.5427135678392,8
28.5427135678392,10
28.5427135678392,14
28.5427135678392,11
28.5427135678392,10
28.5427135678392,10
28.5427135678392,7
28.5427135678392,13
28.5427135678392,9
28.5427135678392,8
28.5427135678392,10
28.5427135678392,11
28.5427135678392,7
28.5427135678392,13
28.5427135678392,9
28.5427135678392,13
28.5427135678392,8
28.5427135678392,11
28.5427135678392,10
28.5427135678392,8
28.5427135678392,10
28.5427135678392,6
28.5427135678392,7
28.5427135678392,12
28.5427135678392,8
28.5427135678392,13
28.5427135678392,11
28.5427135678392,13
28.5427135678392,4
28.5427135678392,9
28.5427135678392,10
28.5427135678392,11
28.5427135678392,7
28.5427135678392,7
28.5427135678392,11
28.5427135678392,9
28.5427135678392,9
28.5427135678392,11
28.5427135678392,15
28.5427135678392,15
28.5427135678392,11
28.5427135678392,8
28.5427135678392,17
28.5427135678392,11
28.5427135678392,5
28.5427135678392,8
28.5427135678392,10
28.5427135678392,23
28.5427135678392,8
28.5427135678392,9
28.5427135678392,9
28.5427135678392,7
28.5427135678392,9
28.5427135678392,12
28.5427135678392,9
28.5427135678392,8
28.5427135678392,7
28.5427135678392,9
28.5427135678392,11
28.5427135678392,12
28.5427135678392,13
28.5427135678392,14
28.5427135678392,11
28.5427135678392,10
28.5427135678392,12
28.5427135678392,5
28.5427135678392,13
28.5427135678392,14
28.5427135678392,6
28.5427135678392,7
28.5427135678392,9
28.5427135678392,12
28.5427135678392,5
28.5427135678392,16
28.5427135678392,4
28.5427135678392,4
28.5427135678392,7
28.5427135678392,11
28.5427135678392,10
28.5427135678392,12
28.5427135678392,7
28.5427135678392,9
28.5427135678392,7
28.5427135678392,3
28.5427135678392,8
28.5427135678392,10
28.5427135678392,9
28.5427135678392,11
28.5427135678392,3
28.5427135678392,4
28.5427135678392,12
28.5427135678392,8
28.5427135678392,9
28.5427135678392,7
28.5427135678392,5
28.5427135678392,11
28.5427135678392,12
28.5427135678392,8
28.5427135678392,7
28.5427135678392,9
28.5427135678392,8
28.5427135678392,7
28.5427135678392,11
28.5427135678392,7
28.5427135678392,14
28.5427135678392,7
28.5427135678392,7
28.5427135678392,11
28.5427135678392,7
28.5427135678392,9
28.5427135678392,4
28.5427135678392,9
28.5427135678392,10
28.5427135678392,12
28.5427135678392,6
28.5427135678392,13
28.5427135678392,12
28.5427135678392,10
28.5427135678392,9
28.5427135678392,6
28.5427135678392,11
28.5427135678392,10
28.5427135678392,9
28.5427135678392,11
28.5427135678392,5
28.5427135678392,5
28.5427135678392,8
28.5427135678392,9
28.5427135678392,13
28.5427135678392,7
28.5427135678392,7
28.5427135678392,9
28.5427135678392,10
28.5427135678392,11
28.5427135678392,7
28.5427135678392,16
28.5427135678392,9
28.5427135678392,6
28.5427135678392,13
28.5427135678392,8
28.5427135678392,13
28.5427135678392,6
28.5427135678392,7
28.5427135678392,11
28.5427135678392,11
28.5427135678392,15
28.5427135678392,8
28.5427135678392,7
28.5427135678392,15
28.5427135678392,7
28.5427135678392,15
28.5427135678392,5
28.5427135678392,9
28.5427135678392,12
28.5427135678392,12
28.5427135678392,2
28.5427135678392,6
28.5427135678392,10
28.5427135678392,8
28.5427135678392,13
28.5427135678392,14
28.5427135678392,11
28.5427135678392,8
28.5427135678392,4
28.5427135678392,10
28.5427135678392,7
28.5427135678392,7
28.5427135678392,3
28.5427135678392,9
28.5427135678392,15
28.5427135678392,6
28.5427135678392,16
28.5427135678392,9
28.5427135678392,12
28.5427135678392,6
28.5427135678392,10
28.5427135678392,12
28.5427135678392,10
28.5427135678392,10
28.5427135678392,5
28.5427135678392,12
28.5427135678392,15
28.5427135678392,7
28.5427135678392,4
28.5427135678392,11
28.5427135678392,9
28.5427135678392,10
28.5427135678392,16
28.5427135678392,11
28.5427135678392,6
28.5427135678392,14
28.5427135678392,9
28.5427135678392,12
28.5427135678392,7
28.5427135678392,7
28.7437185929648,10
28.7437185929648,10
28.7437185929648,11
28.7437185929648,4
28.7437185929648,8
28.7437185929648,9
28.7437185929648,13
28.7437185929648,13
28.7437185929648,9
28.7437185929648,6
28.7437185929648,8
28.7437185929648,7
28.7437185929648,11
28.7437185929648,7
28.7437185929648,4
28.7437185929648,10
28.7437185929648,10
28.7437185929648,7
28.7437185929648,14
28.7437185929648,8
28.7437185929648,15
28.7437185929648,12
28.7437185929648,9
28.7437185929648,11
28.7437185929648,8
28.7437185929648,12
28.7437185929648,11
28.7437185929648,7
28.7437185929648,7
28.7437185929648,7
28.7437185929648,10
28.7437185929648,6
28.7437185929648,9
28.7437185929648,16
28.7437185929648,14
28.7437185929648,14
28.7437185929648,14
28.7437185929648,7
28.7437185929648,9
28.7437185929648,14
28.7437185929648,11
28.7437185929648,9
28.7437185929648,10
28.7437185929648,6
28.7437185929648,11
28.7437185929648,17
28.7437185929648,9
28.7437185929648,8
28.7437185929648,5
28.7437185929648,6
28.7437185929648,8
28.7437185929648,10
28.7437185929648,9
28.7437185929648,16
28.7437185929648,9
28.7437185929648,6
28.7437185929648,14
28.7437185929648,7
28.7437185929648,7
28.7437185929648,14
28.7437185929648,8
28.7437185929648,7
28.7437185929648,16
28.7437185929648,13
28.7437185929648,11
28.7437185929648,8
28.7437185929648,6
28.7437185929648,13
28.7437185929648,4
28.7437185929648,11
28.7437185929648,8
28.7437185929648,10
28.7437185929648,7
28.7437185929648,7
28.7437185929648,16
28.7437185929648,8
28.7437185929648,11
28.7437185929648,10
28.7437185929648,17
28.7437185929648,13
28.7437185929648,17
28.7437185929648,9
28.7437185929648,11
28.7437185929648,9
28.7437185929648,11
28.7437185929648,7
28.7437185929648,11
28.7437185929648,7
28.7437185929648,7
28.7437185929648,8
28.7437185929648,13
28.7437185929648,12
28.7437185929648,7
28.7437185929648,7
28.7437185929648,6
28.7437185929648,11
28.7437185929648,10
28.7437185929648,7
28.7437185929648,8
28.7437185929648,9
28.7437185929648,12
28.7437185929648,7
28.7437185929648,12
28.7437185929648,14
28.7437185929648,13
28.7437185929648,4
28.7437185929648,7
28.7437185929648,15
28.7437185929648,6
28.7437185929648,10
28.7437185929648,10
28.7437185929648,6
28.7437185929648,12
28.7437185929648,9
28.7437185929648,6
28.7437185929648,9
28.7437185929648,12
28.7437185929648,11
28.7437185929648,14
28.7437185929648,10
28.7437185929648,15
28.7437185929648,8
28.7437185929648,8
28.7437185929648,11
28.7437185929648,10
28.7437185929648,15
28.7437185929648,9
28.7437185929648,11
28.7437185929648,7
28.7437185929648,16
28.7437185929648,14
28.7437185929648,8
28.7437185929648,13
28.7437185929648,9
28.7437185929648,9
28.7437185929648,15
28.7437185929648,12
28.7437185929648,10
28.7437185929648,12
28.7437185929648,8
28.7437185929648,7
28.7437185929648,10
28.7437185929648,12
28.7437185929648,5
28.7437185929648,5
28.7437185929648,12
28.7437185929648,14
28.7437185929648,9
28.7437185929648,10
28.7437185929648,5
28.7437185929648,14
28.7437185929648,7
28.7437185929648,14
28.7437185929648,13
28.7437185929648,11
28.7437185929648,9
28.7437185929648,10
28.7437185929648,13
28.7437185929648,11
28.7437185929648,6
28.7437185929648,17
28.7437185929648,13
28.7437185929648,6
28.7437185929648,17
28.7437185929648,13
28.7437185929648,13
28.7437185929648,9
28.7437185929648,9
28.7437185929648,12
28.7437185929648,8
28.7437185929648,10
28.7437185929648,7
28.7437185929648,12
28.7437185929648,10
28.7437185929648,10
28.7437185929648,15
28.7437185929648,7
28.7437185929648,6
28.7437185929648,8
28.7437185929648,7
28.7437185929648,11
28.7437185929648,14
28.7437185929648,6
28.7437185929648,5
28.7437185929648,11
28.7437185929648,10
28.7437185929648,7
28.7437185929648,6
28.7437185929648,16
28.7437185929648,10
28.7437185929648,11
28.7437185929648,10
28.7437185929648,9
28.7437185929648,12
28.7437185929648,9
28.7437185929648,7
28.7437185929648,9
28.7437185929648,8
28.7437185929648,8
28.7437185929648,10
28.9447236180905,10
28.9447236180905,8
28.9447236180905,11
28.9447236180905,7
28.9447236180905,9
28.9447236180905,7
28.9447236180905,8
28.9447236180905,8
28.9447236180905,4
28.9447236180905,9
28.9447236180905,6
28.9447236180905,8
28.9447236180905,4
28.9447236180905,13
28.9447236180905,12
28.9447236180905,13
28.9447236180905,14
28.9447236180905,13
28.9447236180905,8
28.9447236180905,11
28.9447236180905,12
28.9447236180905,13
28.9447236180905,9
28.9447236180905,10
28.9447236180905,9
28.9447236180905,10
28.9447236180905,11
28.9447236180905,8
28.9447236180905,16
28.9447236180905,10
28.9447236180905,11
28.9447236180905,11
28.9447236180905,11
28.9447236180905,17
28.9447236180905,12
28.9447236180905,5
28.9447236180905,9
28.9447236180905,7
28.9447236180905,12
28.9447236180905,8
28.9447236180905,10
28.9447236180905,4
28.9447236180905,10
28.9447236180905,6
28.9447236180905,7
28.9447236180905,10
28.9447236180905,6
28.9447236180905,8
28.9447236180905,13
28.9447236180905,13
28.9447236180905,8
28.9447236180905,7
28.9447236180905,7
28.9447236180905,12
28.9447236180905,9
28.9447236180905,5
28.9447236180905,10
28.9447236180905,10
28.9447236180905,12
28.9447236180905,15
28.9447236180905,9
28.9447236180905,7
28.9447236180905,7
28.9447236180905,17
28.9447236180905,10
28.9447236180905,8
28.9447236180905,7
28.9447236180905,4
28.9447236180905,10
28.9447236180905,8
28.9447236180905,6
28.9447236180905,6
28.9447236180905,7
28.9447236180905,9
28.9447236180905,12
28.9447236180905,4
28.9447236180905,6
28.9447236180905,10
28.9447236180905,9
28.9447236180905,11
28.9447236180905,9
28.9447236180905,11
28.9447236180905,11
28.9447236180905,10
28.9447236180905,6
28.9447236180905,11
28.9447236180905,4
28.9447236180905,10
28.9447236180905,8
28.9447236180905,6
28.9447236180905,7
28.9447236180905,9
28.9447236180905,10
28.9447236180905,6
28.9447236180905,7
28.9447236180905,6
28.9447236180905,9
28.9447236180905,5
28.9447236180905,11
28.9447236180905,11
28.9447236180905,12
28.9447236180905,7
28.9447236180905,7
28.9447236180905,13
28.9447236180905,10
28.9447236180905,13
28.9447236180905,11
28.9447236180905,11
28.9447236180905,8
28.9447236180905,2
28.9447236180905,13
28.9447236180905,1
28.9447236180905,3
28.9447236180905,13
28.9447236180905,9
28.9447236180905,13
28.9447236180905,5
28.9447236180905,15
28.9447236180905,12
28.9447236180905,12
28.9447236180905,8
28.9447236180905,11
28.9447236180905,7
28.9447236180905,14
28.9447236180905,12
28.9447236180905,7
28.9447236180905,11
28.9447236180905,18
28.9447236180905,10
28.9447236180905,10
28.9447236180905,8
28.9447236180905,11
28.9447236180905,4
28.9447236180905,10
28.9447236180905,11
28.9447236180905,8
28.9447236180905,12
28.9447236180905,7
28.9447236180905,10
28.9447236180905,7
28.9447236180905,10
28.9447236180905,5
28.9447236180905,12
28.9447236180905,2
28.9447236180905,4
28.9447236180905,12
28.9447236180905,5
28.9447236180905,7
28.9447236180905,5
28.9447236180905,11
28.9447236180905,7
28.9447236180905,8
28.9447236180905,8
28.9447236180905,9
28.9447236180905,14
28.9447236180905,8
28.9447236180905,9
28.9447236180905,9
28.9447236180905,12
28.9447236180905,11
28.9447236180905,8
28.9447236180905,9
28.9447236180905,8
28.9447236180905,9
28.9447236180905,11
28.9447236180905,9
28.9447236180905,8
28.9447236180905,4
28.9447236180905,16
28.9447236180905,10
28.9447236180905,14
28.9447236180905,6
28.9447236180905,7
28.9447236180905,11
28.9447236180905,9
28.9447236180905,12
28.9447236180905,11
28.9447236180905,17
28.9447236180905,10
28.9447236180905,12
28.9447236180905,8
28.9447236180905,7
28.9447236180905,8
28.9447236180905,10
28.9447236180905,13
28.9447236180905,14
28.9447236180905,8
28.9447236180905,6
28.9447236180905,11
28.9447236180905,12
28.9447236180905,10
28.9447236180905,8
28.9447236180905,17
28.9447236180905,10
28.9447236180905,5
28.9447236180905,5
28.9447236180905,11
28.9447236180905,13
28.9447236180905,11
28.9447236180905,7
29.1457286432161,11
29.1457286432161,8
29.1457286432161,12
29.1457286432161,9
29.1457286432161,5
29.1457286432161,10
29.1457286432161,7
29.1457286432161,10
29.1457286432161,5
29.1457286432161,11
29.1457286432161,11
29.1457286432161,6
29.1457286432161,14
29.1457286432161,6
29.1457286432161,8
29.1457286432161,8
29.1457286432161,6
29.1457286432161,5
29.1457286432161,6
29.1457286432161,14
29.1457286432161,14
29.1457286432161,11
29.1457286432161,6
29.1457286432161,6
29.1457286432161,11
29.1457286432161,7
29.1457286432161,9
29.1457286432161,5
29.1457286432161,10
29.1457286432161,7
29.1457286432161,9
29.1457286432161,8
29.1457286432161,6
29.1457286432161,9
29.1457286432161,5
29.1457286432161,8
29.1457286432161,18
29.1457286432161,8
29.1457286432161,6
29.1457286432161,6
29.1457286432161,9
29.1457286432161,8
29.1457286432161,7
29.1457286432161,13
29.1457286432161,13
29.1457286432161,15
29.1457286432161,9
29.1457286432161,12
29.1457286432161,6
29.1457286432161,12
29.1457286432161,12
29.1457286432161,9
29.1457286432161,11
29.1457286432161,5
29.1457286432161,8
29.1457286432161,7
29.1457286432161,12
29.1457286432161,4
29.1457286432161,10
29.1457286432161,17
29.1457286432161,8
29.1457286432161,8
29.1457286432161,5
29.1457286432161,8
29.1457286432161,10
29.1457286432161,19
29.1457286432161,5
29.1457286432161,9
29.1457286432161,3
29.1457286432161,9
29.1457286432161,7
29.1457286432161,11
29.1457286432161,7
29.1457286432161,11
29.1457286432161,13
29.1457286432161,4
29.1457286432161,13
29.1457286432161,13
29.1457286432161,12
29.1457286432161,11
29.1457286432161,6
29.1457286432161,13
29.1457286432161,11
29.1457286432161,11
29.1457286432161,10
29.1457286432161,10
29.1457286432161,8
29.1457286432161,12
29.1457286432161,11
29.1457286432161,6
29.1457286432161,9
29.1457286432161,11
29.1457286432161,7
29.1457286432161,11
29.1457286432161,6
29.1457286432161,9
29.1457286432161,6
29.1457286432161,11
29.1457286432161,6
29.1457286432161,8
29.1457286432161,12
29.1457286432161,9
29.1457286432161,9
29.1457286432161,6
29.1457286432161,10
29.1457286432161,6
29.1457286432161,9
29.1457286432161,8
29.1457286432161,12
29.1457286432161,12
29.1457286432161,7
29.1457286432161,10
29.1457286432161,15
29.1457286432161,9
29.1457286432161,4
29.1457286432161,11
29.1457286432161,13
29.1457286432161,7
29.1457286432161,12
29.1457286432161,9
29.1457286432161,9
29.1457286432161,9
29.1457286432161,10
29.1457286432161,8
29.1457286432161,9
29.1457286432161,10
29.1457286432161,12
29.1457286432161,7
29.1457286432161,13
29.1457286432161,6
29.1457286432161,8
29.1457286432161,16
29.1457286432161,10
29.1457286432161,20
29.1457286432161,7
29.1457286432161,9
29.1457286432161,7
29.1457286432161,8
29.1457286432161,9
29.1457286432161,9
29.1457286432161,13
29.1457286432161,11
29.1457286432161,10
29.1457286432161,18
29.1457286432161,10
29.1457286432161,10
29.1457286432161,8
29.1457286432161,10
29.1457286432161,12
29.1457286432161,8
29.1457286432161,10
29.1457286432161,10
29.1457286432161,7
29.1457286432161,8
29.1457286432161,7
29.1457286432161,9
29.1457286432161,7
29.1457286432161,16
29.1457286432161,11
29.1457286432161,9
29.1457286432161,9
29.1457286432161,12
29.1457286432161,9
29.1457286432161,9
29.1457286432161,10
29.1457286432161,7
29.1457286432161,13
29.1457286432161,2
29.1457286432161,12
29.1457286432161,12
29.1457286432161,9
29.1457286432161,9
29.1457286432161,6
29.1457286432161,5
29.1457286432161,7
29.1457286432161,12
29.1457286432161,11
29.1457286432161,13
29.1457286432161,8
29.1457286432161,8
29.1457286432161,8
29.1457286432161,11
29.1457286432161,8
29.1457286432161,9
29.1457286432161,7
29.1457286432161,14
29.1457286432161,11
29.1457286432161,9
29.1457286432161,8
29.1457286432161,8
29.1457286432161,9
29.1457286432161,10
29.1457286432161,10
29.1457286432161,10
29.1457286432161,6
29.1457286432161,9
29.1457286432161,9
29.1457286432161,9
29.1457286432161,12
29.1457286432161,16
29.3467336683417,11
29.3467336683417,11
29.3467336683417,7
29.3467336683417,10
29.3467336683417,10
29.3467336683417,9
29.3467336683417,19
29.3467336683417,6
29.3467336683417,12
29.3467336683417,11
29.3467336683417,6
29.3467336683417,2
29.3467336683417,10
29.3467336683417,6
29.3467336683417,10
29.3467336683417,10
29.3467336683417,9
29.3467336683417,11
29.3467336683417,12
29.3467336683417,8
29.3467336683417,4
29.3467336683417,12
29.3467336683417,11
29.3467336683417,11
29.3467336683417,9
29.3467336683417,8
29.3467336683417,10
29.3467336683417,12
29.3467336683417,15
29.3467336683417,14
29.3467336683417,7
29.3467336683417,12
29.3467336683417,13
29.3467336683417,8
29.3467336683417,10
29.3467336683417,5
29.3467336683417,11
29.3467336683417,13
29.3467336683417,10
29.3467336683417,12
29.3467336683417,13
29.3467336683417,11
29.3467336683417,11
29.3467336683417,12
29.3467336683417,6
29.3467336683417,8
29.3467336683417,9
29.3467336683417,17
29.3467336683417,6
29.3467336683417,11
29.3467336683417,13
29.3467336683417,9
29.3467336683417,16
29.3467336683417,11
29.3467336683417,7
29.3467336683417,15
29.3467336683417,16
29.3467336683417,9
29.3467336683417,12
29.3467336683417,8
29.3467336683417,13
29.3467336683417,11
29.3467336683417,6
29.3467336683417,13
29.3467336683417,11
29.3467336683417,6
29.3467336683417,8
29.3467336683417,8
29.3467336683417,9
29.3467336683417,8
29.3467336683417,16
29.3467336683417,6
29.3467336683417,5
29.3467336683417,18
29.3467336683417,7
29.3467336683417,13
29.3467336683417,10
29.3467336683417,16
29.3467336683417,4
29.3467336683417,10
29.3467336683417,7
29.3467336683417,6
29.3467336683417,9
29.3467336683417,7
29.3467336683417,10
29.3467336683417,12
29.3467336683417,8
29.3467336683417,9
29.3467336683417,12
29.3467336683417,10
29.3467336683417,12
29.3467336683417,13
29.3467336683417,10
29.3467336683417,11
29.3467336683417,13
29.3467336683417,14
29.3467336683417,7
29.3467336683417,10
29.3467336683417,7
29.3467336683417,9
29.3467336683417,7
29.3467336683417,11
29.3467336683417,8
29.3467336683417,14
29.3467336683417,11
29.3467336683417,7
29.3467336683417,12
29.3467336683417,11
29.3467336683417,11
29.3467336683417,12
29.3467336683417,9
29.3467336683417,8
29.3467336683417,6
29.3467336683417,6
29.3467336683417,11
29.3467336683417,13
29.3467336683417,8
29.3467336683417,10
29.3467336683417,9
29.3467336683417,13
29.3467336683417,13
29.3467336683417,7
29.3467336683417,12
29.3467336683417,4
29.3467336683417,9
29.3467336683417,11
29.3467336683417,8
29.3467336683417,8
29.3467336683417,13
29.3467336683417,12
29.3467336683417,12
29.3467336683417,11
29.3467336683417,12
29.3467336683417,7
29.3467336683417,13
29.3467336683417,6
29.3467336683417,14
29.3467336683417,7
29.3467336683417,6
29.3467336683417,8
29.3467336683417,10
29.3467336683417,8
29.3467336683417,13
29.3467336683417,12
29.3467336683417,7
29.3467336683417,9
29.3467336683417,9
29.3467336683417,10
29.3467336683417,10
29.3467336683417,6
29.3467336683417,13
29.3467336683417,12
29.3467336683417,7
29.3467336683417,12
29.3467336683417,10
29.3467336683417,9
29.3467336683417,6
29.3467336683417,7
29.3467336683417,9
29.3467336683417,3
29.3467336683417,9
29.3467336683417,11
29.3467336683417,11
29.3467336683417,6
29.3467336683417,4
29.3467336683417,5
29.3467336683417,12
29.3467336683417,7
29.3467336683417,14
29.3467336683417,8
29.3467336683417,8
29.3467336683417,9
29.3467336683417,13
29.3467336683417,13
29.3467336683417,7
29.3467336683417,9
29.3467336683417,7
29.3467336683417,10
29.3467336683417,12
29.3467336683417,15
29.3467336683417,9
29.3467336683417,8
29.3467336683417,7
29.3467336683417,8
29.3467336683417,5
29.3467336683417,5
29.3467336683417,11
29.3467336683417,14
29.3467336683417,8
29.3467336683417,9
29.3467336683417,9
29.3467336683417,9
29.3467336683417,7
29.3467336683417,12
29.3467336683417,10
29.3467336683417,11
29.3467336683417,12
29.3467336683417,10
29.3467336683417,10
29.3467336683417,9
29.5477386934673,6
29.5477386934673,3
29.5477386934673,13
29.5477386934673,9
29.5477386934673,7
29.5477386934673,12
29.5477386934673,17
29.5477386934673,10
29.5477386934673,6
29.5477386934673,7
29.5477386934673,11
29.5477386934673,17
29.5477386934673,10
29.5477386934673,8
29.5477386934673,9
29.5477386934673,13
29.5477386934673,6
29.5477386934673,13
29.5477386934673,9
29.5477386934673,6
29.5477386934673,11
29.5477386934673,13
29.5477386934673,7
29.5477386934673,8
29.5477386934673,7
29.5477386934673,9
29.5477386934673,11
29.5477386934673,10
29.5477386934673,11
29.5477386934673,3
29.5477386934673,7
29.5477386934673,9
29.5477386934673,10
29.5477386934673,12
29.5477386934673,10
29.5477386934673,14
29.5477386934673,12
29.5477386934673,8
29.5477386934673,12
29.5477386934673,15
29.5477386934673,5
29.5477386934673,10
29.5477386934673,9
29.5477386934673,16
29.5477386934673,12
29.5477386934673,10
29.5477386934673,9
29.5477386934673,8
29.5477386934673,5
29.5477386934673,9
29.5477386934673,7
29.5477386934673,13
29.5477386934673,11
29.5477386934673,10
29.5477386934673,13
29.5477386934673,6
29.5477386934673,10
29.5477386934673,13
29.5477386934673,14
29.5477386934673,18
29.5477386934673,13
29.5477386934673,5
29.5477386934673,7
29.5477386934673,6
29.5477386934673,16
29.5477386934673,15
29.5477386934673,12
29.5477386934673,5
29.5477386934673,4
29.5477386934673,9
29.5477386934673,13
29.5477386934673,12
29.5477386934673,7
29.5477386934673,5
29.5477386934673,12
29.5477386934673,4
29.5477386934673,11
29.5477386934673,5
29.5477386934673,8
29.5477386934673,9
29.5477386934673,5
29.5477386934673,8
29.5477386934673,12
29.5477386934673,8
29.5477386934673,5
29.5477386934673,10
29.5477386934673,13
29.5477386934673,6
29.5477386934673,7
29.5477386934673,11
29.5477386934673,11
29.5477386934673,11
29.5477386934673,11
29.5477386934673,9
29.5477386934673,12
29.5477386934673,7
29.5477386934673,5
29.5477386934673,9
29.5477386934673,8
29.5477386934673,10
29.5477386934673,14
29.5477386934673,11
29.5477386934673,10
29.5477386934673,12
29.5477386934673,9
29.5477386934673,8
29.5477386934673,10
29.5477386934673,17
29.5477386934673,7
29.5477386934673,8
29.5477386934673,7
29.5477386934673,9
29.5477386934673,9
29.5477386934673,14
29.5477386934673,15
29.5477386934673,4
29.5477386934673,12
29.5477386934673,9
29.5477386934673,10
29.5477386934673,9
29.5477386934673,8
29.5477386934673,8
29.5477386934673,8
29.5477386934673,14
29.5477386934673,14
29.5477386934673,8
29.5477386934673,14
29.5477386934673,11
29.5477386934673,14
29.5477386934673,9
29.5477386934673,7
29.5477386934673,12
29.5477386934673,5
29.5477386934673,7
29.5477386934673,8
29.5477386934673,12
29.5477386934673,12
29.5477386934673,18
29.5477386934673,12
29.5477386934673,6
29.5477386934673,9
29.5477386934673,10
29.5477386934673,11
29.5477386934673,11
29.5477386934673,8
29.5477386934673,10
29.5477386934673,10
29.5477386934673,6
29.5477386934673,10
29.5477386934673,5
29.5477386934673,10
29.5477386934673,12
29.5477386934673,8
29.5477386934673,6
29.5477386934673,10
29.5477386934673,4
29.5477386934673,7
29.5477386934673,11
29.5477386934673,8
29.5477386934673,13
29.5477386934673,6
29.5477386934673,13
29.5477386934673,11
29.5477386934673,9
29.5477386934673,9
29.5477386934673,12
29.5477386934673,17
29.5477386934673,12
29.5477386934673,9
29.5477386934673,8
29.5477386934673,11
29.5477386934673,10
29.5477386934673,12
29.5477386934673,11
29.5477386934673,7
29.5477386934673,9
29.5477386934673,6
29.5477386934673,9
29.5477386934673,9
29.5477386934673,13
29.5477386934673,8
29.5477386934673,10
29.5477386934673,8
29.5477386934673,13
29.5477386934673,5
29.5477386934673,11
29.5477386934673,9
29.5477386934673,14
29.5477386934673,6
29.5477386934673,14
29.5477386934673,10
29.5477386934673,8
29.5477386934673,14
29.5477386934673,14
29.5477386934673,8
29.5477386934673,9
29.5477386934673,8
29.5477386934673,7
29.5477386934673,10
29.5477386934673,4
29.748743718593,5
29.748743718593,6
29.748743718593,8
29.748743718593,6
29.748743718593,12
29.748743718593,14
29.748743718593,5
29.748743718593,12
29.748743718593,8
29.748743718593,8
29.748743718593,10
29.748743718593,13
29.748743718593,16
29.748743718593,11
29.748743718593,8
29.748743718593,18
29.748743718593,10
29.748743718593,19
29.748743718593,10
29.748743718593,11
29.748743718593,13
29.748743718593,10
29.748743718593,10
29.748743718593,9
29.748743718593,6
29.748743718593,9
29.748743718593,5
29.748743718593,8
29.748743718593,7
29.748743718593,16
29.748743718593,8
29.748743718593,11
29.748743718593,9
29.748743718593,7
29.748743718593,17
29.748743718593,5
29.748743718593,6
29.748743718593,11
29.748743718593,11
29.748743718593,7
29.748743718593,16
29.748743718593,11
29.748743718593,8
29.748743718593,13
29.748743718593,13
29.748743718593,10
29.748743718593,12
29.748743718593,8
29.748743718593,5
29.748743718593,10
29.748743718593,12
29.748743718593,9
29.748743718593,3
29.748743718593,11
29.748743718593,7
29.748743718593,10
29.748743718593,4
29.748743718593,11
29.748743718593,9
29.748743718593,4
29.748743718593,11
29.748743718593,7
29.748743718593,11
29.748743718593,10
29.748743718593,10
29.748743718593,13
29.748743718593,8
29.748743718593,9
29.748743718593,10
29.748743718593,14
29.748743718593,3
29.748743718593,7
29.748743718593,7
29.748743718593,5
29.748743718593,10
29.748743718593,13
29.748743718593,12
29.748743718593,10
29.748743718593,12
29.748743718593,11
29.748743718593,11
29.748743718593,17
29.748743718593,10
29.748743718593,5
29.748743718593,8
29.748743718593,12
29.748743718593,10
29.748743718593,8
29.748743718593,7
29.748743718593,10
29.748743718593,8
29.748743718593,7
29.748743718593,10
29.748743718593,8
29.748743718593,15
29.748743718593,6
29.748743718593,16
29.748743718593,11
29.748743718593,7
29.748743718593,10
29.748743718593,11
29.748743718593,11
29.748743718593,10
29.748743718593,7
29.748743718593,10
29.748743718593,8
29.748743718593,10
29.748743718593,13
29.748743718593,11
29.748743718593,9
29.748743718593,11
29.748743718593,11
29.748743718593,12
29.748743718593,7
29.748743718593,15
29.748743718593,16
29.748743718593,8
29.748743718593,10
29.748743718593,9
29.748743718593,6
29.748743718593,5
29.748743718593,13
29.748743718593,7
29.748743718593,10
29.748743718593,9
29.748743718593,11
29.748743718593,12
29.748743718593,14
29.748743718593,11
29.748743718593,5
29.748743718593,11
29.748743718593,11
29.748743718593,10
29.748743718593,5
29.748743718593,8
29.748743718593,7
29.748743718593,6
29.748743718593,6
29.748743718593,4
29.748743718593,9
29.748743718593,6
29.748743718593,7
29.748743718593,15
29.748743718593,12
29.748743718593,6
29.748743718593,11
29.748743718593,16
29.748743718593,8
29.748743718593,5
29.748743718593,8
29.748743718593,6
29.748743718593,13
29.748743718593,14
29.748743718593,5
29.748743718593,11
29.748743718593,8
29.748743718593,9
29.748743718593,14
29.748743718593,11
29.748743718593,14
29.748743718593,12
29.748743718593,3
29.748743718593,10
29.748743718593,8
29.748743718593,14
29.748743718593,5
29.748743718593,10
29.748743718593,10
29.748743718593,13
29.748743718593,6
29.748743718593,7
29.748743718593,16
29.748743718593,16
29.748743718593,15
29.748743718593,12
29.748743718593,7
29.748743718593,8
29.748743718593,8
29.748743718593,12
29.748743718593,10
29.748743718593,13
29.748743718593,11
29.748743718593,11
29.748743718593,9
29.748743718593,7
29.748743718593,9
29.748743718593,14
29.748743718593,7
29.748743718593,10
29.748743718593,14
29.748743718593,13
29.748743718593,7
29.748743718593,12
29.748743718593,12
29.748743718593,17
29.748743718593,12
29.748743718593,10
29.748743718593,4
29.748743718593,9
29.748743718593,14
29.9497487437186,11
29.9497487437186,12
29.9497487437186,7
29.9497487437186,8
29.9497487437186,11
29.9497487437186,7
29.9497487437186,7
29.9497487437186,6
29.9497487437186,6
29.9497487437186,15
29.9497487437186,9
29.9497487437186,5
29.9497487437186,13
29.9497487437186,12
29.9497487437186,13
29.9497487437186,6
29.9497487437186,9
29.9497487437186,5
29.9497487437186,8
29.9497487437186,8
29.9497487437186,6
29.9497487437186,10
29.9497487437186,3
29.9497487437186,9
29.9497487437186,9
29.9497487437186,14
29.9497487437186,11
29.9497487437186,9
29.9497487437186,12
29.9497487437186,12
29.9497487437186,9
29.9497487437186,9
29.9497487437186,11
29.9497487437186,7
29.9497487437186,7
29.9497487437186,13
29.9497487437186,6
29.9497487437186,8
29.9497487437186,11
29.9497487437186,11
29.9497487437186,10
29.9497487437186,8
29.9497487437186,11
29.9497487437186,7
29.9497487437186,8
29.9497487437186,13
29.9497487437186,11
29.9497487437186,20
29.9497487437186,10
29.9497487437186,7
29.9497487437186,9
29.9497487437186,14
29.9497487437186,9
29.9497487437186,7
29.9497487437186,11
29.9497487437186,10
29.9497487437186,12
29.9497487437186,14
29.9497487437186,6
29.9497487437186,10
29.9497487437186,12
29.9497487437186,12
29.9497487437186,15
29.9497487437186,12
29.9497487437186,7
29.9497487437186,11
29.9497487437186,11
29.9497487437186,9
29.9497487437186,10
29.9497487437186,15
29.9497487437186,6
29.9497487437186,9
29.9497487437186,11
29.9497487437186,8
29.9497487437186,8
29.9497487437186,11
29.9497487437186,10
29.9497487437186,10
29.9497487437186,13
29.9497487437186,11
29.9497487437186,7
29.9497487437186,14
29.9497487437186,10
29.9497487437186,8
29.9497487437186,13
29.9497487437186,13
29.9497487437186,3
29.9497487437186,7
29.9497487437186,10
29.9497487437186,5
29.9497487437186,11
29.9497487437186,4
29.9497487437186,8
29.9497487437186,10
29.9497487437186,11
29.9497487437186,5
29.9497487437186,10
29.9497487437186,13
29.9497487437186,11
29.9497487437186,11
29.9497487437186,10
29.9497487437186,11
29.9497487437186,12
29.9497487437186,9
29.9497487437186,10
29.9497487437186,8
29.9497487437186,6
29.9497487437186,12
29.9497487437186,9
29.9497487437186,4
29.9497487437186,11
29.9497487437186,7
29.9497487437186,12
29.9497487437186,16
29.9497487437186,9
29.9497487437186,9
29.9497487437186,6
29.9497487437186,6
29.9497487437186,10
29.9497487437186,9
29.9497487437186,13
29.9497487437186,10
29.9497487437186,13
29.9497487437186,8
29.9497487437186,11
29.9497487437186,10
29.9497487437186,6
29.9497487437186,9
29.9497487437186,7
29.9497487437186,11
29.9497487437186,2
29.9497487437186,10
29.9497487437186,12
29.9497487437186,8
29.9497487437186,9
29.9497487437186,4
29.9497487437186,10
29.9497487437186,6
29.9497487437186,9
29.9497487437186,9
29.9497487437186,11
29.9497487437186,5
29.9497487437186,11
29.9497487437186,12
29.9497487437186,11
29.9497487437186,15
29.9497487437186,14
29.9497487437186,10
29.9497487437186,10
29.9497487437186,7
29.9497487437186,9
29.9497487437186,10
29.9497487437186,8
29.9497487437186,11
29.9497487437186,12
29.9497487437186,12
29.9497487437186,11
29.9497487437186,11
29.9497487437186,11
29.9497487437186,9
29.9497487437186,10
29.9497487437186,14
29.9497487437186,13
29.9497487437186,16
29.9497487437186,8
29.9497487437186,13
29.9497487437186,6
29.9497487437186,6
29.9497487437186,14
29.9497487437186,8
29.9497487437186,13
29.9497487437186,8
29.9497487437186,13
29.9497487437186,4
29.9497487437186,15
29.9497487437186,9
29.9497487437186,19
29.9497487437186,15
29.9497487437186,11
29.9497487437186,9
29.9497487437186,11
29.9497487437186,11
29.9497487437186,11
29.9497487437186,9
29.9497487437186,7
29.9497487437186,13
29.9497487437186,8
29.9497487437186,7
29.9497487437186,9
29.9497487437186,9
29.9497487437186,15
29.9497487437186,13
29.9497487437186,14
29.9497487437186,10
29.9497487437186,7
29.9497487437186,7
29.9497487437186,8
29.9497487437186,14
29.9497487437186,10
29.9497487437186,14
30.1507537688442,9
30.1507537688442,8
30.1507537688442,11
30.1507537688442,12
30.1507537688442,9
30.1507537688442,12
30.1507537688442,7
30.1507537688442,8
30.1507537688442,11
30.1507537688442,9
30.1507537688442,8
30.1507537688442,17
30.1507537688442,8
30.1507537688442,5
30.1507537688442,13
30.1507537688442,10
30.1507537688442,10
30.1507537688442,10
30.1507537688442,12
30.1507537688442,10
30.1507537688442,7
30.1507537688442,6
30.1507537688442,15
30.1507537688442,11
30.1507537688442,7
30.1507537688442,7
30.1507537688442,7
30.1507537688442,5
30.1507537688442,9
30.1507537688442,12
30.1507537688442,20
30.1507537688442,9
30.1507537688442,14
30.1507537688442,8
30.1507537688442,5
30.1507537688442,10
30.1507537688442,9
30.1507537688442,7
30.1507537688442,6
30.1507537688442,10
30.1507537688442,14
30.1507537688442,5
30.1507537688442,16
30.1507537688442,13
30.1507537688442,9
30.1507537688442,8
30.1507537688442,9
30.1507537688442,9
30.1507537688442,11
30.1507537688442,13
30.1507537688442,8
30.1507537688442,7
30.1507537688442,8
30.1507537688442,7
30.1507537688442,6
30.1507537688442,10
30.1507537688442,4
30.1507537688442,7
30.1507537688442,17
30.1507537688442,11
30.1507537688442,17
30.1507537688442,5
30.1507537688442,9
30.1507537688442,16
30.1507537688442,8
30.1507537688442,5
30.1507537688442,3
30.1507537688442,6
30.1507537688442,13
30.1507537688442,9
30.1507537688442,6
30.1507537688442,10
30.1507537688442,10
30.1507537688442,9
30.1507537688442,12
30.1507537688442,6
30.1507537688442,10
30.1507537688442,7
30.1507537688442,12
30.1507537688442,12
30.1507537688442,7
30.1507537688442,12
30.1507537688442,4
30.1507537688442,8
30.1507537688442,9
30.1507537688442,12
30.1507537688442,2
30.1507537688442,15
30.1507537688442,10
30.1507537688442,3
30.1507537688442,9
30.1507537688442,6
30.1507537688442,8
30.1507537688442,8
30.1507537688442,12
30.1507537688442,6
30.1507537688442,5
30.1507537688442,11
30.1507537688442,6
30.1507537688442,9
30.1507537688442,6
30.1507537688442,12
30.1507537688442,13
30.1507537688442,9
30.1507537688442,7
30.1507537688442,4
30.1507537688442,6
30.1507537688442,10
30.1507537688442,13
30.1507537688442,12
30.1507537688442,11
30.1507537688442,12
30.1507537688442,19
30.1507537688442,11
30.1507537688442,9
30.1507537688442,12
30.1507537688442,10
30.1507537688442,11
30.1507537688442,11
30.1507537688442,15
30.1507537688442,3
30.1507537688442,11
30.1507537688442,11
30.1507537688442,5
30.1507537688442,5
30.1507537688442,5
30.1507537688442,5
30.1507537688442,12
30.1507537688442,8
30.1507537688442,11
30.1507537688442,13
30.1507537688442,7
30.1507537688442,11
30.1507537688442,7
30.1507537688442,9
30.1507537688442,8
30.1507537688442,14
30.1507537688442,5
30.1507537688442,9
30.1507537688442,9
30.1507537688442,9
30.1507537688442,15
30.1507537688442,5
30.1507537688442,8
30.1507537688442,12
30.1507537688442,10
30.1507537688442,8
30.1507537688442,9
30.1507537688442,8
30.1507537688442,11
30.1507537688442,10
30.1507537688442,10
30.1507537688442,12
30.1507537688442,13
30.1507537688442,17
30.1507537688442,7
30.1507537688442,9
30.1507537688442,9
30.1507537688442,9
30.1507537688442,10
30.1507537688442,11
30.1507537688442,9
30.1507537688442,11
30.1507537688442,7
30.1507537688442,8
30.1507537688442,12
30.1507537688442,14
30.1507537688442,11
30.1507537688442,6
30.1507537688442,12
30.1507537688442,12
30.1507537688442,10
30.1507537688442,10
30.1507537688442,14
30.1507537688442,15
30.1507537688442,15
30.1507537688442,10
30.1507537688442,5
30.1507537688442,11
30.1507537688442,9
30.1507537688442,10
30.1507537688442,8
30.1507537688442,9
30.1507537688442,8
30.1507537688442,7
30.1507537688442,12
30.1507537688442,6
30.1507537688442,10
30.1507537688442,6
30.1507537688442,18
30.1507537688442,10
30.1507537688442,11
30.1507537688442,10
30.1507537688442,8
30.1507537688442,10
30.1507537688442,9
30.1507537688442,13
30.1507537688442,15
30.1507537688442,12
30.1507537688442,6
30.3517587939699,9
30.3517587939699,16
30.3517587939699,13
30.3517587939699,6
30.3517587939699,6
30.3517587939699,12
30.3517587939699,7
30.3517587939699,9
30.3517587939699,8
30.3517587939699,8
30.3517587939699,5
30.3517587939699,10
30.3517587939699,6
30.3517587939699,7
30.3517587939699,15
30.3517587939699,8
30.3517587939699,6
30.3517587939699,6
30.3517587939699,10
30.3517587939699,12
30.3517587939699,8
30.3517587939699,10
30.3517587939699,12
30.3517587939699,9
30.3517587939699,8
30.3517587939699,13
30.3517587939699,5
30.3517587939699,12
30.3517587939699,9
30.3517587939699,11
30.3517587939699,5
30.3517587939699,13
30.3517587939699,7
30.3517587939699,5
30.3517587939699,10
30.3517587939699,12
30.3517587939699,8
30.3517587939699,13
30.3517587939699,1
30.3517587939699,13
30.3517587939699,6
30.3517587939699,9
30.3517587939699,8
30.3517587939699,11
30.3517587939699,12
30.3517587939699,10
30.3517587939699,10
30.3517587939699,12
30.3517587939699,11
30.3517587939699,7
30.3517587939699,15
30.3517587939699,10
30.3517587939699,13
30.3517587939699,7
30.3517587939699,14
30.3517587939699,13
30.3517587939699,15
30.3517587939699,22
30.3517587939699,14
30.3517587939699,7
30.3517587939699,5
30.3517587939699,18
30.3517587939699,9
30.3517587939699,3
30.3517587939699,6
30.3517587939699,10
30.3517587939699,10
30.3517587939699,9
30.3517587939699,4
30.3517587939699,6
30.3517587939699,15
30.3517587939699,10
30.3517587939699,12
30.3517587939699,16
30.3517587939699,11
30.3517587939699,8
30.3517587939699,5
30.3517587939699,12
30.3517587939699,8
30.3517587939699,13
30.3517587939699,8
30.3517587939699,11
30.3517587939699,13
30.3517587939699,9
30.3517587939699,5
30.3517587939699,13
30.3517587939699,14
30.3517587939699,11
30.3517587939699,5
30.3517587939699,15
30.3517587939699,5
30.3517587939699,10
30.3517587939699,9
30.3517587939699,7
30.3517587939699,8
30.3517587939699,10
30.3517587939699,9
30.3517587939699,10
30.3517587939699,13
30.3517587939699,11
30.3517587939699,12
30.3517587939699,8
30.3517587939699,15
30.3517587939699,11
30.3517587939699,7
30.3517587939699,11
30.3517587939699,12
30.3517587939699,6
30.3517587939699,16
30.3517587939699,13
30.3517587939699,15
30.3517587939699,13
30.3517587939699,15
30.3517587939699,6
30.3517587939699,11
30.3517587939699,12
30.3517587939699,11
30.3517587939699,10
30.3517587939699,7
30.3517587939699,9
30.3517587939699,6
30.3517587939699,11
30.3517587939699,9
30.3517587939699,9
30.3517587939699,12
30.3517587939699,13
30.3517587939699,11
30.3517587939699,6
30.3517587939699,10
30.3517587939699,5
30.3517587939699,8
30.3517587939699,12
30.3517587939699,9
30.3517587939699,11
30.3517587939699,12
30.3517587939699,14
30.3517587939699,5
30.3517587939699,8
30.3517587939699,7
30.3517587939699,14
30.3517587939699,9
30.3517587939699,11
30.3517587939699,9
30.3517587939699,11
30.3517587939699,16
30.3517587939699,11
30.3517587939699,13
30.3517587939699,8
30.3517587939699,11
30.3517587939699,8
30.3517587939699,10
30.3517587939699,16
30.3517587939699,6
30.3517587939699,13
30.3517587939699,19
30.3517587939699,12
30.3517587939699,8
30.3517587939699,10
30.3517587939699,11
30.3517587939699,10
30.3517587939699,8
30.3517587939699,16
30.3517587939699,13
30.3517587939699,10
30.3517587939699,8
30.3517587939699,8
30.3517587939699,7
30.3517587939699,9
30.3517587939699,10
30.3517587939699,13
30.3517587939699,7
30.3517587939699,13
30.3517587939699,10
30.3517587939699,12
30.3517587939699,13
30.3517587939699,8
30.3517587939699,3
30.3517587939699,8
30.3517587939699,7
30.3517587939699,13
30.3517587939699,8
30.3517587939699,9
30.3517587939699,11
30.3517587939699,11
30.3517587939699,13
30.3517587939699,10
30.3517587939699,6
30.3517587939699,18
30.3517587939699,14
30.3517587939699,13
30.3517587939699,13
30.3517587939699,3
30.3517587939699,14
30.3517587939699,12
30.3517587939699,8
30.3517587939699,10
30.3517587939699,8
30.3517587939699,6
30.3517587939699,12
30.3517587939699,12
30.5527638190955,16
30.5527638190955,10
30.5527638190955,11
30.5527638190955,9
30.5527638190955,10
30.5527638190955,9
30.5527638190955,10
30.5527638190955,4
30.5527638190955,13
30.5527638190955,15
30.5527638190955,11
30.5527638190955,11
30.5527638190955,8
30.5527638190955,8
30.5527638190955,5
30.5527638190955,7
30.5527638190955,7
30.5527638190955,4
30.5527638190955,9
30.5527638190955,13
30.5527638190955,9
30.5527638190955,7
30.5527638190955,9
30.5527638190955,14
30.5527638190955,14
30.5527638190955,10
30.5527638190955,7
30.5527638190955,8
30.5527638190955,12
30.5527638190955,5
30.5527638190955,7
30.5527638190955,9
30.5527638190955,9
30.5527638190955,11
30.5527638190955,9
30.5527638190955,6
30.5527638190955,11
30.5527638190955,12
30.5527638190955,11
30.5527638190955,13
30.5527638190955,12
30.5527638190955,15
30.5527638190955,8
30.5527638190955,4
30.5527638190955,8
30.5527638190955,8
30.5527638190955,8
30.5527638190955,14
30.5527638190955,8
30.5527638190955,13
30.5527638190955,11
30.5527638190955,13
30.5527638190955,8
30.5527638190955,7
30.5527638190955,7
30.5527638190955,15
30.5527638190955,14
30.5527638190955,8
30.5527638190955,10
30.5527638190955,11
30.5527638190955,10
30.5527638190955,11
30.5527638190955,12
30.5527638190955,14
30.5527638190955,14
30.5527638190955,1
30.5527638190955,14
30.5527638190955,9
30.5527638190955,12
30.5527638190955,10
30.5527638190955,7
30.5527638190955,12
30.5527638190955,12
30.5527638190955,13
30.5527638190955,8
30.5527638190955,7
30.5527638190955,11
30.5527638190955,12
30.5527638190955,8
30.5527638190955,10
30.5527638190955,11
30.5527638190955,14
30.5527638190955,9
30.5527638190955,10
30.5527638190955,8
30.5527638190955,10
30.5527638190955,14
30.5527638190955,7
30.5527638190955,11
30.5527638190955,10
30.5527638190955,8
30.5527638190955,11
30.5527638190955,6
30.5527638190955,7
30.5527638190955,6
30.5527638190955,13
30.5527638190955,10
30.5527638190955,7
30.5527638190955,8
30.5527638190955,9
30.5527638190955,13
30.5527638190955,10
30.5527638190955,9
30.5527638190955,8
30.5527638190955,6
30.5527638190955,6
30.5527638190955,8
30.5527638190955,13
30.5527638190955,7
30.5527638190955,10
30.5527638190955,10
30.5527638190955,15
30.5527638190955,17
30.5527638190955,8
30.5527638190955,9
30.5527638190955,7
30.5527638190955,10
30.5527638190955,16
30.5527638190955,10
30.5527638190955,3
30.5527638190955,13
30.5527638190955,9
30.5527638190955,9
30.5527638190955,12
30.5527638190955,13
30.5527638190955,13
30.5527638190955,9
30.5527638190955,13
30.5527638190955,8
30.5527638190955,9
30.5527638190955,8
30.5527638190955,10
30.5527638190955,14
30.5527638190955,7
30.5527638190955,8
30.5527638190955,13
30.5527638190955,11
30.5527638190955,11
30.5527638190955,8
30.5527638190955,9
30.5527638190955,10
30.5527638190955,5
30.5527638190955,6
30.5527638190955,9
30.5527638190955,6
30.5527638190955,5
30.5527638190955,12
30.5527638190955,7
30.5527638190955,11
30.5527638190955,8
30.5527638190955,12
30.5527638190955,10
30.5527638190955,8
30.5527638190955,4
30.5527638190955,12
30.5527638190955,4
30.5527638190955,10
30.5527638190955,13
30.5527638190955,9
30.5527638190955,8
30.5527638190955,10
30.5527638190955,11
30.5527638190955,14
30.5527638190955,8
30.5527638190955,6
30.5527638190955,9
30.5527638190955,8
30.5527638190955,5
30.5527638190955,11
30.5527638190955,11
30.5527638190955,13
30.5527638190955,11
30.5527638190955,13
30.5527638190955,15
30.5527638190955,12
30.5527638190955,8
30.5527638190955,11
30.5527638190955,12
30.5527638190955,6
30.5527638190955,8
30.5527638190955,10
30.5527638190955,8
30.5527638190955,14
30.5527638190955,7
30.5527638190955,10
30.5527638190955,15
30.5527638190955,8
30.5527638190955,5
30.5527638190955,5
30.5527638190955,10
30.5527638190955,9
30.5527638190955,7
30.5527638190955,10
30.5527638190955,9
30.5527638190955,10
30.5527638190955,4
30.5527638190955,15
30.5527638190955,9
30.5527638190955,6
30.5527638190955,14
30.7537688442211,10
30.7537688442211,10
30.7537688442211,11
30.7537688442211,9
30.7537688442211,11
30.7537688442211,5
30.7537688442211,10
30.7537688442211,11
30.7537688442211,9
30.7537688442211,8
30.7537688442211,7
30.7537688442211,10
30.7537688442211,10
30.7537688442211,9
30.7537688442211,8
30.7537688442211,7
30.7537688442211,11
30.7537688442211,13
30.7537688442211,9
30.7537688442211,8
30.7537688442211,10
30.7537688442211,6
30.7537688442211,9
30.7537688442211,9
30.7537688442211,6
30.7537688442211,8
30.7537688442211,8
30.7537688442211,8
30.7537688442211,9
30.7537688442211,9
30.7537688442211,10
30.7537688442211,6
30.7537688442211,6
30.7537688442211,7
30.7537688442211,15
30.7537688442211,5
30.7537688442211,6
30.7537688442211,11
30.7537688442211,11
30.7537688442211,7
30.7537688442211,14
30.7537688442211,5
30.7537688442211,12
30.7537688442211,7
30.7537688442211,10
30.7537688442211,13
30.7537688442211,13
30.7537688442211,12
30.7537688442211,9
30.7537688442211,11
30.7537688442211,9
30.7537688442211,8
30.7537688442211,10
30.7537688442211,16
30.7537688442211,13
30.7537688442211,5
30.7537688442211,13
30.7537688442211,8
30.7537688442211,9
30.7537688442211,9
30.7537688442211,15
30.7537688442211,7
30.7537688442211,6
30.7537688442211,8
30.7537688442211,15
30.7537688442211,15
30.7537688442211,8
30.7537688442211,9
30.7537688442211,7
30.7537688442211,9
30.7537688442211,13
30.7537688442211,15
30.7537688442211,14
30.7537688442211,6
30.7537688442211,9
30.7537688442211,11
30.7537688442211,7
30.7537688442211,9
30.7537688442211,10
30.7537688442211,11
30.7537688442211,10
30.7537688442211,14
30.7537688442211,7
30.7537688442211,16
30.7537688442211,11
30.7537688442211,8
30.7537688442211,11
30.7537688442211,9
30.7537688442211,13
30.7537688442211,12
30.7537688442211,13
30.7537688442211,13
30.7537688442211,10
30.7537688442211,12
30.7537688442211,6
30.7537688442211,16
30.7537688442211,10
30.7537688442211,6
30.7537688442211,9
30.7537688442211,11
30.7537688442211,7
30.7537688442211,8
30.7537688442211,15
30.7537688442211,6
30.7537688442211,9
30.7537688442211,16
30.7537688442211,8
30.7537688442211,13
30.7537688442211,12
30.7537688442211,8
30.7537688442211,11
30.7537688442211,7
30.7537688442211,4
30.7537688442211,6
30.7537688442211,8
30.7537688442211,9
30.7537688442211,13
30.7537688442211,9
30.7537688442211,10
30.7537688442211,12
30.7537688442211,12
30.7537688442211,9
30.7537688442211,7
30.7537688442211,13
30.7537688442211,6
30.7537688442211,13
30.7537688442211,13
30.7537688442211,7
30.7537688442211,4
30.7537688442211,8
30.7537688442211,8
30.7537688442211,13
30.7537688442211,8
30.7537688442211,10
30.7537688442211,12
30.7537688442211,10
30.7537688442211,8
30.7537688442211,7
30.7537688442211,10
30.7537688442211,7
30.7537688442211,8
30.7537688442211,7
30.7537688442211,10
30.7537688442211,12
30.7537688442211,11
30.7537688442211,12
30.7537688442211,9
30.7537688442211,8
30.7537688442211,3
30.7537688442211,20
30.7537688442211,11
30.7537688442211,7
30.7537688442211,11
30.7537688442211,9
30.7537688442211,6
30.7537688442211,10
30.7537688442211,10
30.7537688442211,9
30.7537688442211,7
30.7537688442211,13
30.7537688442211,9
30.7537688442211,12
30.7537688442211,8
30.7537688442211,12
30.7537688442211,9
30.7537688442211,4
30.7537688442211,9
30.7537688442211,11
30.7537688442211,9
30.7537688442211,8
30.7537688442211,9
30.7537688442211,14
30.7537688442211,10
30.7537688442211,8
30.7537688442211,11
30.7537688442211,2
30.7537688442211,9
30.7537688442211,7
30.7537688442211,13
30.7537688442211,15
30.7537688442211,6
30.7537688442211,10
30.7537688442211,9
30.7537688442211,8
30.7537688442211,11
30.7537688442211,7
30.7537688442211,8
30.7537688442211,8
30.7537688442211,12
30.7537688442211,12
30.7537688442211,16
30.7537688442211,11
30.7537688442211,7
30.7537688442211,17
30.7537688442211,8
30.7537688442211,6
30.7537688442211,9
30.7537688442211,7
30.7537688442211,8
30.7537688442211,6
30.9547738693467,11
30.9547738693467,4
30.9547738693467,14
30.9547738693467,8
30.9547738693467,9
30.9547738693467,4
30.9547738693467,9
30.9547738693467,10
30.9547738693467,6
30.9547738693467,10
30.9547738693467,11
30.9547738693467,4
30.9547738693467,11
30.9547738693467,12
30.9547738693467,11
30.9547738693467,16
30.9547738693467,14
30.9547738693467,14
30.9547738693467,13
30.9547738693467,9
30.9547738693467,14
30.9547738693467,12
30.9547738693467,12
30.9547738693467,14
30.9547738693467,14
30.9547738693467,6
30.9547738693467,11
30.9547738693467,9
30.9547738693467,9
30.9547738693467,7
30.9547738693467,6
30.9547738693467,8
30.9547738693467,11
30.9547738693467,13
30.9547738693467,14
30.9547738693467,8
30.9547738693467,10
30.9547738693467,10
30.9547738693467,4
30.9547738693467,13
30.9547738693467,10
30.9547738693467,5
30.9547738693467,8
30.9547738693467,11
30.9547738693467,6
30.9547738693467,6
30.9547738693467,9
30.9547738693467,18
30.9547738693467,15
30.9547738693467,9
30.9547738693467,8
30.9547738693467,8
30.9547738693467,16
30.9547738693467,7
30.9547738693467,6
30.9547738693467,8
30.9547738693467,8
30.9547738693467,11
30.9547738693467,11
30.9547738693467,5
30.9547738693467,14
30.9547738693467,13
30.9547738693467,7
30.9547738693467,5
30.9547738693467,16
30.9547738693467,3
30.9547738693467,11
30.9547738693467,10
30.9547738693467,12
30.9547738693467,10
30.9547738693467,10
30.9547738693467,8
30.9547738693467,12
30.9547738693467,5
30.9547738693467,12
30.9547738693467,13
30.9547738693467,10
30.9547738693467,11
30.9547738693467,9
30.9547738693467,7
30.9547738693467,11
30.9547738693467,8
30.9547738693467,3
30.9547738693467,8
30.9547738693467,5
30.9547738693467,10
30.9547738693467,16
30.9547738693467,11
30.9547738693467,9
30.9547738693467,17
30.9547738693467,12
30.9547738693467,7
30.9547738693467,10
30.9547738693467,11
30.9547738693467,8
30.9547738693467,13
30.9547738693467,11
30.9547738693467,11
30.9547738693467,9
30.9547738693467,15
30.9547738693467,7
30.9547738693467,17
30.9547738693467,9
30.9547738693467,7
30.9547738693467,11
30.9547738693467,12
30.9547738693467,10
30.9547738693467,7
30.9547738693467,12
30.9547738693467,11
30.9547738693467,12
30.9547738693467,7
30.9547738693467,7
30.9547738693467,10
30.9547738693467,9
30.9547738693467,9
30.9547738693467,11
30.9547738693467,11
30.9547738693467,9
30.9547738693467,8
30.9547738693467,11
30.9547738693467,7
30.9547738693467,9
30.9547738693467,12
30.9547738693467,8
30.9547738693467,14
30.9547738693467,8
30.9547738693467,11
30.9547738693467,10
30.9547738693467,10
30.9547738693467,6
30.9547738693467,12
30.9547738693467,11
30.9547738693467,13
30.9547738693467,12
30.9547738693467,9
30.9547738693467,10
30.9547738693467,5
30.9547738693467,8
30.9547738693467,7
30.9547738693467,14
30.9547738693467,12
30.9547738693467,13
30.9547738693467,6
30.9547738693467,11
30.9547738693467,13
30.9547738693467,10
30.9547738693467,7
30.9547738693467,10
30.9547738693467,5
30.9547738693467,5
30.9547738693467,12
30.9547738693467,14
30.9547738693467,11
30.9547738693467,7
30.9547738693467,13
30.9547738693467,13
30.9547738693467,6
30.9547738693467,4
30.9547738693467,11
30.9547738693467,11
30.9547738693467,6
30.9547738693467,8
30.9547738693467,8
30.9547738693467,9
30.9547738693467,12
30.9547738693467,6
30.9547738693467,12
30.9547738693467,13
30.9547738693467,9
30.9547738693467,17
30.9547738693467,8
30.9547738693467,14
30.9547738693467,8
30.9547738693467,9
30.9547738693467,12
30.9547738693467,8
30.9547738693467,7
30.9547738693467,12
30.9547738693467,5
30.9547738693467,9
30.9547738693467,14
30.9547738693467,11
30.9547738693467,10
30.9547738693467,10
30.9547738693467,8
30.9547738693467,6
30.9547738693467,13
30.9547738693467,7
30.9547738693467,9
30.9547738693467,8
30.9547738693467,13
30.9547738693467,7
30.9547738693467,7
30.9547738693467,4
30.9547738693467,10
30.9547738693467,14
30.9547738693467,11
30.9547738693467,8
30.9547738693467,10
31.1557788944724,7
31.1557788944724,7
31.1557788944724,9
31.1557788944724,5
31.1557788944724,10
31.1557788944724,9
31.1557788944724,11
31.1557788944724,11
31.1557788944724,14
31.1557788944724,14
31.1557788944724,5
31.1557788944724,10
31.1557788944724,9
31.1557788944724,17
31.1557788944724,13
31.1557788944724,10
31.1557788944724,14
31.1557788944724,6
31.1557788944724,12
31.1557788944724,10
31.1557788944724,10
31.1557788944724,7
31.1557788944724,7
31.1557788944724,12
31.1557788944724,9
31.1557788944724,3
31.1557788944724,8
31.1557788944724,14
31.1557788944724,6
31.1557788944724,8
31.1557788944724,10
31.1557788944724,14
31.1557788944724,7
31.1557788944724,6
31.1557788944724,12
31.1557788944724,11
31.1557788944724,7
31.1557788944724,9
31.1557788944724,14
31.1557788944724,11
31.1557788944724,5
31.1557788944724,12
31.1557788944724,9
31.1557788944724,11
31.1557788944724,14
31.1557788944724,13
31.1557788944724,6
31.1557788944724,9
31.1557788944724,10
31.1557788944724,9
31.1557788944724,7
31.1557788944724,11
31.1557788944724,10
31.1557788944724,11
31.1557788944724,6
31.1557788944724,8
31.1557788944724,6
31.1557788944724,14
31.1557788944724,9
31.1557788944724,12
31.1557788944724,10
31.1557788944724,10
31.1557788944724,8
31.1557788944724,6
31.1557788944724,12
31.1557788944724,10
31.1557788944724,8
31.1557788944724,11
31.1557788944724,12
31.1557788944724,7
31.1557788944724,11
31.1557788944724,10
31.1557788944724,6
31.1557788944724,12
31.1557788944724,7
31.1557788944724,15
31.1557788944724,10
31.1557788944724,4
31.1557788944724,8
31.1557788944724,7
31.1557788944724,6
31.1557788944724,8
31.1557788944724,14
31.1557788944724,7
31.1557788944724,8
31.1557788944724,8
31.1557788944724,12
31.1557788944724,7
31.1557788944724,4
31.1557788944724,10
31.1557788944724,7
31.1557788944724,11
31.1557788944724,7
31.1557788944724,13
31.1557788944724,5
31.1557788944724,9
31.1557788944724,17
31.1557788944724,13
31.1557788944724,8
31.1557788944724,7
31.1557788944724,10
31.1557788944724,10
31.1557788944724,6
31.1557788944724,11
31.1557788944724,15
31.1557788944724,8
31.1557788944724,13
31.1557788944724,9
31.1557788944724,10
31.1557788944724,8
31.1557788944724,11
31.1557788944724,6
31.1557788944724,11
31.1557788944724,13
31.1557788944724,9
31.1557788944724,12
31.1557788944724,9
31.1557788944724,8
31.1557788944724,9
31.1557788944724,8
31.1557788944724,8
31.1557788944724,7
31.1557788944724,11
31.1557788944724,5
31.1557788944724,5
31.1557788944724,1
31.1557788944724,11
31.1557788944724,10
31.1557788944724,12
31.1557788944724,7
31.1557788944724,8
31.1557788944724,6
31.1557788944724,7
31.1557788944724,10
31.1557788944724,9
31.1557788944724,16
31.1557788944724,6
31.1557788944724,9
31.1557788944724,6
31.1557788944724,11
31.1557788944724,10
31.1557788944724,9
31.1557788944724,8
31.1557788944724,14
31.1557788944724,13
31.1557788944724,7
31.1557788944724,5
31.1557788944724,8
31.1557788944724,9
31.1557788944724,10
31.1557788944724,12
31.1557788944724,11
31.1557788944724,6
31.1557788944724,10
31.1557788944724,8
31.1557788944724,11
31.1557788944724,11
31.1557788944724,10
31.1557788944724,9
31.1557788944724,12
31.1557788944724,8
31.1557788944724,13
31.1557788944724,10
31.1557788944724,6
31.1557788944724,8
31.1557788944724,5
31.1557788944724,13
31.1557788944724,7
31.1557788944724,11
31.1557788944724,8
31.1557788944724,15
31.1557788944724,9
31.1557788944724,6
31.1557788944724,4
31.1557788944724,11
31.1557788944724,8
31.1557788944724,6
31.1557788944724,6
31.1557788944724,15
31.1557788944724,10
31.1557788944724,8
31.1557788944724,7
31.1557788944724,4
31.1557788944724,5
31.1557788944724,7
31.1557788944724,13
31.1557788944724,12
31.1557788944724,12
31.1557788944724,5
31.1557788944724,10
31.1557788944724,8
31.1557788944724,11
31.1557788944724,18
31.1557788944724,10
31.1557788944724,7
31.1557788944724,17
31.1557788944724,19
31.1557788944724,7
31.1557788944724,11
31.1557788944724,5
31.356783919598,7
31.356783919598,9
31.356783919598,7
31.356783919598,7
31.356783919598,10
31.356783919598,12
31.356783919598,9
31.356783919598,11
31.356783919598,11
31.356783919598,9
31.356783919598,8
31.356783919598,15
31.356783919598,10
31.356783919598,7
31.356783919598,8
31.356783919598,10
31.356783919598,9
31.356783919598,13
31.356783919598,9
31.356783919598,10
31.356783919598,11
31.356783919598,13
31.356783919598,8
31.356783919598,6
31.356783919598,12
31.356783919598,16
31.356783919598,10
31.356783919598,12
31.356783919598,13
31.356783919598,7
31.356783919598,8
31.356783919598,9
31.356783919598,4
31.356783919598,12
31.356783919598,10
31.356783919598,9
31.356783919598,11
31.356783919598,8
31.356783919598,8
31.356783919598,16
31.356783919598,6
31.356783919598,7
31.356783919598,10
31.356783919598,8
31.356783919598,8
31.356783919598,9
31.356783919598,8
31.356783919598,10
31.356783919598,8
31.356783919598,9
31.356783919598,9
31.356783919598,11
31.356783919598,9
31.356783919598,6
31.356783919598,4
31.356783919598,12
31.356783919598,5
31.356783919598,12
31.356783919598,7
31.356783919598,13
31.356783919598,8
31.356783919598,7
31.356783919598,8
31.356783919598,12
31.356783919598,9
31.356783919598,13
31.356783919598,14
31.356783919598,6
31.356783919598,14
31.356783919598,13
31.356783919598,7
31.356783919598,9
31.356783919598,7
31.356783919598,2
31.356783919598,5
31.356783919598,7
31.356783919598,7
31.356783919598,11
31.356783919598,12
31.356783919598,9
31.356783919598,13
31.356783919598,5
31.356783919598,5
31.356783919598,13
31.356783919598,13
31.356783919598,9
31.356783919598,9
31.356783919598,7
31.356783919598,16
31.356783919598,10
31.356783919598,10
31.356783919598,11
31.356783919598,11
31.356783919598,5
31.356783919598,13
31.356783919598,6
31.356783919598,7
31.356783919598,7
31.356783919598,5
31.356783919598,7
31.356783919598,5
31.356783919598,8
31.356783919598,11
31.356783919598,12
31.356783919598,7
31.356783919598,6
31.356783919598,8
31.356783919598,14
31.356783919598,9
31.356783919598,11
31.356783919598,13
31.356783919598,6
31.356783919598,14
31.356783919598,7
31.356783919598,8
31.356783919598,17
31.356783919598,10
31.356783919598,11
31.356783919598,12
31.356783919598,9
31.356783919598,6
31.356783919598,10
31.356783919598,8
31.356783919598,9
31.356783919598,11
31.356783919598,9
31.356783919598,20
31.356783919598,12
31.356783919598,11
31.356783919598,10
31.356783919598,7
31.356783919598,12
31.356783919598,12
31.356783919598,9
31.356783919598,12
31.356783919598,9
31.356783919598,14
31.356783919598,13
31.356783919598,6
31.356783919598,6
31.356783919598,12
31.356783919598,12
31.356783919598,15
31.356783919598,8
31.356783919598,6
31.356783919598,9
31.356783919598,11
31.356783919598,6
31.356783919598,9
31.356783919598,11
31.356783919598,10
31.356783919598,10
31.356783919598,10
31.356783919598,5
31.356783919598,12
31.356783919598,9
31.356783919598,7
31.356783919598,15
31.356783919598,12
31.356783919598,9
31.356783919598,10
31.356783919598,11
31.356783919598,7
31.356783919598,6
31.356783919598,6
31.356783919598,10
31.356783919598,12
31.356783919598,8
31.356783919598,8
31.356783919598,8
31.356783919598,9
31.356783919598,8
31.356783919598,7
31.356783919598,7
31.356783919598,5
31.356783919598,8
31.356783919598,9
31.356783919598,8
31.356783919598,6
31.356783919598,11
31.356783919598,7
31.356783919598,8
31.356783919598,11
31.356783919598,17
31.356783919598,12
31.356783919598,11
31.356783919598,14
31.356783919598,10
31.356783919598,11
31.356783919598,3
31.356783919598,9
31.356783919598,12
31.356783919598,11
31.356783919598,13
31.356783919598,8
31.356783919598,11
31.356783919598,9
31.356783919598,8
31.356783919598,9
31.356783919598,8
31.5577889447236,9
31.5577889447236,8
31.5577889447236,10
31.5577889447236,17
31.5577889447236,9
31.5577889447236,7
31.5577889447236,13
31.5577889447236,11
31.5577889447236,10
31.5577889447236,14
31.5577889447236,6
31.5577889447236,7
31.5577889447236,11
31.5577889447236,12
31.5577889447236,6
31.5577889447236,13
31.5577889447236,8
31.5577889447236,12
31.5577889447236,11
31.5577889447236,12
31.5577889447236,11
31.5577889447236,8
31.5577889447236,7
31.5577889447236,10
31.5577889447236,8
31.5577889447236,7
31.5577889447236,12
31.5577889447236,6
31.5577889447236,10
31.5577889447236,12
31.5577889447236,7
31.5577889447236,10
31.5577889447236,17
31.5577889447236,5
31.5577889447236,9
31.5577889447236,7
31.5577889447236,9
31.5577889447236,8
31.5577889447236,8
31.5577889447236,8
31.5577889447236,13
31.5577889447236,5
31.5577889447236,4
31.5577889447236,8
31.5577889447236,11
31.5577889447236,8
31.5577889447236,7
31.5577889447236,7
31.5577889447236,7
31.5577889447236,12
31.5577889447236,10
31.5577889447236,7
31.5577889447236,3
31.5577889447236,7
31.5577889447236,7
31.5577889447236,9
31.5577889447236,10
31.5577889447236,9
31.5577889447236,6
31.5577889447236,10
31.5577889447236,8
31.5577889447236,9
31.5577889447236,8
31.5577889447236,4
31.5577889447236,4
31.5577889447236,13
31.5577889447236,12
31.5577889447236,11
31.5577889447236,12
31.5577889447236,9
31.5577889447236,10
31.5577889447236,10
31.5577889447236,9
31.5577889447236,12
31.5577889447236,7
31.5577889447236,8
31.5577889447236,11
31.5577889447236,8
31.5577889447236,13
31.5577889447236,11
31.5577889447236,5
31.5577889447236,6
31.5577889447236,10
31.5577889447236,14
31.5577889447236,16
31.5577889447236,8
31.5577889447236,10
31.5577889447236,8
31.5577889447236,9
31.5577889447236,6
31.5577889447236,9
31.5577889447236,10
31.5577889447236,11
31.5577889447236,7
31.5577889447236,4
31.5577889447236,14
31.5577889447236,8
31.5577889447236,12
31.5577889447236,11
31.5577889447236,8
31.5577889447236,9
31.5577889447236,9
31.5577889447236,6
31.5577889447236,7
31.5577889447236,11
31.5577889447236,6
31.5577889447236,8
31.5577889447236,8
31.5577889447236,4
31.5577889447236,14
31.5577889447236,5
31.5577889447236,7
31.5577889447236,9
31.5577889447236,7
31.5577889447236,4
31.5577889447236,13
31.5577889447236,9
31.5577889447236,9
31.5577889447236,8
31.5577889447236,7
31.5577889447236,4
31.5577889447236,8
31.5577889447236,8
31.5577889447236,7
31.5577889447236,13
31.5577889447236,6
31.5577889447236,13
31.5577889447236,7
31.5577889447236,6
31.5577889447236,6
31.5577889447236,8
31.5577889447236,5
31.5577889447236,7
31.5577889447236,8
31.5577889447236,5
31.5577889447236,6
31.5577889447236,10
31.5577889447236,18
31.5577889447236,13
31.5577889447236,11
31.5577889447236,9
31.5577889447236,11
31.5577889447236,12
31.5577889447236,8
31.5577889447236,13
31.5577889447236,7
31.5577889447236,9
31.5577889447236,13
31.5577889447236,11
31.5577889447236,18
31.5577889447236,16
31.5577889447236,4
31.5577889447236,10
31.5577889447236,13
31.5577889447236,12
31.5577889447236,15
31.5577889447236,8
31.5577889447236,17
31.5577889447236,3
31.5577889447236,10
31.5577889447236,8
31.5577889447236,16
31.5577889447236,9
31.5577889447236,11
31.5577889447236,7
31.5577889447236,15
31.5577889447236,10
31.5577889447236,14
31.5577889447236,7
31.5577889447236,6
31.5577889447236,13
31.5577889447236,11
31.5577889447236,12
31.5577889447236,15
31.5577889447236,12
31.5577889447236,10
31.5577889447236,7
31.5577889447236,8
31.5577889447236,9
31.5577889447236,10
31.5577889447236,9
31.5577889447236,10
31.5577889447236,9
31.5577889447236,10
31.5577889447236,12
31.5577889447236,9
31.5577889447236,15
31.5577889447236,6
31.5577889447236,14
31.5577889447236,12
31.5577889447236,11
31.5577889447236,10
31.5577889447236,8
31.5577889447236,9
31.5577889447236,5
31.5577889447236,11
31.5577889447236,10
31.5577889447236,4
31.5577889447236,9
31.5577889447236,16
31.7587939698492,11
31.7587939698492,6
31.7587939698492,10
31.7587939698492,6
31.7587939698492,5
31.7587939698492,9
31.7587939698492,11
31.7587939698492,7
31.7587939698492,16
31.7587939698492,17
31.7587939698492,7
31.7587939698492,5
31.7587939698492,5
31.7587939698492,7
31.7587939698492,6
31.7587939698492,8
31.7587939698492,8
31.7587939698492,6
31.7587939698492,12
31.7587939698492,9
31.7587939698492,9
31.7587939698492,10
31.7587939698492,7
31.7587939698492,7
31.7587939698492,10
31.7587939698492,13
31.7587939698492,6
31.7587939698492,14
31.7587939698492,13
31.7587939698492,12
31.7587939698492,10
31.7587939698492,8
31.7587939698492,5
31.7587939698492,3
31.7587939698492,8
31.7587939698492,8
31.7587939698492,12
31.7587939698492,8
31.7587939698492,9
31.7587939698492,4
31.7587939698492,10
31.7587939698492,9
31.7587939698492,8
31.7587939698492,4
31.7587939698492,12
31.7587939698492,10
31.7587939698492,13
31.7587939698492,10
31.7587939698492,14
31.7587939698492,10
31.7587939698492,11
31.7587939698492,12
31.7587939698492,10
31.7587939698492,11
31.7587939698492,5
31.7587939698492,17
31.7587939698492,7
31.7587939698492,5
31.7587939698492,8
31.7587939698492,7
31.7587939698492,4
31.7587939698492,10
31.7587939698492,8
31.7587939698492,11
31.7587939698492,12
31.7587939698492,12
31.7587939698492,10
31.7587939698492,6
31.7587939698492,8
31.7587939698492,9
31.7587939698492,13
31.7587939698492,11
31.7587939698492,13
31.7587939698492,13
31.7587939698492,6
31.7587939698492,14
31.7587939698492,5
31.7587939698492,10
31.7587939698492,10
31.7587939698492,11
31.7587939698492,9
31.7587939698492,8
31.7587939698492,9
31.7587939698492,11
31.7587939698492,13
31.7587939698492,7
31.7587939698492,10
31.7587939698492,11
31.7587939698492,12
31.7587939698492,7
31.7587939698492,5
31.7587939698492,9
31.7587939698492,7
31.7587939698492,11
31.7587939698492,8
31.7587939698492,13
31.7587939698492,10
31.7587939698492,15
31.7587939698492,6
31.7587939698492,9
31.7587939698492,11
31.7587939698492,7
31.7587939698492,8
31.7587939698492,12
31.7587939698492,8
31.7587939698492,11
31.7587939698492,7
31.7587939698492,9
31.7587939698492,9
31.7587939698492,10
31.7587939698492,11
31.7587939698492,7
31.7587939698492,10
31.7587939698492,12
31.7587939698492,11
31.7587939698492,11
31.7587939698492,9
31.7587939698492,9
31.7587939698492,10
31.7587939698492,8
31.7587939698492,9
31.7587939698492,8
31.7587939698492,8
31.7587939698492,10
31.7587939698492,11
31.7587939698492,8
31.7587939698492,12
31.7587939698492,9
31.7587939698492,6
31.7587939698492,6
31.7587939698492,13
31.7587939698492,10
31.7587939698492,7
31.7587939698492,4
31.7587939698492,10
31.7587939698492,6
31.7587939698492,5
31.7587939698492,11
31.7587939698492,10
31.7587939698492,11
31.7587939698492,12
31.7587939698492,10
31.7587939698492,11
31.7587939698492,5
31.7587939698492,9
31.7587939698492,9
31.7587939698492,12
31.7587939698492,11
31.7587939698492,7
31.7587939698492,15
31.7587939698492,10
31.7587939698492,10
31.7587939698492,8
31.7587939698492,16
31.7587939698492,9
31.7587939698492,10
31.7587939698492,12
31.7587939698492,8
31.7587939698492,9
31.7587939698492,10
31.7587939698492,9
31.7587939698492,6
31.7587939698492,10
31.7587939698492,13
31.7587939698492,11
31.7587939698492,10
31.7587939698492,10
31.7587939698492,8
31.7587939698492,9
31.7587939698492,4
31.7587939698492,8
31.7587939698492,11
31.7587939698492,11
31.7587939698492,7
31.7587939698492,11
31.7587939698492,8
31.7587939698492,7
31.7587939698492,5
31.7587939698492,6
31.7587939698492,7
31.7587939698492,10
31.7587939698492,14
31.7587939698492,12
31.7587939698492,11
31.7587939698492,10
31.7587939698492,10
31.7587939698492,2
31.7587939698492,10
31.7587939698492,11
31.7587939698492,13
31.7587939698492,9
31.7587939698492,17
31.7587939698492,7
31.7587939698492,12
31.7587939698492,7
31.7587939698492,12
31.7587939698492,8
31.7587939698492,13
31.7587939698492,8
31.7587939698492,9
31.9597989949749,6
31.9597989949749,9
31.9597989949749,14
31.9597989949749,15
31.9597989949749,7
31.9597989949749,6
31.9597989949749,12
31.9597989949749,5
31.9597989949749,15
31.9597989949749,11
31.9597989949749,7
31.9597989949749,12
31.9597989949749,8
31.9597989949749,9
31.9597989949749,6
31.9597989949749,12
31.9597989949749,8
31.9597989949749,6
31.9597989949749,8
31.9597989949749,7
31.9597989949749,16
31.9597989949749,5
31.9597989949749,12
31.9597989949749,15
31.9597989949749,9
31.9597989949749,7
31.9597989949749,10
31.9597989949749,10
31.9597989949749,11
31.9597989949749,11
31.9597989949749,6
31.9597989949749,10
31.9597989949749,16
31.9597989949749,18
31.9597989949749,10
31.9597989949749,4
31.9597989949749,6
31.9597989949749,10
31.9597989949749,8
31.9597989949749,12
31.9597989949749,7
31.9597989949749,11
31.9597989949749,8
31.9597989949749,12
31.9597989949749,6
31.9597989949749,2
31.9597989949749,12
31.9597989949749,9
31.9597989949749,5
31.9597989949749,10
31.9597989949749,16
31.9597989949749,9
31.9597989949749,8
31.9597989949749,7
31.9597989949749,7
31.9597989949749,6
31.9597989949749,7
31.9597989949749,14
31.9597989949749,4
31.9597989949749,10
31.9597989949749,15
31.9597989949749,10
31.9597989949749,7
31.9597989949749,11
31.9597989949749,13
31.9597989949749,5
31.9597989949749,10
31.9597989949749,6
31.9597989949749,6
31.9597989949749,12
31.9597989949749,10
31.9597989949749,6
31.9597989949749,8
31.9597989949749,10
31.9597989949749,13
31.9597989949749,11
31.9597989949749,9
31.9597989949749,12
31.9597989949749,8
31.9597989949749,8
31.9597989949749,10
31.9597989949749,10
31.9597989949749,9
31.9597989949749,8
31.9597989949749,15
31.9597989949749,11
31.9597989949749,5
31.9597989949749,11
31.9597989949749,8
31.9597989949749,12
31.9597989949749,15
31.9597989949749,8
31.9597989949749,6
31.9597989949749,7
31.9597989949749,5
31.9597989949749,12
31.9597989949749,7
31.9597989949749,5
31.9597989949749,13
31.9597989949749,7
31.9597989949749,14
31.9597989949749,10
31.9597989949749,8
31.9597989949749,13
31.9597989949749,9
31.9597989949749,12
31.9597989949749,12
31.9597989949749,11
31.9597989949749,6
31.9597989949749,9
31.9597989949749,4
31.9597989949749,11
31.9597989949749,6
31.9597989949749,9
31.9597989949749,13
31.9597989949749,12
31.9597989949749,7
31.9597989949749,16
31.9597989949749,10
31.9597989949749,10
31.9597989949749,7
31.9597989949749,7
31.9597989949749,8
31.9597989949749,7
31.9597989949749,9
31.9597989949749,11
31.9597989949749,14
31.9597989949749,4
31.9597989949749,11
31.9597989949749,13
31.9597989949749,6
31.9597989949749,7
31.9597989949749,17
31.9597989949749,13
31.9597989949749,2
31.9597989949749,9
31.9597989949749,8
31.9597989949749,9
31.9597989949749,9
31.9597989949749,8
31.9597989949749,8
31.9597989949749,7
31.9597989949749,10
31.9597989949749,13
31.9597989949749,7
31.9597989949749,14
31.9597989949749,9
31.9597989949749,11
31.9597989949749,8
31.9597989949749,8
31.9597989949749,10
31.9597989949749,12
31.9597989949749,12
31.9597989949749,13
31.9597989949749,7
31.9597989949749,11
31.9597989949749,11
31.9597989949749,7
31.9597989949749,10
31.9597989949749,10
31.9597989949749,14
31.9597989949749,11
31.9597989949749,10
31.9597989949749,9
31.9597989949749,9
31.9597989949749,9
31.9597989949749,10
31.9597989949749,19
31.9597989949749,7
31.9597989949749,4
31.9597989949749,4
31.9597989949749,9
31.9597989949749,10
31.9597989949749,7
31.9597989949749,11
31.9597989949749,10
31.9597989949749,16
31.9597989949749,13
31.9597989949749,6
31.9597989949749,12
31.9597989949749,12
31.9597989949749,6
31.9597989949749,15
31.9597989949749,12
31.9597989949749,12
31.9597989949749,7
31.9597989949749,18
31.9597989949749,8
31.9597989949749,8
31.9597989949749,10
31.9597989949749,13
31.9597989949749,13
31.9597989949749,8
31.9597989949749,10
31.9597989949749,14
31.9597989949749,10
31.9597989949749,11
31.9597989949749,9
31.9597989949749,16
31.9597989949749,9
32.1608040201005,12
32.1608040201005,6
32.1608040201005,9
32.1608040201005,7
32.1608040201005,8
32.1608040201005,15
32.1608040201005,3
32.1608040201005,7
32.1608040201005,10
32.1608040201005,11
32.1608040201005,11
32.1608040201005,8
32.1608040201005,10
32.1608040201005,3
32.1608040201005,11
32.1608040201005,9
32.1608040201005,13
32.1608040201005,9
32.1608040201005,14
32.1608040201005,10
32.1608040201005,15
32.1608040201005,9
32.1608040201005,12
32.1608040201005,14
32.1608040201005,8
32.1608040201005,8
32.1608040201005,13
32.1608040201005,8
32.1608040201005,9
32.1608040201005,12
32.1608040201005,9
32.1608040201005,14
32.1608040201005,8
32.1608040201005,12
32.1608040201005,7
32.1608040201005,8
32.1608040201005,5
32.1608040201005,9
32.1608040201005,11
32.1608040201005,11
32.1608040201005,8
32.1608040201005,11
32.1608040201005,9
32.1608040201005,7
32.1608040201005,10
32.1608040201005,10
32.1608040201005,8
32.1608040201005,7
32.1608040201005,7
32.1608040201005,9
32.1608040201005,10
32.1608040201005,5
32.1608040201005,6
32.1608040201005,10
32.1608040201005,9
32.1608040201005,7
32.1608040201005,11
32.1608040201005,15
32.1608040201005,8
32.1608040201005,9
32.1608040201005,19
32.1608040201005,3
32.1608040201005,10
32.1608040201005,11
32.1608040201005,9
32.1608040201005,10
32.1608040201005,3
32.1608040201005,7
32.1608040201005,6
32.1608040201005,16
32.1608040201005,12
32.1608040201005,14
32.1608040201005,11
32.1608040201005,7
32.1608040201005,13
32.1608040201005,5
32.1608040201005,16
32.1608040201005,10
32.1608040201005,11
32.1608040201005,7
32.1608040201005,12
32.1608040201005,8
32.1608040201005,8
32.1608040201005,11
32.1608040201005,11
32.1608040201005,13
32.1608040201005,10
32.1608040201005,11
32.1608040201005,14
32.1608040201005,7
32.1608040201005,11
32.1608040201005,8
32.1608040201005,11
32.1608040201005,8
32.1608040201005,12
32.1608040201005,12
32.1608040201005,10
32.1608040201005,15
32.1608040201005,5
32.1608040201005,14
32.1608040201005,10
32.1608040201005,12
32.1608040201005,7
32.1608040201005,9
32.1608040201005,8
32.1608040201005,13
32.1608040201005,7
32.1608040201005,12
32.1608040201005,4
32.1608040201005,8
32.1608040201005,6
32.1608040201005,10
32.1608040201005,10
32.1608040201005,9
32.1608040201005,11
32.1608040201005,15
32.1608040201005,4
32.1608040201005,10
32.1608040201005,10
32.1608040201005,11
32.1608040201005,8
32.1608040201005,7
32.1608040201005,9
32.1608040201005,11
32.1608040201005,8
32.1608040201005,8
32.1608040201005,11
32.1608040201005,10
32.1608040201005,14
32.1608040201005,10
32.1608040201005,9
32.1608040201005,8
32.1608040201005,9
32.1608040201005,9
32.1608040201005,10
32.1608040201005,9
32.1608040201005,7
32.1608040201005,4
32.1608040201005,6
32.1608040201005,7
32.1608040201005,10
32.1608040201005,20
32.1608040201005,11
32.1608040201005,5
32.1608040201005,6
32.1608040201005,19
32.1608040201005,11
32.1608040201005,14
32.1608040201005,8
32.1608040201005,6
32.1608040201005,13
32.1608040201005,15
32.1608040201005,9
32.1608040201005,13
32.1608040201005,17
32.1608040201005,10
32.1608040201005,14
32.1608040201005,10
32.1608040201005,11
32.1608040201005,18
32.1608040201005,6
32.1608040201005,10
32.1608040201005,12
32.1608040201005,18
32.1608040201005,8
32.1608040201005,9
32.1608040201005,8
32.1608040201005,5
32.1608040201005,11
32.1608040201005,9
32.1608040201005,10
32.1608040201005,9
32.1608040201005,9
32.1608040201005,4
32.1608040201005,13
32.1608040201005,12
32.1608040201005,5
32.1608040201005,9
32.1608040201005,15
32.1608040201005,14
32.1608040201005,10
32.1608040201005,8
32.1608040201005,9
32.1608040201005,10
32.1608040201005,7
32.1608040201005,15
32.1608040201005,7
32.1608040201005,14
32.1608040201005,10
32.1608040201005,13
32.1608040201005,11
32.1608040201005,11
32.1608040201005,14
32.1608040201005,7
32.1608040201005,10
32.1608040201005,6
32.1608040201005,7
32.1608040201005,10
32.1608040201005,15
32.1608040201005,7
32.3618090452261,14
32.3618090452261,9
32.3618090452261,9
32.3618090452261,9
32.3618090452261,12
32.3618090452261,11
32.3618090452261,14
32.3618090452261,7
32.3618090452261,10
32.3618090452261,9
32.3618090452261,14
32.3618090452261,11
32.3618090452261,9
32.3618090452261,15
32.3618090452261,11
32.3618090452261,3
32.3618090452261,11
32.3618090452261,13
32.3618090452261,15
32.3618090452261,8
32.3618090452261,12
32.3618090452261,7
32.3618090452261,14
32.3618090452261,5
32.3618090452261,11
32.3618090452261,8
32.3618090452261,9
32.3618090452261,7
32.3618090452261,7
32.3618090452261,6
32.3618090452261,13
32.3618090452261,10
32.3618090452261,7
32.3618090452261,12
32.3618090452261,9
32.3618090452261,10
32.3618090452261,13
32.3618090452261,7
32.3618090452261,13
32.3618090452261,4
32.3618090452261,12
32.3618090452261,10
32.3618090452261,10
32.3618090452261,8
32.3618090452261,13
32.3618090452261,8
32.3618090452261,10
32.3618090452261,6
32.3618090452261,6
32.3618090452261,14
32.3618090452261,5
32.3618090452261,12
32.3618090452261,9
32.3618090452261,16
32.3618090452261,7
32.3618090452261,9
32.3618090452261,9
32.3618090452261,9
32.3618090452261,11
32.3618090452261,10
32.3618090452261,7
32.3618090452261,22
32.3618090452261,8
32.3618090452261,14
32.3618090452261,7
32.3618090452261,5
32.3618090452261,12
32.3618090452261,13
32.3618090452261,10
32.3618090452261,11
32.3618090452261,15
32.3618090452261,11
32.3618090452261,6
32.3618090452261,3
32.3618090452261,14
32.3618090452261,11
32.3618090452261,11
32.3618090452261,9
32.3618090452261,12
32.3618090452261,7
32.3618090452261,15
32.3618090452261,6
32.3618090452261,9
32.3618090452261,7
32.3618090452261,9
32.3618090452261,10
32.3618090452261,9
32.3618090452261,8
32.3618090452261,10
32.3618090452261,12
32.3618090452261,13
32.3618090452261,9
32.3618090452261,6
32.3618090452261,12
32.3618090452261,6
32.3618090452261,13
32.3618090452261,3
32.3618090452261,7
32.3618090452261,15
32.3618090452261,11
32.3618090452261,14
32.3618090452261,11
32.3618090452261,11
32.3618090452261,7
32.3618090452261,9
32.3618090452261,12
32.3618090452261,7
32.3618090452261,5
32.3618090452261,6
32.3618090452261,8
32.3618090452261,9
32.3618090452261,5
32.3618090452261,8
32.3618090452261,5
32.3618090452261,8
32.3618090452261,9
32.3618090452261,9
32.3618090452261,5
32.3618090452261,8
32.3618090452261,7
32.3618090452261,12
32.3618090452261,15
32.3618090452261,7
32.3618090452261,8
32.3618090452261,8
32.3618090452261,3
32.3618090452261,11
32.3618090452261,10
32.3618090452261,10
32.3618090452261,10
32.3618090452261,15
32.3618090452261,12
32.3618090452261,11
32.3618090452261,13
32.3618090452261,11
32.3618090452261,10
32.3618090452261,12
32.3618090452261,9
32.3618090452261,4
32.3618090452261,9
32.3618090452261,12
32.3618090452261,8
32.3618090452261,12
32.3618090452261,11
32.3618090452261,10
32.3618090452261,10
32.3618090452261,7
32.3618090452261,8
32.3618090452261,8
32.3618090452261,11
32.3618090452261,10
32.3618090452261,9
32.3618090452261,10
32.3618090452261,8
32.3618090452261,16
32.3618090452261,13
32.3618090452261,2
32.3618090452261,7
32.3618090452261,8
32.3618090452261,12
32.3618090452261,7
32.3618090452261,6
32.3618090452261,9
32.3618090452261,9
32.3618090452261,8
32.3618090452261,7
32.3618090452261,12
32.3618090452261,15
32.3618090452261,11
32.3618090452261,4
32.3618090452261,12
32.3618090452261,4
32.3618090452261,10
32.3618090452261,12
32.3618090452261,12
32.3618090452261,11
32.3618090452261,11
32.3618090452261,9
32.3618090452261,14
32.3618090452261,7
32.3618090452261,8
32.3618090452261,9
32.3618090452261,12
32.3618090452261,12
32.3618090452261,8
32.3618090452261,16
32.3618090452261,8
32.3618090452261,12
32.3618090452261,10
32.3618090452261,12
32.3618090452261,7
32.3618090452261,11
32.3618090452261,14
32.3618090452261,9
32.3618090452261,6
32.3618090452261,9
32.3618090452261,11
32.3618090452261,8
32.3618090452261,11
32.3618090452261,9
32.5628140703518,7
32.5628140703518,6
32.5628140703518,9
32.5628140703518,10
32.5628140703518,10
32.5628140703518,12
32.5628140703518,9
32.5628140703518,6
32.5628140703518,17
32.5628140703518,11
32.5628140703518,11
32.5628140703518,2
32.5628140703518,5
32.5628140703518,8
32.5628140703518,10
32.5628140703518,8
32.5628140703518,13
32.5628140703518,10
32.5628140703518,7
32.5628140703518,11
32.5628140703518,11
32.5628140703518,11
32.5628140703518,6
32.5628140703518,9
32.5628140703518,9
32.5628140703518,8
32.5628140703518,9
32.5628140703518,7
32.5628140703518,11
32.5628140703518,9
32.5628140703518,8
32.5628140703518,5
32.5628140703518,3
32.5628140703518,11
32.5628140703518,12
32.5628140703518,5
32.5628140703518,16
32.5628140703518,8
32.5628140703518,11
32.5628140703518,17
32.5628140703518,6
32.5628140703518,8
32.5628140703518,6
32.5628140703518,7
32.5628140703518,9
32.5628140703518,9
32.5628140703518,7
32.5628140703518,11
32.5628140703518,8
32.5628140703518,13
32.5628140703518,8
32.5628140703518,10
32.5628140703518,10
32.5628140703518,7
32.5628140703518,12
32.5628140703518,15
32.5628140703518,7
32.5628140703518,8
32.5628140703518,17
32.5628140703518,8
32.5628140703518,3
32.5628140703518,11
32.5628140703518,12
32.5628140703518,12
32.5628140703518,8
32.5628140703518,10
32.5628140703518,5
32.5628140703518,7
32.5628140703518,11
32.5628140703518,7
32.5628140703518,6
32.5628140703518,5
32.5628140703518,13
32.5628140703518,5
32.5628140703518,8
32.5628140703518,8
32.5628140703518,7
32.5628140703518,8
32.5628140703518,15
32.5628140703518,9
32.5628140703518,13
32.5628140703518,10
32.5628140703518,11
32.5628140703518,10
32.5628140703518,9
32.5628140703518,5
32.5628140703518,12
32.5628140703518,4
32.5628140703518,10
32.5628140703518,11
32.5628140703518,11
32.5628140703518,13
32.5628140703518,8
32.5628140703518,6
32.5628140703518,15
32.5628140703518,6
32.5628140703518,4
32.5628140703518,6
32.5628140703518,8
32.5628140703518,7
32.5628140703518,4
32.5628140703518,12
32.5628140703518,8
32.5628140703518,13
32.5628140703518,8
32.5628140703518,12
32.5628140703518,5
32.5628140703518,13
32.5628140703518,6
32.5628140703518,9
32.5628140703518,9
32.5628140703518,8
32.5628140703518,10
32.5628140703518,12
32.5628140703518,5
32.5628140703518,15
32.5628140703518,9
32.5628140703518,7
32.5628140703518,12
32.5628140703518,16
32.5628140703518,8
32.5628140703518,10
32.5628140703518,11
32.5628140703518,12
32.5628140703518,9
32.5628140703518,9
32.5628140703518,12
32.5628140703518,19
32.5628140703518,10
32.5628140703518,10
32.5628140703518,10
32.5628140703518,5
32.5628140703518,9
32.5628140703518,5
32.5628140703518,11
32.5628140703518,10
32.5628140703518,3
32.5628140703518,9
32.5628140703518,9
32.5628140703518,8
32.5628140703518,15
32.5628140703518,10
32.5628140703518,9
32.5628140703518,9
32.5628140703518,11
32.5628140703518,8
32.5628140703518,10
32.5628140703518,15
32.5628140703518,10
32.5628140703518,10
32.5628140703518,12
32.5628140703518,8
32.5628140703518,9
32.5628140703518,6
32.5628140703518,8
32.5628140703518,9
32.5628140703518,9
32.5628140703518,14
32.5628140703518,13
32.5628140703518,11
32.5628140703518,17
32.5628140703518,9
32.5628140703518,8
32.5628140703518,10
32.5628140703518,13
32.5628140703518,9
32.5628140703518,7
32.5628140703518,8
32.5628140703518,7
32.5628140703518,5
32.5628140703518,5
32.5628140703518,9
32.5628140703518,8
32.5628140703518,12
32.5628140703518,7
32.5628140703518,7
32.5628140703518,14
32.5628140703518,9
32.5628140703518,5
32.5628140703518,10
32.5628140703518,15
32.5628140703518,13
32.5628140703518,9
32.5628140703518,11
32.5628140703518,12
32.5628140703518,9
32.5628140703518,13
32.5628140703518,6
32.5628140703518,19
32.5628140703518,17
32.5628140703518,8
32.5628140703518,18
32.5628140703518,11
32.5628140703518,9
32.5628140703518,10
32.5628140703518,11
32.5628140703518,10
32.5628140703518,17
32.5628140703518,6
32.5628140703518,5
32.7638190954774,9
32.7638190954774,9
32.7638190954774,11
32.7638190954774,14
32.7638190954774,8
32.7638190954774,6
32.7638190954774,10
32.7638190954774,8
32.7638190954774,11
32.7638190954774,13
32.7638190954774,11
32.7638190954774,11
32.7638190954774,10
32.7638190954774,7
32.7638190954774,1
32.7638190954774,10
32.7638190954774,5
32.7638190954774,8
32.7638190954774,7
32.7638190954774,8
32.7638190954774,7
32.7638190954774,11
32.7638190954774,10
32.7638190954774,12
32.7638190954774,14
32.7638190954774,7
32.7638190954774,8
32.7638190954774,17
32.7638190954774,7
32.7638190954774,9
32.7638190954774,8
32.7638190954774,5
32.7638190954774,8
32.7638190954774,13
32.7638190954774,9
32.7638190954774,7
32.7638190954774,12
32.7638190954774,8
32.7638190954774,7
32.7638190954774,13
32.7638190954774,8
32.7638190954774,12
32.7638190954774,6
32.7638190954774,8
32.7638190954774,6
32.7638190954774,15
32.7638190954774,8
32.7638190954774,13
32.7638190954774,8
32.7638190954774,3
32.7638190954774,6
32.7638190954774,5
32.7638190954774,14
32.7638190954774,12
32.7638190954774,13
32.7638190954774,7
32.7638190954774,8
32.7638190954774,9
32.7638190954774,15
32.7638190954774,12
32.7638190954774,9
32.7638190954774,8
32.7638190954774,9
32.7638190954774,13
32.7638190954774,10
32.7638190954774,3
32.7638190954774,10
32.7638190954774,19
32.7638190954774,5
32.7638190954774,8
32.7638190954774,12
32.7638190954774,14
32.7638190954774,4
32.7638190954774,13
32.7638190954774,9
32.7638190954774,12
32.7638190954774,9
32.7638190954774,7
32.7638190954774,12
32.7638190954774,12
32.7638190954774,13
32.7638190954774,12
32.7638190954774,12
32.7638190954774,6
32.7638190954774,8
32.7638190954774,10
32.7638190954774,8
32.7638190954774,8
32.7638190954774,15
32.7638190954774,10
32.7638190954774,7
32.7638190954774,12
32.7638190954774,11
32.7638190954774,10
32.7638190954774,14
32.7638190954774,5
32.7638190954774,6
32.7638190954774,11
32.7638190954774,5
32.7638190954774,9
32.7638190954774,6
32.7638190954774,11
32.7638190954774,10
32.7638190954774,10
32.7638190954774,6
32.7638190954774,9
32.7638190954774,8
32.7638190954774,10
32.7638190954774,7
32.7638190954774,9
32.7638190954774,13
32.7638190954774,11
32.7638190954774,9
32.7638190954774,6
32.7638190954774,13
32.7638190954774,5
32.7638190954774,8
32.7638190954774,8
32.7638190954774,8
32.7638190954774,10
32.7638190954774,12
32.7638190954774,14
32.7638190954774,13
32.7638190954774,5
32.7638190954774,13
32.7638190954774,8
32.7638190954774,8
32.7638190954774,5
32.7638190954774,8
32.7638190954774,14
32.7638190954774,8
32.7638190954774,13
32.7638190954774,7
32.7638190954774,5
32.7638190954774,11
32.7638190954774,10
32.7638190954774,7
32.7638190954774,11
32.7638190954774,11
32.7638190954774,6
32.7638190954774,7
32.7638190954774,9
32.7638190954774,7
32.7638190954774,9
32.7638190954774,18
32.7638190954774,10
32.7638190954774,9
32.7638190954774,10
32.7638190954774,5
32.7638190954774,5
32.7638190954774,7
32.7638190954774,9
32.7638190954774,5
32.7638190954774,11
32.7638190954774,13
32.7638190954774,8
32.7638190954774,12
32.7638190954774,8
32.7638190954774,10
32.7638190954774,15
32.7638190954774,11
32.7638190954774,8
32.7638190954774,9
32.7638190954774,10
32.7638190954774,9
32.7638190954774,8
32.7638190954774,7
32.7638190954774,7
32.7638190954774,10
32.7638190954774,6
32.7638190954774,11
32.7638190954774,4
32.7638190954774,11
32.7638190954774,10
32.7638190954774,10
32.7638190954774,7
32.7638190954774,9
32.7638190954774,12
32.7638190954774,10
32.7638190954774,11
32.7638190954774,11
32.7638190954774,14
32.7638190954774,7
32.7638190954774,3
32.7638190954774,9
32.7638190954774,14
32.7638190954774,11
32.7638190954774,17
32.7638190954774,9
32.7638190954774,7
32.7638190954774,12
32.7638190954774,10
32.7638190954774,10
32.7638190954774,7
32.7638190954774,9
32.7638190954774,6
32.7638190954774,12
32.7638190954774,10
32.7638190954774,5
32.7638190954774,16
32.964824120603,11
32.964824120603,7
32.964824120603,6
32.964824120603,7
32.964824120603,10
32.964824120603,13
32.964824120603,6
32.964824120603,12
32.964824120603,13
32.964824120603,12
32.964824120603,7
32.964824120603,13
32.964824120603,4
32.964824120603,11
32.964824120603,8
32.964824120603,8
32.964824120603,10
32.964824120603,13
32.964824120603,12
32.964824120603,5
32.964824120603,8
32.964824120603,12
32.964824120603,9
32.964824120603,15
32.964824120603,15
32.964824120603,10
32.964824120603,9
32.964824120603,3
32.964824120603,11
32.964824120603,12
32.964824120603,9
32.964824120603,6
32.964824120603,11
32.964824120603,7
32.964824120603,13
32.964824120603,10
32.964824120603,13
32.964824120603,9
32.964824120603,14
32.964824120603,5
32.964824120603,7
32.964824120603,11
32.964824120603,13
32.964824120603,6
32.964824120603,10
32.964824120603,8
32.964824120603,7
32.964824120603,13
32.964824120603,9
32.964824120603,10
32.964824120603,10
32.964824120603,7
32.964824120603,7
32.964824120603,8
32.964824120603,17
32.964824120603,15
32.964824120603,5
32.964824120603,8
32.964824120603,10
32.964824120603,8
32.964824120603,10
32.964824120603,16
32.964824120603,7
32.964824120603,11
32.964824120603,8
32.964824120603,14
32.964824120603,8
32.964824120603,8
32.964824120603,3
32.964824120603,10
32.964824120603,9
32.964824120603,10
32.964824120603,7
32.964824120603,10
32.964824120603,10
32.964824120603,13
32.964824120603,9
32.964824120603,8
32.964824120603,3
32.964824120603,11
32.964824120603,4
32.964824120603,14
32.964824120603,16
32.964824120603,7
32.964824120603,7
32.964824120603,7
32.964824120603,11
32.964824120603,13
32.964824120603,12
32.964824120603,11
32.964824120603,6
32.964824120603,12
32.964824120603,6
32.964824120603,10
32.964824120603,9
32.964824120603,9
32.964824120603,10
32.964824120603,4
32.964824120603,7
32.964824120603,6
32.964824120603,6
32.964824120603,14
32.964824120603,11
32.964824120603,11
32.964824120603,6
32.964824120603,11
32.964824120603,11
32.964824120603,10
32.964824120603,8
32.964824120603,16
32.964824120603,13
32.964824120603,10
32.964824120603,2
32.964824120603,15
32.964824120603,7
32.964824120603,13
32.964824120603,6
32.964824120603,14
32.964824120603,10
32.964824120603,7
32.964824120603,11
32.964824120603,16
32.964824120603,6
32.964824120603,10
32.964824120603,12
32.964824120603,6
32.964824120603,12
32.964824120603,8
32.964824120603,11
32.964824120603,9
32.964824120603,13
32.964824120603,7
32.964824120603,9
32.964824120603,7
32.964824120603,14
32.964824120603,8
32.964824120603,8
32.964824120603,7
32.964824120603,9
32.964824120603,13
32.964824120603,12
32.964824120603,9
32.964824120603,12
32.964824120603,7
32.964824120603,6
32.964824120603,4
32.964824120603,16
32.964824120603,3
32.964824120603,14
32.964824120603,6
32.964824120603,11
32.964824120603,6
32.964824120603,13
32.964824120603,7
32.964824120603,7
32.964824120603,13
32.964824120603,8
32.964824120603,13
32.964824120603,11
32.964824120603,6
32.964824120603,10
32.964824120603,10
32.964824120603,6
32.964824120603,7
32.964824120603,11
32.964824120603,11
32.964824120603,8
32.964824120603,3
32.964824120603,4
32.964824120603,6
32.964824120603,5
32.964824120603,7
32.964824120603,13
32.964824120603,13
32.964824120603,7
32.964824120603,10
32.964824120603,12
32.964824120603,10
32.964824120603,10
32.964824120603,5
32.964824120603,7
32.964824120603,8
32.964824120603,9
32.964824120603,13
32.964824120603,3
32.964824120603,14
32.964824120603,9
32.964824120603,10
32.964824120603,7
32.964824120603,3
32.964824120603,13
32.964824120603,12
32.964824120603,6
32.964824120603,7
32.964824120603,4
32.964824120603,13
32.964824120603,12
32.964824120603,5
32.964824120603,12
32.964824120603,14
33.1658291457286,10
33.1658291457286,9
33.1658291457286,9
33.1658291457286,12
33.1658291457286,8
33.1658291457286,9
33.1658291457286,12
33.1658291457286,10
33.1658291457286,4
33.1658291457286,3
33.1658291457286,10
33.1658291457286,7
33.1658291457286,7
33.1658291457286,14
33.1658291457286,6
33.1658291457286,17
33.1658291457286,8
33.1658291457286,8
33.1658291457286,18
33.1658291457286,8
33.1658291457286,9
33.1658291457286,9
33.1658291457286,12
33.1658291457286,9
33.1658291457286,17
33.1658291457286,14
33.1658291457286,12
33.1658291457286,10
33.1658291457286,6
33.1658291457286,11
33.1658291457286,11
33.1658291457286,10
33.1658291457286,8
33.1658291457286,11
33.1658291457286,10
33.1658291457286,12
33.1658291457286,11
33.1658291457286,15
33.1658291457286,12
33.1658291457286,10
33.1658291457286,11
33.1658291457286,18
33.1658291457286,14
33.1658291457286,9
33.1658291457286,14
33.1658291457286,8
33.1658291457286,15
33.1658291457286,9
33.1658291457286,11
33.1658291457286,11
33.1658291457286,11
33.1658291457286,7
33.1658291457286,8
33.1658291457286,6
33.1658291457286,12
33.1658291457286,12
33.1658291457286,16
33.1658291457286,11
33.1658291457286,11
33.1658291457286,9
33.1658291457286,12
33.1658291457286,9
33.1658291457286,9
33.1658291457286,10
33.1658291457286,11
33.1658291457286,3
33.1658291457286,4
33.1658291457286,10
33.1658291457286,12
33.1658291457286,15
33.1658291457286,9
33.1658291457286,9
33.1658291457286,10
33.1658291457286,9
33.1658291457286,6
33.1658291457286,10
33.1658291457286,9
33.1658291457286,12
33.1658291457286,17
33.1658291457286,10
33.1658291457286,8
33.1658291457286,14
33.1658291457286,10
33.1658291457286,8
33.1658291457286,10
33.1658291457286,12
33.1658291457286,8
33.1658291457286,9
33.1658291457286,7
33.1658291457286,10
33.1658291457286,10
33.1658291457286,6
33.1658291457286,4
33.1658291457286,9
33.1658291457286,10
33.1658291457286,11
33.1658291457286,9
33.1658291457286,12
33.1658291457286,8
33.1658291457286,13
33.1658291457286,8
33.1658291457286,8
33.1658291457286,13
33.1658291457286,9
33.1658291457286,10
33.1658291457286,9
33.1658291457286,8
33.1658291457286,9
33.1658291457286,6
33.1658291457286,12
33.1658291457286,8
33.1658291457286,6
33.1658291457286,9
33.1658291457286,9
33.1658291457286,11
33.1658291457286,12
33.1658291457286,10
33.1658291457286,13
33.1658291457286,10
33.1658291457286,13
33.1658291457286,3
33.1658291457286,12
33.1658291457286,10
33.1658291457286,17
33.1658291457286,6
33.1658291457286,16
33.1658291457286,9
33.1658291457286,5
33.1658291457286,6
33.1658291457286,7
33.1658291457286,8
33.1658291457286,6
33.1658291457286,16
33.1658291457286,13
33.1658291457286,9
33.1658291457286,5
33.1658291457286,9
33.1658291457286,14
33.1658291457286,9
33.1658291457286,12
33.1658291457286,12
33.1658291457286,7
33.1658291457286,4
33.1658291457286,8
33.1658291457286,3
33.1658291457286,9
33.1658291457286,17
33.1658291457286,15
33.1658291457286,10
33.1658291457286,11
33.1658291457286,8
33.1658291457286,5
33.1658291457286,10
33.1658291457286,12
33.1658291457286,6
33.1658291457286,7
33.1658291457286,11
33.1658291457286,22
33.1658291457286,10
33.1658291457286,5
33.1658291457286,4
33.1658291457286,11
33.1658291457286,10
33.1658291457286,14
33.1658291457286,4
33.1658291457286,8
33.1658291457286,13
33.1658291457286,14
33.1658291457286,10
33.1658291457286,8
33.1658291457286,6
33.1658291457286,7
33.1658291457286,12
33.1658291457286,9
33.1658291457286,7
33.1658291457286,3
33.1658291457286,10
33.1658291457286,8
33.1658291457286,14
33.1658291457286,10
33.1658291457286,13
33.1658291457286,15
33.1658291457286,14
33.1658291457286,9
33.1658291457286,11
33.1658291457286,8
33.1658291457286,12
33.1658291457286,3
33.1658291457286,12
33.1658291457286,14
33.1658291457286,10
33.1658291457286,11
33.1658291457286,10
33.1658291457286,9
33.1658291457286,8
33.1658291457286,10
33.1658291457286,13
33.1658291457286,6
33.1658291457286,5
33.1658291457286,10
33.3668341708543,13
33.3668341708543,7
33.3668341708543,14
33.3668341708543,4
33.3668341708543,7
33.3668341708543,10
33.3668341708543,8
33.3668341708543,14
33.3668341708543,5
33.3668341708543,11
33.3668341708543,13
33.3668341708543,12
33.3668341708543,9
33.3668341708543,6
33.3668341708543,9
33.3668341708543,12
33.3668341708543,5
33.3668341708543,9
33.3668341708543,8
33.3668341708543,7
33.3668341708543,10
33.3668341708543,14
33.3668341708543,9
33.3668341708543,9
33.3668341708543,9
33.3668341708543,6
33.3668341708543,6
33.3668341708543,12
33.3668341708543,8
33.3668341708543,11
33.3668341708543,8
33.3668341708543,10
33.3668341708543,7
33.3668341708543,14
33.3668341708543,10
33.3668341708543,8
33.3668341708543,9
33.3668341708543,10
33.3668341708543,8
33.3668341708543,13
33.3668341708543,8
33.3668341708543,12
33.3668341708543,6
33.3668341708543,14
33.3668341708543,14
33.3668341708543,8
33.3668341708543,12
33.3668341708543,5
33.3668341708543,11
33.3668341708543,12
33.3668341708543,11
33.3668341708543,12
33.3668341708543,13
33.3668341708543,9
33.3668341708543,9
33.3668341708543,7
33.3668341708543,10
33.3668341708543,4
33.3668341708543,7
33.3668341708543,12
33.3668341708543,9
33.3668341708543,11
33.3668341708543,9
33.3668341708543,6
33.3668341708543,10
33.3668341708543,5
33.3668341708543,7
33.3668341708543,5
33.3668341708543,10
33.3668341708543,4
33.3668341708543,8
33.3668341708543,10
33.3668341708543,8
33.3668341708543,10
33.3668341708543,8
33.3668341708543,17
33.3668341708543,10
33.3668341708543,8
33.3668341708543,11
33.3668341708543,11
33.3668341708543,5
33.3668341708543,13
33.3668341708543,13
33.3668341708543,11
33.3668341708543,8
33.3668341708543,12
33.3668341708543,9
33.3668341708543,8
33.3668341708543,5
33.3668341708543,9
33.3668341708543,12
33.3668341708543,10
33.3668341708543,16
33.3668341708543,11
33.3668341708543,8
33.3668341708543,8
33.3668341708543,3
33.3668341708543,11
33.3668341708543,13
33.3668341708543,10
33.3668341708543,7
33.3668341708543,16
33.3668341708543,7
33.3668341708543,6
33.3668341708543,10
33.3668341708543,12
33.3668341708543,10
33.3668341708543,8
33.3668341708543,13
33.3668341708543,13
33.3668341708543,10
33.3668341708543,7
33.3668341708543,7
33.3668341708543,7
33.3668341708543,11
33.3668341708543,8
33.3668341708543,6
33.3668341708543,3
33.3668341708543,7
33.3668341708543,8
33.3668341708543,6
33.3668341708543,10
33.3668341708543,9
33.3668341708543,11
33.3668341708543,13
33.3668341708543,14
33.3668341708543,10
33.3668341708543,9
33.3668341708543,9
33.3668341708543,7
33.3668341708543,8
33.3668341708543,10
33.3668341708543,12
33.3668341708543,4
33.3668341708543,10
33.3668341708543,14
33.3668341708543,11
33.3668341708543,7
33.3668341708543,10
33.3668341708543,6
33.3668341708543,14
33.3668341708543,5
33.3668341708543,11
33.3668341708543,6
33.3668341708543,17
33.3668341708543,14
33.3668341708543,10
33.3668341708543,11
33.3668341708543,13
33.3668341708543,14
33.3668341708543,7
33.3668341708543,7
33.3668341708543,13
33.3668341708543,10
33.3668341708543,13
33.3668341708543,8
33.3668341708543,4
33.3668341708543,8
33.3668341708543,4
33.3668341708543,13
33.3668341708543,6
33.3668341708543,7
33.3668341708543,11
33.3668341708543,8
33.3668341708543,14
33.3668341708543,12
33.3668341708543,13
33.3668341708543,14
33.3668341708543,9
33.3668341708543,9
33.3668341708543,9
33.3668341708543,14
33.3668341708543,9
33.3668341708543,15
33.3668341708543,4
33.3668341708543,5
33.3668341708543,11
33.3668341708543,16
33.3668341708543,5
33.3668341708543,6
33.3668341708543,3
33.3668341708543,15
33.3668341708543,5
33.3668341708543,12
33.3668341708543,14
33.3668341708543,10
33.3668341708543,10
33.3668341708543,8
33.3668341708543,14
33.3668341708543,12
33.3668341708543,10
33.3668341708543,8
33.3668341708543,10
33.3668341708543,8
33.3668341708543,10
33.3668341708543,4
33.3668341708543,10
33.3668341708543,10
33.3668341708543,5
33.3668341708543,10
33.5678391959799,9
33.5678391959799,9
33.5678391959799,6
33.5678391959799,6
33.5678391959799,8
33.5678391959799,12
33.5678391959799,5
33.5678391959799,9
33.5678391959799,16
33.5678391959799,20
33.5678391959799,8
33.5678391959799,10
33.5678391959799,11
33.5678391959799,6
33.5678391959799,16
33.5678391959799,13
33.5678391959799,11
33.5678391959799,8
33.5678391959799,10
33.5678391959799,12
33.5678391959799,7
33.5678391959799,11
33.5678391959799,9
33.5678391959799,13
33.5678391959799,10
33.5678391959799,9
33.5678391959799,7
33.5678391959799,10
33.5678391959799,9
33.5678391959799,5
33.5678391959799,10
33.5678391959799,8
33.5678391959799,13
33.5678391959799,10
33.5678391959799,9
33.5678391959799,15
33.5678391959799,10
33.5678391959799,8
33.5678391959799,8
33.5678391959799,9
33.5678391959799,11
33.5678391959799,13
33.5678391959799,11
33.5678391959799,10
33.5678391959799,7
33.5678391959799,8
33.5678391959799,8
33.5678391959799,9
33.5678391959799,9
33.5678391959799,12
33.5678391959799,4
33.5678391959799,7
33.5678391959799,13
33.5678391959799,11
33.5678391959799,10
33.5678391959799,12
33.5678391959799,9
33.5678391959799,7
33.5678391959799,8
33.5678391959799,8
33.5678391959799,15
33.5678391959799,6
33.5678391959799,8
33.5678391959799,9
33.5678391959799,12
33.5678391959799,11
33.5678391959799,15
33.5678391959799,8
33.5678391959799,4
33.5678391959799,6
33.5678391959799,8
33.5678391959799,4
33.5678391959799,13
33.5678391959799,19
33.5678391959799,13
33.5678391959799,13
33.5678391959799,10
33.5678391959799,13
33.5678391959799,10
33.5678391959799,9
33.5678391959799,12
33.5678391959799,9
33.5678391959799,10
33.5678391959799,6
33.5678391959799,10
33.5678391959799,10
33.5678391959799,8
33.5678391959799,12
33.5678391959799,10
33.5678391959799,9
33.5678391959799,10
33.5678391959799,9
33.5678391959799,12
33.5678391959799,10
33.5678391959799,10
33.5678391959799,7
33.5678391959799,8
33.5678391959799,17
33.5678391959799,6
33.5678391959799,14
33.5678391959799,10
33.5678391959799,9
33.5678391959799,10
33.5678391959799,9
33.5678391959799,5
33.5678391959799,12
33.5678391959799,10
33.5678391959799,7
33.5678391959799,18
33.5678391959799,12
33.5678391959799,8
33.5678391959799,9
33.5678391959799,12
33.5678391959799,12
33.5678391959799,8
33.5678391959799,10
33.5678391959799,12
33.5678391959799,10
33.5678391959799,9
33.5678391959799,17
33.5678391959799,8
33.5678391959799,5
33.5678391959799,10
33.5678391959799,15
33.5678391959799,11
33.5678391959799,17
33.5678391959799,18
33.5678391959799,11
33.5678391959799,18
33.5678391959799,10
33.5678391959799,11
33.5678391959799,9
33.5678391959799,13
33.5678391959799,13
33.5678391959799,9
33.5678391959799,14
33.5678391959799,9
33.5678391959799,9
33.5678391959799,11
33.5678391959799,11
33.5678391959799,6
33.5678391959799,10
33.5678391959799,7
33.5678391959799,8
33.5678391959799,3
33.5678391959799,8
33.5678391959799,11
33.5678391959799,15
33.5678391959799,9
33.5678391959799,4
33.5678391959799,10
33.5678391959799,11
33.5678391959799,10
33.5678391959799,14
33.5678391959799,7
33.5678391959799,9
33.5678391959799,12
33.5678391959799,8
33.5678391959799,18
33.5678391959799,11
33.5678391959799,9
33.5678391959799,11
33.5678391959799,10
33.5678391959799,11
33.5678391959799,15
33.5678391959799,13
33.5678391959799,9
33.5678391959799,9
33.5678391959799,8
33.5678391959799,15
33.5678391959799,10
33.5678391959799,7
33.5678391959799,10
33.5678391959799,6
33.5678391959799,6
33.5678391959799,8
33.5678391959799,13
33.5678391959799,5
33.5678391959799,12
33.5678391959799,8
33.5678391959799,14
33.5678391959799,7
33.5678391959799,10
33.5678391959799,4
33.5678391959799,12
33.5678391959799,5
33.5678391959799,12
33.5678391959799,12
33.5678391959799,12
33.5678391959799,10
33.5678391959799,11
33.5678391959799,1
33.5678391959799,16
33.5678391959799,14
33.5678391959799,11
33.5678391959799,16
33.5678391959799,7
33.5678391959799,14
33.5678391959799,9
33.5678391959799,10
33.7688442211055,12
33.7688442211055,7
33.7688442211055,10
33.7688442211055,12
33.7688442211055,8
33.7688442211055,7
33.7688442211055,8
33.7688442211055,9
33.7688442211055,6
33.7688442211055,9
33.7688442211055,7
33.7688442211055,8
33.7688442211055,5
33.7688442211055,6
33.7688442211055,11
33.7688442211055,10
33.7688442211055,7
33.7688442211055,7
33.7688442211055,10
33.7688442211055,9
33.7688442211055,6
33.7688442211055,6
33.7688442211055,13
33.7688442211055,8
33.7688442211055,11
33.7688442211055,7
33.7688442211055,10
33.7688442211055,6
33.7688442211055,6
33.7688442211055,11
33.7688442211055,11
33.7688442211055,12
33.7688442211055,8
33.7688442211055,9
33.7688442211055,10
33.7688442211055,9
33.7688442211055,9
33.7688442211055,6
33.7688442211055,14
33.7688442211055,8
33.7688442211055,10
33.7688442211055,9
33.7688442211055,16
33.7688442211055,16
33.7688442211055,17
33.7688442211055,4
33.7688442211055,14
33.7688442211055,13
33.7688442211055,10
33.7688442211055,13
33.7688442211055,18
33.7688442211055,16
33.7688442211055,14
33.7688442211055,7
33.7688442211055,14
33.7688442211055,10
33.7688442211055,12
33.7688442211055,16
33.7688442211055,7
33.7688442211055,10
33.7688442211055,7
33.7688442211055,7
33.7688442211055,4
33.7688442211055,17
33.7688442211055,6
33.7688442211055,14
33.7688442211055,4
33.7688442211055,10
33.7688442211055,13
33.7688442211055,8
33.7688442211055,10
33.7688442211055,10
33.7688442211055,9
33.7688442211055,12
33.7688442211055,12
33.7688442211055,13
33.7688442211055,13
33.7688442211055,6
33.7688442211055,7
33.7688442211055,11
33.7688442211055,12
33.7688442211055,5
33.7688442211055,10
33.7688442211055,16
33.7688442211055,9
33.7688442211055,9
33.7688442211055,5
33.7688442211055,21
33.7688442211055,8
33.7688442211055,15
33.7688442211055,15
33.7688442211055,8
33.7688442211055,10
33.7688442211055,14
33.7688442211055,7
33.7688442211055,4
33.7688442211055,3
33.7688442211055,13
33.7688442211055,4
33.7688442211055,9
33.7688442211055,8
33.7688442211055,8
33.7688442211055,11
33.7688442211055,5
33.7688442211055,7
33.7688442211055,13
33.7688442211055,9
33.7688442211055,7
33.7688442211055,13
33.7688442211055,10
33.7688442211055,16
33.7688442211055,10
33.7688442211055,5
33.7688442211055,7
33.7688442211055,11
33.7688442211055,11
33.7688442211055,4
33.7688442211055,9
33.7688442211055,7
33.7688442211055,10
33.7688442211055,3
33.7688442211055,10
33.7688442211055,11
33.7688442211055,10
33.7688442211055,9
33.7688442211055,10
33.7688442211055,12
33.7688442211055,10
33.7688442211055,11
33.7688442211055,13
33.7688442211055,12
33.7688442211055,7
33.7688442211055,9
33.7688442211055,13
33.7688442211055,11
33.7688442211055,15
33.7688442211055,6
33.7688442211055,12
33.7688442211055,10
33.7688442211055,13
33.7688442211055,5
33.7688442211055,11
33.7688442211055,5
33.7688442211055,13
33.7688442211055,16
33.7688442211055,13
33.7688442211055,12
33.7688442211055,5
33.7688442211055,11
33.7688442211055,7
33.7688442211055,8
33.7688442211055,12
33.7688442211055,9
33.7688442211055,9
33.7688442211055,4
33.7688442211055,6
33.7688442211055,8
33.7688442211055,9
33.7688442211055,12
33.7688442211055,9
33.7688442211055,15
33.7688442211055,5
33.7688442211055,8
33.7688442211055,10
33.7688442211055,11
33.7688442211055,14
33.7688442211055,5
33.7688442211055,14
33.7688442211055,7
33.7688442211055,6
33.7688442211055,11
33.7688442211055,9
33.7688442211055,13
33.7688442211055,7
33.7688442211055,6
33.7688442211055,15
33.7688442211055,8
33.7688442211055,8
33.7688442211055,12
33.7688442211055,11
33.7688442211055,8
33.7688442211055,10
33.7688442211055,7
33.7688442211055,5
33.7688442211055,11
33.7688442211055,15
33.7688442211055,9
33.7688442211055,10
33.7688442211055,8
33.7688442211055,10
33.7688442211055,8
33.7688442211055,14
33.7688442211055,9
33.7688442211055,9
33.7688442211055,10
33.7688442211055,12
33.7688442211055,8
33.7688442211055,7
33.7688442211055,6
33.7688442211055,14
33.9698492462312,11
33.9698492462312,11
33.9698492462312,9
33.9698492462312,11
33.9698492462312,8
33.9698492462312,15
33.9698492462312,10
33.9698492462312,7
33.9698492462312,9
33.9698492462312,9
33.9698492462312,8
33.9698492462312,10
33.9698492462312,6
33.9698492462312,10
33.9698492462312,8
33.9698492462312,15
33.9698492462312,8
33.9698492462312,6
33.9698492462312,8
33.9698492462312,12
33.9698492462312,11
33.9698492462312,8
33.9698492462312,4
33.9698492462312,11
33.9698492462312,9
33.9698492462312,7
33.9698492462312,12
33.9698492462312,10
33.9698492462312,6
33.9698492462312,9
33.9698492462312,12
33.9698492462312,12
33.9698492462312,20
33.9698492462312,6
33.9698492462312,8
33.9698492462312,13
33.9698492462312,15
33.9698492462312,7
33.9698492462312,9
33.9698492462312,10
33.9698492462312,8
33.9698492462312,9
33.9698492462312,9
33.9698492462312,12
33.9698492462312,8
33.9698492462312,7
33.9698492462312,9
33.9698492462312,10
33.9698492462312,11
33.9698492462312,5
33.9698492462312,10
33.9698492462312,12
33.9698492462312,12
33.9698492462312,9
33.9698492462312,9
33.9698492462312,6
33.9698492462312,10
33.9698492462312,9
33.9698492462312,8
33.9698492462312,11
33.9698492462312,3
33.9698492462312,11
33.9698492462312,12
33.9698492462312,8
33.9698492462312,3
33.9698492462312,13
33.9698492462312,11
33.9698492462312,8
33.9698492462312,18
33.9698492462312,10
33.9698492462312,11
33.9698492462312,6
33.9698492462312,10
33.9698492462312,5
33.9698492462312,17
33.9698492462312,8
33.9698492462312,8
33.9698492462312,10
33.9698492462312,11
33.9698492462312,6
33.9698492462312,10
33.9698492462312,8
33.9698492462312,14
33.9698492462312,12
33.9698492462312,12
33.9698492462312,11
33.9698492462312,6
33.9698492462312,8
33.9698492462312,10
33.9698492462312,8
33.9698492462312,12
33.9698492462312,9
33.9698492462312,10
33.9698492462312,4
33.9698492462312,8
33.9698492462312,9
33.9698492462312,7
33.9698492462312,15
33.9698492462312,8
33.9698492462312,10
33.9698492462312,7
33.9698492462312,5
33.9698492462312,10
33.9698492462312,11
33.9698492462312,11
33.9698492462312,12
33.9698492462312,11
33.9698492462312,15
33.9698492462312,7
33.9698492462312,7
33.9698492462312,8
33.9698492462312,9
33.9698492462312,7
33.9698492462312,8
33.9698492462312,7
33.9698492462312,9
33.9698492462312,9
33.9698492462312,8
33.9698492462312,11
33.9698492462312,7
33.9698492462312,14
33.9698492462312,9
33.9698492462312,15
33.9698492462312,5
33.9698492462312,13
33.9698492462312,8
33.9698492462312,10
33.9698492462312,7
33.9698492462312,17
33.9698492462312,8
33.9698492462312,13
33.9698492462312,10
33.9698492462312,10
33.9698492462312,8
33.9698492462312,16
33.9698492462312,5
33.9698492462312,8
33.9698492462312,11
33.9698492462312,8
33.9698492462312,9
33.9698492462312,5
33.9698492462312,11
33.9698492462312,5
33.9698492462312,10
33.9698492462312,8
33.9698492462312,13
33.9698492462312,12
33.9698492462312,10
33.9698492462312,11
33.9698492462312,10
33.9698492462312,13
33.9698492462312,7
33.9698492462312,14
33.9698492462312,9
33.9698492462312,10
33.9698492462312,5
33.9698492462312,8
33.9698492462312,9
33.9698492462312,8
33.9698492462312,8
33.9698492462312,10
33.9698492462312,11
33.9698492462312,13
33.9698492462312,6
33.9698492462312,9
33.9698492462312,11
33.9698492462312,7
33.9698492462312,6
33.9698492462312,9
33.9698492462312,12
33.9698492462312,14
33.9698492462312,17
33.9698492462312,6
33.9698492462312,8
33.9698492462312,11
33.9698492462312,5
33.9698492462312,6
33.9698492462312,15
33.9698492462312,14
33.9698492462312,12
33.9698492462312,8
33.9698492462312,13
33.9698492462312,6
33.9698492462312,9
33.9698492462312,13
33.9698492462312,9
33.9698492462312,14
33.9698492462312,9
33.9698492462312,7
33.9698492462312,10
33.9698492462312,10
33.9698492462312,9
33.9698492462312,7
33.9698492462312,11
33.9698492462312,14
33.9698492462312,10
33.9698492462312,10
33.9698492462312,8
33.9698492462312,9
33.9698492462312,7
34.1708542713568,10
34.1708542713568,7
34.1708542713568,12
34.1708542713568,11
34.1708542713568,8
34.1708542713568,11
34.1708542713568,7
34.1708542713568,14
34.1708542713568,7
34.1708542713568,11
34.1708542713568,9
34.1708542713568,4
34.1708542713568,20
34.1708542713568,11
34.1708542713568,13
34.1708542713568,9
34.1708542713568,9
34.1708542713568,11
34.1708542713568,12
34.1708542713568,9
34.1708542713568,14
34.1708542713568,11
34.1708542713568,11
34.1708542713568,12
34.1708542713568,16
34.1708542713568,10
34.1708542713568,7
34.1708542713568,13
34.1708542713568,9
34.1708542713568,9
34.1708542713568,6
34.1708542713568,8
34.1708542713568,10
34.1708542713568,10
34.1708542713568,7
34.1708542713568,12
34.1708542713568,10
34.1708542713568,9
34.1708542713568,7
34.1708542713568,7
34.1708542713568,11
34.1708542713568,11
34.1708542713568,9
34.1708542713568,12
34.1708542713568,7
34.1708542713568,8
34.1708542713568,7
34.1708542713568,15
34.1708542713568,13
34.1708542713568,8
34.1708542713568,12
34.1708542713568,9
34.1708542713568,13
34.1708542713568,13
34.1708542713568,9
34.1708542713568,12
34.1708542713568,7
34.1708542713568,10
34.1708542713568,11
34.1708542713568,11
34.1708542713568,16
34.1708542713568,9
34.1708542713568,14
34.1708542713568,19
34.1708542713568,13
34.1708542713568,15
34.1708542713568,11
34.1708542713568,11
34.1708542713568,5
34.1708542713568,11
34.1708542713568,12
34.1708542713568,5
34.1708542713568,8
34.1708542713568,14
34.1708542713568,12
34.1708542713568,6
34.1708542713568,7
34.1708542713568,11
34.1708542713568,11
34.1708542713568,14
34.1708542713568,16
34.1708542713568,8
34.1708542713568,9
34.1708542713568,6
34.1708542713568,8
34.1708542713568,8
34.1708542713568,8
34.1708542713568,14
34.1708542713568,9
34.1708542713568,12
34.1708542713568,7
34.1708542713568,6
34.1708542713568,11
34.1708542713568,13
34.1708542713568,5
34.1708542713568,6
34.1708542713568,11
34.1708542713568,15
34.1708542713568,10
34.1708542713568,5
34.1708542713568,6
34.1708542713568,11
34.1708542713568,13
34.1708542713568,8
34.1708542713568,7
34.1708542713568,14
34.1708542713568,10
34.1708542713568,15
34.1708542713568,11
34.1708542713568,8
34.1708542713568,7
34.1708542713568,11
34.1708542713568,7
34.1708542713568,11
34.1708542713568,8
34.1708542713568,4
34.1708542713568,10
34.1708542713568,8
34.1708542713568,7
34.1708542713568,14
34.1708542713568,10
34.1708542713568,7
34.1708542713568,8
34.1708542713568,12
34.1708542713568,6
34.1708542713568,9
34.1708542713568,8
34.1708542713568,5
34.1708542713568,9
34.1708542713568,7
34.1708542713568,15
34.1708542713568,8
34.1708542713568,11
34.1708542713568,9
34.1708542713568,13
34.1708542713568,11
34.1708542713568,6
34.1708542713568,12
34.1708542713568,13
34.1708542713568,9
34.1708542713568,14
34.1708542713568,14
34.1708542713568,8
34.1708542713568,6
34.1708542713568,8
34.1708542713568,15
34.1708542713568,10
34.1708542713568,10
34.1708542713568,12
34.1708542713568,6
34.1708542713568,8
34.1708542713568,13
34.1708542713568,16
34.1708542713568,4
34.1708542713568,10
34.1708542713568,7
34.1708542713568,6
34.1708542713568,5
34.1708542713568,9
34.1708542713568,10
34.1708542713568,10
34.1708542713568,8
34.1708542713568,15
34.1708542713568,11
34.1708542713568,7
34.1708542713568,2
34.1708542713568,10
34.1708542713568,8
34.1708542713568,5
34.1708542713568,6
34.1708542713568,13
34.1708542713568,7
34.1708542713568,8
34.1708542713568,8
34.1708542713568,9
34.1708542713568,9
34.1708542713568,10
34.1708542713568,14
34.1708542713568,12
34.1708542713568,8
34.1708542713568,10
34.1708542713568,6
34.1708542713568,9
34.1708542713568,10
34.1708542713568,9
34.1708542713568,10
34.1708542713568,5
34.1708542713568,14
34.1708542713568,4
34.1708542713568,6
34.1708542713568,10
34.1708542713568,11
34.1708542713568,5
34.1708542713568,12
34.1708542713568,9
34.1708542713568,8
34.1708542713568,12
34.1708542713568,8
34.1708542713568,6
34.1708542713568,10
34.3718592964824,9
34.3718592964824,7
34.3718592964824,8
34.3718592964824,8
34.3718592964824,9
34.3718592964824,8
34.3718592964824,14
34.3718592964824,10
34.3718592964824,8
34.3718592964824,15
34.3718592964824,7
34.3718592964824,10
34.3718592964824,10
34.3718592964824,6
34.3718592964824,9
34.3718592964824,6
34.3718592964824,10
34.3718592964824,11
34.3718592964824,20
34.3718592964824,9
34.3718592964824,17
34.3718592964824,11
34.3718592964824,9
34.3718592964824,11
34.3718592964824,7
34.3718592964824,13
34.3718592964824,4
34.3718592964824,13
34.3718592964824,9
34.3718592964824,10
34.3718592964824,10
34.3718592964824,13
34.3718592964824,6
34.3718592964824,9
34.3718592964824,9
34.3718592964824,7
34.3718592964824,9
34.3718592964824,13
34.3718592964824,11
34.3718592964824,8
34.3718592964824,16
34.3718592964824,9
34.3718592964824,13
34.3718592964824,12
34.3718592964824,6
34.3718592964824,4
34.3718592964824,11
34.3718592964824,12
34.3718592964824,8
34.3718592964824,10
34.3718592964824,10
34.3718592964824,8
34.3718592964824,14
34.3718592964824,11
34.3718592964824,16
34.3718592964824,15
34.3718592964824,16
34.3718592964824,9
34.3718592964824,7
34.3718592964824,7
34.3718592964824,11
34.3718592964824,6
34.3718592964824,7
34.3718592964824,13
34.3718592964824,10
34.3718592964824,11
34.3718592964824,10
34.3718592964824,11
34.3718592964824,8
34.3718592964824,9
34.3718592964824,13
34.3718592964824,7
34.3718592964824,6
34.3718592964824,7
34.3718592964824,10
34.3718592964824,10
34.3718592964824,6
34.3718592964824,8
34.3718592964824,10
34.3718592964824,6
34.3718592964824,9
34.3718592964824,13
34.3718592964824,9
34.3718592964824,6
34.3718592964824,9
34.3718592964824,10
34.3718592964824,14
34.3718592964824,6
34.3718592964824,5
34.3718592964824,12
34.3718592964824,9
34.3718592964824,6
34.3718592964824,6
34.3718592964824,12
34.3718592964824,11
34.3718592964824,11
34.3718592964824,12
34.3718592964824,6
34.3718592964824,7
34.3718592964824,5
34.3718592964824,5
34.3718592964824,6
34.3718592964824,9
34.3718592964824,6
34.3718592964824,8
34.3718592964824,8
34.3718592964824,10
34.3718592964824,6
34.3718592964824,7
34.3718592964824,9
34.3718592964824,9
34.3718592964824,11
34.3718592964824,9
34.3718592964824,10
34.3718592964824,17
34.3718592964824,7
34.3718592964824,4
34.3718592964824,8
34.3718592964824,8
34.3718592964824,13
34.3718592964824,7
34.3718592964824,9
34.3718592964824,6
34.3718592964824,9
34.3718592964824,14
34.3718592964824,10
34.3718592964824,7
34.3718592964824,11
34.3718592964824,9
34.3718592964824,8
34.3718592964824,13
34.3718592964824,4
34.3718592964824,13
34.3718592964824,4
34.3718592964824,13
34.3718592964824,8
34.3718592964824,3
34.3718592964824,9
34.3718592964824,13
34.3718592964824,15
34.3718592964824,12
34.3718592964824,8
34.3718592964824,11
34.3718592964824,11
34.3718592964824,8
34.3718592964824,14
34.3718592964824,10
34.3718592964824,18
34.3718592964824,10
34.3718592964824,11
34.3718592964824,7
34.3718592964824,16
34.3718592964824,12
34.3718592964824,10
34.3718592964824,13
34.3718592964824,10
34.3718592964824,10
34.3718592964824,11
34.3718592964824,9
34.3718592964824,15
34.3718592964824,8
34.3718592964824,7
34.3718592964824,12
34.3718592964824,12
34.3718592964824,8
34.3718592964824,6
34.3718592964824,7
34.3718592964824,6
34.3718592964824,9
34.3718592964824,9
34.3718592964824,8
34.3718592964824,13
34.3718592964824,7
34.3718592964824,11
34.3718592964824,6
34.3718592964824,10
34.3718592964824,6
34.3718592964824,8
34.3718592964824,8
34.3718592964824,7
34.3718592964824,4
34.3718592964824,17
34.3718592964824,9
34.3718592964824,8
34.3718592964824,8
34.3718592964824,6
34.3718592964824,8
34.3718592964824,6
34.3718592964824,12
34.3718592964824,10
34.3718592964824,13
34.3718592964824,8
34.3718592964824,13
34.3718592964824,6
34.3718592964824,11
34.3718592964824,17
34.3718592964824,9
34.3718592964824,12
34.3718592964824,10
34.3718592964824,7
34.572864321608,6
34.572864321608,11
34.572864321608,10
34.572864321608,14
34.572864321608,6
34.572864321608,8
34.572864321608,6
34.572864321608,8
34.572864321608,10
34.572864321608,8
34.572864321608,13
34.572864321608,11
34.572864321608,12
34.572864321608,7
34.572864321608,8
34.572864321608,11
34.572864321608,6
34.572864321608,13
34.572864321608,5
34.572864321608,11
34.572864321608,11
34.572864321608,6
34.572864321608,16
34.572864321608,9
34.572864321608,5
34.572864321608,11
34.572864321608,7
34.572864321608,6
34.572864321608,6
34.572864321608,10
34.572864321608,13
34.572864321608,12
34.572864321608,7
34.572864321608,10
34.572864321608,9
34.572864321608,16
34.572864321608,11
34.572864321608,9
34.572864321608,8
34.572864321608,5
34.572864321608,10
34.572864321608,8
34.572864321608,11
34.572864321608,14
34.572864321608,8
34.572864321608,7
34.572864321608,6
34.572864321608,13
34.572864321608,14
34.572864321608,4
34.572864321608,10
34.572864321608,13
34.572864321608,9
34.572864321608,5
34.572864321608,9
34.572864321608,14
34.572864321608,4
34.572864321608,11
34.572864321608,10
34.572864321608,8
34.572864321608,8
34.572864321608,3
34.572864321608,8
34.572864321608,10
34.572864321608,7
34.572864321608,13
34.572864321608,10
34.572864321608,16
34.572864321608,12
34.572864321608,9
34.572864321608,9
34.572864321608,11
34.572864321608,9
34.572864321608,11
34.572864321608,11
34.572864321608,11
34.572864321608,9
34.572864321608,12
34.572864321608,17
34.572864321608,9
34.572864321608,10
34.572864321608,8
34.572864321608,12
34.572864321608,7
34.572864321608,10
34.572864321608,6
34.572864321608,11
34.572864321608,9
34.572864321608,9
34.572864321608,9
34.572864321608,14
34.572864321608,16
34.572864321608,7
34.572864321608,7
34.572864321608,8
34.572864321608,9
34.572864321608,21
34.572864321608,9
34.572864321608,11
34.572864321608,16
34.572864321608,9
34.572864321608,15
34.572864321608,4
34.572864321608,5
34.572864321608,11
34.572864321608,9
34.572864321608,8
34.572864321608,9
34.572864321608,6
34.572864321608,11
34.572864321608,11
34.572864321608,14
34.572864321608,11
34.572864321608,6
34.572864321608,11
34.572864321608,10
34.572864321608,12
34.572864321608,4
34.572864321608,7
34.572864321608,11
34.572864321608,8
34.572864321608,13
34.572864321608,15
34.572864321608,14
34.572864321608,9
34.572864321608,11
34.572864321608,16
34.572864321608,8
34.572864321608,11
34.572864321608,10
34.572864321608,12
34.572864321608,10
34.572864321608,6
34.572864321608,4
34.572864321608,7
34.572864321608,9
34.572864321608,8
34.572864321608,8
34.572864321608,8
34.572864321608,8
34.572864321608,10
34.572864321608,10
34.572864321608,9
34.572864321608,8
34.572864321608,8
34.572864321608,14
34.572864321608,9
34.572864321608,13
34.572864321608,11
34.572864321608,8
34.572864321608,10
34.572864321608,8
34.572864321608,7
34.572864321608,10
34.572864321608,11
34.572864321608,8
34.572864321608,11
34.572864321608,12
34.572864321608,4
34.572864321608,8
34.572864321608,3
34.572864321608,10
34.572864321608,7
34.572864321608,6
34.572864321608,17
34.572864321608,11
34.572864321608,13
34.572864321608,12
34.572864321608,11
34.572864321608,14
34.572864321608,6
34.572864321608,8
34.572864321608,1
34.572864321608,11
34.572864321608,9
34.572864321608,13
34.572864321608,11
34.572864321608,9
34.572864321608,8
34.572864321608,7
34.572864321608,6
34.572864321608,7
34.572864321608,5
34.572864321608,6
34.572864321608,15
34.572864321608,9
34.572864321608,8
34.572864321608,9
34.572864321608,7
34.572864321608,5
34.572864321608,6
34.572864321608,13
34.572864321608,11
34.572864321608,12
34.572864321608,14
34.572864321608,13
34.572864321608,9
34.572864321608,12
34.572864321608,9
34.572864321608,17
34.7738693467337,7
34.7738693467337,4
34.7738693467337,6
34.7738693467337,7
34.7738693467337,19
34.7738693467337,12
34.7738693467337,14
34.7738693467337,10
34.7738693467337,6
34.7738693467337,12
34.7738693467337,11
34.7738693467337,12
34.7738693467337,5
34.7738693467337,4
34.7738693467337,6
34.7738693467337,14
34.7738693467337,8
34.7738693467337,8
34.7738693467337,8
34.7738693467337,10
34.7738693467337,11
34.7738693467337,12
34.7738693467337,11
34.7738693467337,10
34.7738693467337,9
34.7738693467337,14
34.7738693467337,9
34.7738693467337,8
34.7738693467337,7
34.7738693467337,9
34.7738693467337,10
34.7738693467337,5
34.7738693467337,7
34.7738693467337,6
34.7738693467337,7
34.7738693467337,15
34.7738693467337,6
34.7738693467337,10
34.7738693467337,18
34.7738693467337,8
34.7738693467337,5
34.7738693467337,7
34.7738693467337,11
34.7738693467337,9
34.7738693467337,9
34.7738693467337,12
34.7738693467337,11
34.7738693467337,14
34.7738693467337,5
34.7738693467337,13
34.7738693467337,11
34.7738693467337,11
34.7738693467337,8
34.7738693467337,9
34.7738693467337,11
34.7738693467337,5
34.7738693467337,10
34.7738693467337,9
34.7738693467337,6
34.7738693467337,7
34.7738693467337,11
34.7738693467337,13
34.7738693467337,10
34.7738693467337,13
34.7738693467337,12
34.7738693467337,12
34.7738693467337,10
34.7738693467337,6
34.7738693467337,11
34.7738693467337,11
34.7738693467337,15
34.7738693467337,9
34.7738693467337,19
34.7738693467337,12
34.7738693467337,4
34.7738693467337,12
34.7738693467337,13
34.7738693467337,9
34.7738693467337,5
34.7738693467337,11
34.7738693467337,11
34.7738693467337,6
34.7738693467337,12
34.7738693467337,10
34.7738693467337,10
34.7738693467337,14
34.7738693467337,9
34.7738693467337,11
34.7738693467337,10
34.7738693467337,20
34.7738693467337,7
34.7738693467337,8
34.7738693467337,8
34.7738693467337,10
34.7738693467337,10
34.7738693467337,9
34.7738693467337,13
34.7738693467337,12
34.7738693467337,12
34.7738693467337,12
34.7738693467337,13
34.7738693467337,10
34.7738693467337,7
34.7738693467337,7
34.7738693467337,10
34.7738693467337,8
34.7738693467337,10
34.7738693467337,12
34.7738693467337,16
34.7738693467337,12
34.7738693467337,7
34.7738693467337,16
34.7738693467337,6
34.7738693467337,9
34.7738693467337,7
34.7738693467337,7
34.7738693467337,10
34.7738693467337,13
34.7738693467337,7
34.7738693467337,10
34.7738693467337,13
34.7738693467337,8
34.7738693467337,15
34.7738693467337,12
34.7738693467337,15
34.7738693467337,11
34.7738693467337,6
34.7738693467337,12
34.7738693467337,11
34.7738693467337,9
34.7738693467337,7
34.7738693467337,12
34.7738693467337,8
34.7738693467337,14
34.7738693467337,7
34.7738693467337,11
34.7738693467337,11
34.7738693467337,10
34.7738693467337,8
34.7738693467337,16
34.7738693467337,9
34.7738693467337,5
34.7738693467337,5
34.7738693467337,8
34.7738693467337,6
34.7738693467337,6
34.7738693467337,8
34.7738693467337,12
34.7738693467337,8
34.7738693467337,9
34.7738693467337,10
34.7738693467337,16
34.7738693467337,12
34.7738693467337,15
34.7738693467337,10
34.7738693467337,8
34.7738693467337,9
34.7738693467337,13
34.7738693467337,9
34.7738693467337,13
34.7738693467337,13
34.7738693467337,8
34.7738693467337,15
34.7738693467337,9
34.7738693467337,12
34.7738693467337,11
34.7738693467337,16
34.7738693467337,7
34.7738693467337,7
34.7738693467337,13
34.7738693467337,10
34.7738693467337,19
34.7738693467337,11
34.7738693467337,6
34.7738693467337,3
34.7738693467337,13
34.7738693467337,12
34.7738693467337,5
34.7738693467337,14
34.7738693467337,10
34.7738693467337,7
34.7738693467337,8
34.7738693467337,11
34.7738693467337,10
34.7738693467337,5
34.7738693467337,13
34.7738693467337,14
34.7738693467337,15
34.7738693467337,8
34.7738693467337,14
34.7738693467337,9
34.7738693467337,6
34.7738693467337,9
34.7738693467337,6
34.7738693467337,8
34.7738693467337,13
34.7738693467337,9
34.7738693467337,13
34.7738693467337,8
34.7738693467337,12
34.9748743718593,11
34.9748743718593,6
34.9748743718593,15
34.9748743718593,12
34.9748743718593,13
34.9748743718593,11
34.9748743718593,11
34.9748743718593,3
34.9748743718593,5
34.9748743718593,20
34.9748743718593,8
34.9748743718593,13
34.9748743718593,6
34.9748743718593,6
34.9748743718593,9
34.9748743718593,6
34.9748743718593,8
34.9748743718593,8
34.9748743718593,10
34.9748743718593,12
34.9748743718593,12
34.9748743718593,11
34.9748743718593,11
34.9748743718593,10
34.9748743718593,8
34.9748743718593,11
34.9748743718593,11
34.9748743718593,12
34.9748743718593,17
34.9748743718593,11
34.9748743718593,15
34.9748743718593,11
34.9748743718593,9
34.9748743718593,11
34.9748743718593,10
34.9748743718593,5
34.9748743718593,8
34.9748743718593,10
34.9748743718593,5
34.9748743718593,11
34.9748743718593,7
34.9748743718593,10
34.9748743718593,10
34.9748743718593,9
34.9748743718593,5
34.9748743718593,12
34.9748743718593,9
34.9748743718593,10
34.9748743718593,13
34.9748743718593,9
34.9748743718593,9
34.9748743718593,12
34.9748743718593,7
34.9748743718593,12
34.9748743718593,8
34.9748743718593,15
34.9748743718593,7
34.9748743718593,5
34.9748743718593,13
34.9748743718593,9
34.9748743718593,6
34.9748743718593,12
34.9748743718593,7
34.9748743718593,16
34.9748743718593,6
34.9748743718593,10
34.9748743718593,12
34.9748743718593,12
34.9748743718593,18
34.9748743718593,13
34.9748743718593,4
34.9748743718593,8
34.9748743718593,13
34.9748743718593,6
34.9748743718593,11
34.9748743718593,9
34.9748743718593,11
34.9748743718593,10
34.9748743718593,11
34.9748743718593,12
34.9748743718593,11
34.9748743718593,7
34.9748743718593,12
34.9748743718593,10
34.9748743718593,10
34.9748743718593,9
34.9748743718593,14
34.9748743718593,8
34.9748743718593,9
34.9748743718593,5
34.9748743718593,10
34.9748743718593,10
34.9748743718593,8
34.9748743718593,7
34.9748743718593,10
34.9748743718593,3
34.9748743718593,13
34.9748743718593,5
34.9748743718593,10
34.9748743718593,6
34.9748743718593,9
34.9748743718593,6
34.9748743718593,13
34.9748743718593,7
34.9748743718593,14
34.9748743718593,9
34.9748743718593,9
34.9748743718593,8
34.9748743718593,6
34.9748743718593,13
34.9748743718593,9
34.9748743718593,12
34.9748743718593,9
34.9748743718593,9
34.9748743718593,8
34.9748743718593,10
34.9748743718593,8
34.9748743718593,14
34.9748743718593,8
34.9748743718593,9
34.9748743718593,9
34.9748743718593,14
34.9748743718593,11
34.9748743718593,8
34.9748743718593,7
34.9748743718593,13
34.9748743718593,8
34.9748743718593,5
34.9748743718593,7
34.9748743718593,9
34.9748743718593,11
34.9748743718593,10
34.9748743718593,9
34.9748743718593,8
34.9748743718593,7
34.9748743718593,11
34.9748743718593,8
34.9748743718593,12
34.9748743718593,15
34.9748743718593,7
34.9748743718593,12
34.9748743718593,12
34.9748743718593,10
34.9748743718593,5
34.9748743718593,8
34.9748743718593,8
34.9748743718593,9
34.9748743718593,7
34.9748743718593,7
34.9748743718593,7
34.9748743718593,7
34.9748743718593,3
34.9748743718593,9
34.9748743718593,9
34.9748743718593,9
34.9748743718593,10
34.9748743718593,7
34.9748743718593,11
34.9748743718593,7
34.9748743718593,13
34.9748743718593,8
34.9748743718593,3
34.9748743718593,8
34.9748743718593,10
34.9748743718593,9
34.9748743718593,9
34.9748743718593,9
34.9748743718593,11
34.9748743718593,10
34.9748743718593,10
34.9748743718593,10
34.9748743718593,11
34.9748743718593,8
34.9748743718593,15
34.9748743718593,11
34.9748743718593,5
34.9748743718593,7
34.9748743718593,7
34.9748743718593,14
34.9748743718593,14
34.9748743718593,11
34.9748743718593,5
34.9748743718593,7
34.9748743718593,9
34.9748743718593,8
34.9748743718593,7
34.9748743718593,9
34.9748743718593,11
34.9748743718593,15
34.9748743718593,9
34.9748743718593,8
34.9748743718593,10
34.9748743718593,8
34.9748743718593,10
34.9748743718593,10
34.9748743718593,5
34.9748743718593,13
34.9748743718593,12
34.9748743718593,9
34.9748743718593,9
35.1758793969849,7
35.1758793969849,14
35.1758793969849,3
35.1758793969849,10
35.1758793969849,10
35.1758793969849,7
35.1758793969849,11
35.1758793969849,14
35.1758793969849,6
35.1758793969849,13
35.1758793969849,3
35.1758793969849,9
35.1758793969849,7
35.1758793969849,11
35.1758793969849,11
35.1758793969849,14
35.1758793969849,6
35.1758793969849,9
35.1758793969849,10
35.1758793969849,7
35.1758793969849,8
35.1758793969849,11
35.1758793969849,10
35.1758793969849,7
35.1758793969849,10
35.1758793969849,14
35.1758793969849,11
35.1758793969849,8
35.1758793969849,13
35.1758793969849,10
35.1758793969849,12
35.1758793969849,13
35.1758793969849,9
35.1758793969849,7
35.1758793969849,13
35.1758793969849,7
35.1758793969849,9
35.1758793969849,16
35.1758793969849,8
35.1758793969849,4
35.1758793969849,11
35.1758793969849,5
35.1758793969849,12
35.1758793969849,9
35.1758793969849,11
35.1758793969849,13
35.1758793969849,13
35.1758793969849,11
35.1758793969849,11
35.1758793969849,5
35.1758793969849,8
35.1758793969849,10
35.1758793969849,6
35.1758793969849,10
35.1758793969849,9
35.1758793969849,12
35.1758793969849,8
35.1758793969849,11
35.1758793969849,8
35.1758793969849,10
35.1758793969849,11
35.1758793969849,8
35.1758793969849,8
35.1758793969849,8
35.1758793969849,11
35.1758793969849,11
35.1758793969849,10
35.1758793969849,11
35.1758793969849,10
35.1758793969849,13
35.1758793969849,10
35.1758793969849,11
35.1758793969849,5
35.1758793969849,13
35.1758793969849,10
35.1758793969849,13
35.1758793969849,6
35.1758793969849,12
35.1758793969849,7
35.1758793969849,6
35.1758793969849,6
35.1758793969849,6
35.1758793969849,14
35.1758793969849,10
35.1758793969849,8
35.1758793969849,9
35.1758793969849,10
35.1758793969849,6
35.1758793969849,14
35.1758793969849,6
35.1758793969849,7
35.1758793969849,8
35.1758793969849,9
35.1758793969849,11
35.1758793969849,8
35.1758793969849,11
35.1758793969849,10
35.1758793969849,10
35.1758793969849,11
35.1758793969849,15
35.1758793969849,12
35.1758793969849,15
35.1758793969849,10
35.1758793969849,8
35.1758793969849,11
35.1758793969849,4
35.1758793969849,10
35.1758793969849,8
35.1758793969849,7
35.1758793969849,9
35.1758793969849,6
35.1758793969849,4
35.1758793969849,8
35.1758793969849,9
35.1758793969849,6
35.1758793969849,7
35.1758793969849,5
35.1758793969849,10
35.1758793969849,11
35.1758793969849,14
35.1758793969849,14
35.1758793969849,10
35.1758793969849,8
35.1758793969849,8
35.1758793969849,7
35.1758793969849,7
35.1758793969849,11
35.1758793969849,15
35.1758793969849,12
35.1758793969849,8
35.1758793969849,8
35.1758793969849,9
35.1758793969849,10
35.1758793969849,9
35.1758793969849,16
35.1758793969849,8
35.1758793969849,10
35.1758793969849,10
35.1758793969849,8
35.1758793969849,11
35.1758793969849,5
35.1758793969849,8
35.1758793969849,8
35.1758793969849,8
35.1758793969849,10
35.1758793969849,13
35.1758793969849,8
35.1758793969849,6
35.1758793969849,11
35.1758793969849,9
35.1758793969849,9
35.1758793969849,11
35.1758793969849,8
35.1758793969849,8
35.1758793969849,7
35.1758793969849,12
35.1758793969849,12
35.1758793969849,8
35.1758793969849,8
35.1758793969849,6
35.1758793969849,4
35.1758793969849,13
35.1758793969849,11
35.1758793969849,11
35.1758793969849,13
35.1758793969849,9
35.1758793969849,5
35.1758793969849,9
35.1758793969849,9
35.1758793969849,12
35.1758793969849,10
35.1758793969849,9
35.1758793969849,7
35.1758793969849,12
35.1758793969849,10
35.1758793969849,13
35.1758793969849,14
35.1758793969849,13
35.1758793969849,12
35.1758793969849,6
35.1758793969849,10
35.1758793969849,9
35.1758793969849,3
35.1758793969849,9
35.1758793969849,7
35.1758793969849,11
35.1758793969849,11
35.1758793969849,12
35.1758793969849,7
35.1758793969849,5
35.1758793969849,8
35.1758793969849,6
35.1758793969849,9
35.1758793969849,12
35.1758793969849,11
35.1758793969849,10
35.1758793969849,9
35.1758793969849,12
35.1758793969849,13
35.1758793969849,12
35.3768844221105,5
35.3768844221105,11
35.3768844221105,9
35.3768844221105,10
35.3768844221105,9
35.3768844221105,9
35.3768844221105,11
35.3768844221105,11
35.3768844221105,10
35.3768844221105,7
35.3768844221105,7
35.3768844221105,12
35.3768844221105,8
35.3768844221105,8
35.3768844221105,9
35.3768844221105,11
35.3768844221105,14
35.3768844221105,6
35.3768844221105,9
35.3768844221105,11
35.3768844221105,10
35.3768844221105,17
35.3768844221105,19
35.3768844221105,5
35.3768844221105,13
35.3768844221105,10
35.3768844221105,23
35.3768844221105,12
35.3768844221105,7
35.3768844221105,8
35.3768844221105,8
35.3768844221105,11
35.3768844221105,5
35.3768844221105,10
35.3768844221105,13
35.3768844221105,8
35.3768844221105,6
35.3768844221105,11
35.3768844221105,8
35.3768844221105,10
35.3768844221105,9
35.3768844221105,8
35.3768844221105,5
35.3768844221105,14
35.3768844221105,5
35.3768844221105,10
35.3768844221105,12
35.3768844221105,10
35.3768844221105,10
35.3768844221105,13
35.3768844221105,5
35.3768844221105,13
35.3768844221105,10
35.3768844221105,7
35.3768844221105,10
35.3768844221105,12
35.3768844221105,5
35.3768844221105,11
35.3768844221105,14
35.3768844221105,9
35.3768844221105,14
35.3768844221105,11
35.3768844221105,5
35.3768844221105,12
35.3768844221105,10
35.3768844221105,14
35.3768844221105,11
35.3768844221105,13
35.3768844221105,11
35.3768844221105,8
35.3768844221105,8
35.3768844221105,10
35.3768844221105,11
35.3768844221105,9
35.3768844221105,13
35.3768844221105,11
35.3768844221105,13
35.3768844221105,4
35.3768844221105,12
35.3768844221105,13
35.3768844221105,8
35.3768844221105,9
35.3768844221105,7
35.3768844221105,12
35.3768844221105,14
35.3768844221105,6
35.3768844221105,5
35.3768844221105,4
35.3768844221105,11
35.3768844221105,11
35.3768844221105,10
35.3768844221105,13
35.3768844221105,5
35.3768844221105,8
35.3768844221105,5
35.3768844221105,9
35.3768844221105,8
35.3768844221105,13
35.3768844221105,12
35.3768844221105,8
35.3768844221105,14
35.3768844221105,7
35.3768844221105,9
35.3768844221105,8
35.3768844221105,11
35.3768844221105,11
35.3768844221105,11
35.3768844221105,4
35.3768844221105,10
35.3768844221105,12
35.3768844221105,15
35.3768844221105,10
35.3768844221105,5
35.3768844221105,10
35.3768844221105,6
35.3768844221105,14
35.3768844221105,5
35.3768844221105,13
35.3768844221105,9
35.3768844221105,11
35.3768844221105,9
35.3768844221105,7
35.3768844221105,13
35.3768844221105,10
35.3768844221105,5
35.3768844221105,7
35.3768844221105,9
35.3768844221105,15
35.3768844221105,17
35.3768844221105,11
35.3768844221105,9
35.3768844221105,13
35.3768844221105,9
35.3768844221105,9
35.3768844221105,10
35.3768844221105,9
35.3768844221105,11
35.3768844221105,6
35.3768844221105,12
35.3768844221105,11
35.3768844221105,16
35.3768844221105,12
35.3768844221105,11
35.3768844221105,9
35.3768844221105,10
35.3768844221105,7
35.3768844221105,8
35.3768844221105,12
35.3768844221105,9
35.3768844221105,8
35.3768844221105,15
35.3768844221105,9
35.3768844221105,11
35.3768844221105,10
35.3768844221105,7
35.3768844221105,12
35.3768844221105,10
35.3768844221105,11
35.3768844221105,10
35.3768844221105,12
35.3768844221105,9
35.3768844221105,10
35.3768844221105,13
35.3768844221105,6
35.3768844221105,9
35.3768844221105,15
35.3768844221105,6
35.3768844221105,18
35.3768844221105,7
35.3768844221105,12
35.3768844221105,7
35.3768844221105,12
35.3768844221105,16
35.3768844221105,14
35.3768844221105,13
35.3768844221105,12
35.3768844221105,12
35.3768844221105,10
35.3768844221105,6
35.3768844221105,4
35.3768844221105,14
35.3768844221105,11
35.3768844221105,9
35.3768844221105,8
35.3768844221105,8
35.3768844221105,7
35.3768844221105,11
35.3768844221105,8
35.3768844221105,7
35.3768844221105,11
35.3768844221105,14
35.3768844221105,7
35.3768844221105,12
35.3768844221105,4
35.3768844221105,13
35.3768844221105,7
35.3768844221105,7
35.3768844221105,13
35.3768844221105,8
35.3768844221105,11
35.5778894472362,7
35.5778894472362,13
35.5778894472362,9
35.5778894472362,13
35.5778894472362,4
35.5778894472362,10
35.5778894472362,11
35.5778894472362,10
35.5778894472362,8
35.5778894472362,5
35.5778894472362,14
35.5778894472362,7
35.5778894472362,7
35.5778894472362,15
35.5778894472362,13
35.5778894472362,10
35.5778894472362,5
35.5778894472362,8
35.5778894472362,8
35.5778894472362,9
35.5778894472362,11
35.5778894472362,12
35.5778894472362,12
35.5778894472362,10
35.5778894472362,8
35.5778894472362,9
35.5778894472362,13
35.5778894472362,6
35.5778894472362,4
35.5778894472362,18
35.5778894472362,6
35.5778894472362,9
35.5778894472362,6
35.5778894472362,12
35.5778894472362,7
35.5778894472362,8
35.5778894472362,9
35.5778894472362,11
35.5778894472362,9
35.5778894472362,11
35.5778894472362,4
35.5778894472362,5
35.5778894472362,10
35.5778894472362,8
35.5778894472362,10
35.5778894472362,11
35.5778894472362,11
35.5778894472362,13
35.5778894472362,12
35.5778894472362,8
35.5778894472362,5
35.5778894472362,6
35.5778894472362,8
35.5778894472362,8
35.5778894472362,9
35.5778894472362,9
35.5778894472362,12
35.5778894472362,7
35.5778894472362,5
35.5778894472362,10
35.5778894472362,6
35.5778894472362,10
35.5778894472362,7
35.5778894472362,9
35.5778894472362,8
35.5778894472362,14
35.5778894472362,6
35.5778894472362,5
35.5778894472362,15
35.5778894472362,14
35.5778894472362,9
35.5778894472362,8
35.5778894472362,9
35.5778894472362,12
35.5778894472362,8
35.5778894472362,9
35.5778894472362,12
35.5778894472362,9
35.5778894472362,10
35.5778894472362,12
35.5778894472362,16
35.5778894472362,18
35.5778894472362,13
35.5778894472362,8
35.5778894472362,5
35.5778894472362,10
35.5778894472362,8
35.5778894472362,12
35.5778894472362,8
35.5778894472362,10
35.5778894472362,13
35.5778894472362,9
35.5778894472362,11
35.5778894472362,9
35.5778894472362,13
35.5778894472362,13
35.5778894472362,12
35.5778894472362,11
35.5778894472362,7
35.5778894472362,8
35.5778894472362,9
35.5778894472362,11
35.5778894472362,9
35.5778894472362,10
35.5778894472362,10
35.5778894472362,7
35.5778894472362,13
35.5778894472362,8
35.5778894472362,11
35.5778894472362,12
35.5778894472362,7
35.5778894472362,6
35.5778894472362,10
35.5778894472362,13
35.5778894472362,17
35.5778894472362,9
35.5778894472362,10
35.5778894472362,12
35.5778894472362,6
35.5778894472362,8
35.5778894472362,12
35.5778894472362,9
35.5778894472362,10
35.5778894472362,13
35.5778894472362,9
35.5778894472362,16
35.5778894472362,5
35.5778894472362,10
35.5778894472362,12
35.5778894472362,10
35.5778894472362,10
35.5778894472362,11
35.5778894472362,10
35.5778894472362,13
35.5778894472362,8
35.5778894472362,8
35.5778894472362,5
35.5778894472362,11
35.5778894472362,10
35.5778894472362,14
35.5778894472362,10
35.5778894472362,9
35.5778894472362,7
35.5778894472362,12
35.5778894472362,10
35.5778894472362,5
35.5778894472362,4
35.5778894472362,18
35.5778894472362,8
35.5778894472362,3
35.5778894472362,11
35.5778894472362,2
35.5778894472362,14
35.5778894472362,14
35.5778894472362,11
35.5778894472362,10
35.5778894472362,8
35.5778894472362,10
35.5778894472362,10
35.5778894472362,16
35.5778894472362,7
35.5778894472362,14
35.5778894472362,8
35.5778894472362,8
35.5778894472362,7
35.5778894472362,12
35.5778894472362,15
35.5778894472362,4
35.5778894472362,10
35.5778894472362,13
35.5778894472362,14
35.5778894472362,6
35.5778894472362,7
35.5778894472362,8
35.5778894472362,11
35.5778894472362,7
35.5778894472362,5
35.5778894472362,11
35.5778894472362,11
35.5778894472362,7
35.5778894472362,9
35.5778894472362,17
35.5778894472362,8
35.5778894472362,7
35.5778894472362,11
35.5778894472362,11
35.5778894472362,6
35.5778894472362,7
35.5778894472362,9
35.5778894472362,7
35.5778894472362,9
35.5778894472362,7
35.5778894472362,9
35.5778894472362,11
35.5778894472362,9
35.5778894472362,10
35.5778894472362,9
35.5778894472362,8
35.5778894472362,11
35.5778894472362,8
35.7788944723618,8
35.7788944723618,12
35.7788944723618,8
35.7788944723618,5
35.7788944723618,3
35.7788944723618,9
35.7788944723618,13
35.7788944723618,7
35.7788944723618,9
35.7788944723618,11
35.7788944723618,13
35.7788944723618,11
35.7788944723618,8
35.7788944723618,12
35.7788944723618,9
35.7788944723618,7
35.7788944723618,10
35.7788944723618,15
35.7788944723618,10
35.7788944723618,4
35.7788944723618,13
35.7788944723618,11
35.7788944723618,14
35.7788944723618,9
35.7788944723618,13
35.7788944723618,7
35.7788944723618,11
35.7788944723618,7
35.7788944723618,9
35.7788944723618,12
35.7788944723618,7
35.7788944723618,9
35.7788944723618,6
35.7788944723618,11
35.7788944723618,7
35.7788944723618,10
35.7788944723618,9
35.7788944723618,10
35.7788944723618,9
35.7788944723618,9
35.7788944723618,8
35.7788944723618,10
35.7788944723618,8
35.7788944723618,5
35.7788944723618,10
35.7788944723618,6
35.7788944723618,4
35.7788944723618,10
35.7788944723618,9
35.7788944723618,13
35.7788944723618,5
35.7788944723618,12
35.7788944723618,12
35.7788944723618,8
35.7788944723618,8
35.7788944723618,5
35.7788944723618,9
35.7788944723618,9
35.7788944723618,13
35.7788944723618,9
35.7788944723618,11
35.7788944723618,11
35.7788944723618,8
35.7788944723618,13
35.7788944723618,10
35.7788944723618,6
35.7788944723618,13
35.7788944723618,14
35.7788944723618,6
35.7788944723618,11
35.7788944723618,12
35.7788944723618,20
35.7788944723618,9
35.7788944723618,6
35.7788944723618,8
35.7788944723618,12
35.7788944723618,5
35.7788944723618,7
35.7788944723618,12
35.7788944723618,7
35.7788944723618,7
35.7788944723618,11
35.7788944723618,11
35.7788944723618,17
35.7788944723618,13
35.7788944723618,11
35.7788944723618,5
35.7788944723618,8
35.7788944723618,12
35.7788944723618,8
35.7788944723618,12
35.7788944723618,10
35.7788944723618,10
35.7788944723618,7
35.7788944723618,5
35.7788944723618,8
35.7788944723618,11
35.7788944723618,13
35.7788944723618,11
35.7788944723618,10
35.7788944723618,13
35.7788944723618,13
35.7788944723618,15
35.7788944723618,12
35.7788944723618,7
35.7788944723618,8
35.7788944723618,6
35.7788944723618,8
35.7788944723618,10
35.7788944723618,7
35.7788944723618,11
35.7788944723618,14
35.7788944723618,11
35.7788944723618,13
35.7788944723618,7
35.7788944723618,11
35.7788944723618,8
35.7788944723618,7
35.7788944723618,9
35.7788944723618,11
35.7788944723618,11
35.7788944723618,7
35.7788944723618,9
35.7788944723618,13
35.7788944723618,13
35.7788944723618,8
35.7788944723618,7
35.7788944723618,8
35.7788944723618,10
35.7788944723618,8
35.7788944723618,10
35.7788944723618,17
35.7788944723618,12
35.7788944723618,8
35.7788944723618,7
35.7788944723618,10
35.7788944723618,9
35.7788944723618,8
35.7788944723618,7
35.7788944723618,8
35.7788944723618,8
35.7788944723618,6
35.7788944723618,9
35.7788944723618,11
35.7788944723618,7
35.7788944723618,8
35.7788944723618,7
35.7788944723618,8
35.7788944723618,8
35.7788944723618,9
35.7788944723618,5
35.7788944723618,5
35.7788944723618,10
35.7788944723618,6
35.7788944723618,8
35.7788944723618,7
35.7788944723618,10
35.7788944723618,5
35.7788944723618,11
35.7788944723618,4
35.7788944723618,10
35.7788944723618,8
35.7788944723618,8
35.7788944723618,13
35.7788944723618,8
35.7788944723618,12
35.7788944723618,15
35.7788944723618,16
35.7788944723618,7
35.7788944723618,11
35.7788944723618,5
35.7788944723618,4
35.7788944723618,9
35.7788944723618,14
35.7788944723618,12
35.7788944723618,10
35.7788944723618,11
35.7788944723618,13
35.7788944723618,9
35.7788944723618,10
35.7788944723618,7
35.7788944723618,6
35.7788944723618,6
35.7788944723618,7
35.7788944723618,12
35.7788944723618,13
35.7788944723618,9
35.7788944723618,12
35.7788944723618,8
35.7788944723618,9
35.7788944723618,9
35.7788944723618,7
35.7788944723618,11
35.7788944723618,10
35.7788944723618,9
35.7788944723618,8
35.7788944723618,5
35.7788944723618,7
35.7788944723618,10
35.7788944723618,8
35.9798994974874,7
35.9798994974874,12
35.9798994974874,10
35.9798994974874,7
35.9798994974874,8
35.9798994974874,6
35.9798994974874,10
35.9798994974874,8
35.9798994974874,7
35.9798994974874,17
35.9798994974874,15
35.9798994974874,5
35.9798994974874,14
35.9798994974874,8
35.9798994974874,6
35.9798994974874,9
35.9798994974874,9
35.9798994974874,9
35.9798994974874,9
35.9798994974874,11
35.9798994974874,12
35.9798994974874,13
35.9798994974874,10
35.9798994974874,7
35.9798994974874,12
35.9798994974874,5
35.9798994974874,12
35.9798994974874,6
35.9798994974874,5
35.9798994974874,5
35.9798994974874,12
35.9798994974874,9
35.9798994974874,7
35.9798994974874,10
35.9798994974874,8
35.9798994974874,15
35.9798994974874,11
35.9798994974874,8
35.9798994974874,8
35.9798994974874,12
35.9798994974874,5
35.9798994974874,9
35.9798994974874,8
35.9798994974874,14
35.9798994974874,12
35.9798994974874,11
35.9798994974874,11
35.9798994974874,7
35.9798994974874,10
35.9798994974874,11
35.9798994974874,5
35.9798994974874,15
35.9798994974874,9
35.9798994974874,12
35.9798994974874,11
35.9798994974874,11
35.9798994974874,12
35.9798994974874,13
35.9798994974874,12
35.9798994974874,13
35.9798994974874,8
35.9798994974874,12
35.9798994974874,9
35.9798994974874,2
35.9798994974874,7
35.9798994974874,12
35.9798994974874,8
35.9798994974874,5
35.9798994974874,12
35.9798994974874,10
35.9798994974874,12
35.9798994974874,12
35.9798994974874,17
35.9798994974874,9
35.9798994974874,6
35.9798994974874,10
35.9798994974874,14
35.9798994974874,7
35.9798994974874,7
35.9798994974874,4
35.9798994974874,7
35.9798994974874,11
35.9798994974874,8
35.9798994974874,8
35.9798994974874,18
35.9798994974874,14
35.9798994974874,8
35.9798994974874,15
35.9798994974874,11
35.9798994974874,9
35.9798994974874,14
35.9798994974874,10
35.9798994974874,8
35.9798994974874,4
35.9798994974874,6
35.9798994974874,8
35.9798994974874,14
35.9798994974874,12
35.9798994974874,6
35.9798994974874,12
35.9798994974874,8
35.9798994974874,5
35.9798994974874,12
35.9798994974874,13
35.9798994974874,10
35.9798994974874,10
35.9798994974874,5
35.9798994974874,16
35.9798994974874,14
35.9798994974874,12
35.9798994974874,10
35.9798994974874,11
35.9798994974874,9
35.9798994974874,9
35.9798994974874,10
35.9798994974874,13
35.9798994974874,8
35.9798994974874,15
35.9798994974874,6
35.9798994974874,5
35.9798994974874,10
35.9798994974874,10
35.9798994974874,9
35.9798994974874,7
35.9798994974874,9
35.9798994974874,15
35.9798994974874,14
35.9798994974874,14
35.9798994974874,6
35.9798994974874,8
35.9798994974874,9
35.9798994974874,13
35.9798994974874,10
35.9798994974874,10
35.9798994974874,11
35.9798994974874,6
35.9798994974874,10
35.9798994974874,8
35.9798994974874,12
35.9798994974874,8
35.9798994974874,9
35.9798994974874,13
35.9798994974874,8
35.9798994974874,7
35.9798994974874,8
35.9798994974874,10
35.9798994974874,12
35.9798994974874,15
35.9798994974874,11
35.9798994974874,13
35.9798994974874,6
35.9798994974874,8
35.9798994974874,9
35.9798994974874,9
35.9798994974874,15
35.9798994974874,2
35.9798994974874,11
35.9798994974874,7
35.9798994974874,9
35.9798994974874,8
35.9798994974874,11
35.9798994974874,11
35.9798994974874,9
35.9798994974874,8
35.9798994974874,12
35.9798994974874,8
35.9798994974874,8
35.9798994974874,9
35.9798994974874,7
35.9798994974874,12
35.9798994974874,11
35.9798994974874,8
35.9798994974874,11
35.9798994974874,9
35.9798994974874,18
35.9798994974874,12
35.9798994974874,11
35.9798994974874,6
35.9798994974874,11
35.9798994974874,13
35.9798994974874,9
35.9798994974874,9
35.9798994974874,11
35.9798994974874,9
35.9798994974874,4
35.9798994974874,9
35.9798994974874,12
35.9798994974874,6
35.9798994974874,8
35.9798994974874,13
35.9798994974874,7
35.9798994974874,12
35.9798994974874,15
35.9798994974874,12
35.9798994974874,8
35.9798994974874,8
35.9798994974874,4
35.9798994974874,6
35.9798994974874,12
35.9798994974874,9
36.1809045226131,9
36.1809045226131,9
36.1809045226131,11
36.1809045226131,7
36.1809045226131,10
36.1809045226131,16
36.1809045226131,11
36.1809045226131,8
36.1809045226131,7
36.1809045226131,11
36.1809045226131,8
36.1809045226131,5
36.1809045226131,11
36.1809045226131,9
36.1809045226131,7
36.1809045226131,9
36.1809045226131,10
36.1809045226131,16
36.1809045226131,10
36.1809045226131,12
36.1809045226131,9
36.1809045226131,9
36.1809045226131,11
36.1809045226131,8
36.1809045226131,7
36.1809045226131,10
36.1809045226131,6
36.1809045226131,7
36.1809045226131,16
36.1809045226131,4
36.1809045226131,12
36.1809045226131,9
36.1809045226131,9
36.1809045226131,10
36.1809045226131,15
36.1809045226131,10
36.1809045226131,18
36.1809045226131,9
36.1809045226131,5
36.1809045226131,8
36.1809045226131,6
36.1809045226131,10
36.1809045226131,10
36.1809045226131,14
36.1809045226131,7
36.1809045226131,5
36.1809045226131,7
36.1809045226131,13
36.1809045226131,10
36.1809045226131,19
36.1809045226131,12
36.1809045226131,13
36.1809045226131,12
36.1809045226131,10
36.1809045226131,13
36.1809045226131,13
36.1809045226131,8
36.1809045226131,10
36.1809045226131,4
36.1809045226131,14
36.1809045226131,7
36.1809045226131,13
36.1809045226131,8
36.1809045226131,10
36.1809045226131,10
36.1809045226131,12
36.1809045226131,11
36.1809045226131,13
36.1809045226131,8
36.1809045226131,8
36.1809045226131,14
36.1809045226131,5
36.1809045226131,5
36.1809045226131,18
36.1809045226131,13
36.1809045226131,8
36.1809045226131,10
36.1809045226131,8
36.1809045226131,11
36.1809045226131,15
36.1809045226131,11
36.1809045226131,15
36.1809045226131,11
36.1809045226131,11
36.1809045226131,12
36.1809045226131,10
36.1809045226131,7
36.1809045226131,7
36.1809045226131,8
36.1809045226131,8
36.1809045226131,14
36.1809045226131,10
36.1809045226131,8
36.1809045226131,8
36.1809045226131,5
36.1809045226131,8
36.1809045226131,3
36.1809045226131,9
36.1809045226131,10
36.1809045226131,10
36.1809045226131,16
36.1809045226131,10
36.1809045226131,13
36.1809045226131,8
36.1809045226131,7
36.1809045226131,11
36.1809045226131,18
36.1809045226131,12
36.1809045226131,10
36.1809045226131,8
36.1809045226131,15
36.1809045226131,6
36.1809045226131,5
36.1809045226131,15
36.1809045226131,10
36.1809045226131,9
36.1809045226131,7
36.1809045226131,14
36.1809045226131,7
36.1809045226131,6
36.1809045226131,5
36.1809045226131,13
36.1809045226131,11
36.1809045226131,10
36.1809045226131,9
36.1809045226131,8
36.1809045226131,4
36.1809045226131,10
36.1809045226131,13
36.1809045226131,9
36.1809045226131,5
36.1809045226131,11
36.1809045226131,13
36.1809045226131,11
36.1809045226131,13
36.1809045226131,9
36.1809045226131,11
36.1809045226131,8
36.1809045226131,10
36.1809045226131,8
36.1809045226131,15
36.1809045226131,4
36.1809045226131,9
36.1809045226131,17
36.1809045226131,17
36.1809045226131,17
36.1809045226131,12
36.1809045226131,7
36.1809045226131,8
36.1809045226131,10
36.1809045226131,9
36.1809045226131,11
36.1809045226131,9
36.1809045226131,12
36.1809045226131,10
36.1809045226131,9
36.1809045226131,9
36.1809045226131,9
36.1809045226131,7
36.1809045226131,6
36.1809045226131,10
36.1809045226131,12
36.1809045226131,10
36.1809045226131,4
36.1809045226131,12
36.1809045226131,11
36.1809045226131,11
36.1809045226131,10
36.1809045226131,7
36.1809045226131,7
36.1809045226131,12
36.1809045226131,8
36.1809045226131,7
36.1809045226131,8
36.1809045226131,9
36.1809045226131,6
36.1809045226131,11
36.1809045226131,15
36.1809045226131,12
36.1809045226131,6
36.1809045226131,3
36.1809045226131,12
36.1809045226131,10
36.1809045226131,10
36.1809045226131,12
36.1809045226131,8
36.1809045226131,5
36.1809045226131,11
36.1809045226131,9
36.1809045226131,15
36.1809045226131,10
36.1809045226131,18
36.1809045226131,6
36.1809045226131,16
36.1809045226131,8
36.1809045226131,7
36.1809045226131,9
36.1809045226131,14
36.1809045226131,7
36.1809045226131,13
36.3819095477387,5
36.3819095477387,9
36.3819095477387,12
36.3819095477387,11
36.3819095477387,11
36.3819095477387,5
36.3819095477387,7
36.3819095477387,6
36.3819095477387,12
36.3819095477387,8
36.3819095477387,15
36.3819095477387,12
36.3819095477387,6
36.3819095477387,14
36.3819095477387,7
36.3819095477387,8
36.3819095477387,11
36.3819095477387,11
36.3819095477387,8
36.3819095477387,13
36.3819095477387,15
36.3819095477387,7
36.3819095477387,11
36.3819095477387,11
36.3819095477387,11
36.3819095477387,9
36.3819095477387,4
36.3819095477387,11
36.3819095477387,10
36.3819095477387,7
36.3819095477387,8
36.3819095477387,9
36.3819095477387,7
36.3819095477387,13
36.3819095477387,7
36.3819095477387,9
36.3819095477387,8
36.3819095477387,8
36.3819095477387,9
36.3819095477387,7
36.3819095477387,10
36.3819095477387,6
36.3819095477387,11
36.3819095477387,9
36.3819095477387,12
36.3819095477387,9
36.3819095477387,9
36.3819095477387,11
36.3819095477387,9
36.3819095477387,13
36.3819095477387,7
36.3819095477387,10
36.3819095477387,4
36.3819095477387,5
36.3819095477387,8
36.3819095477387,10
36.3819095477387,11
36.3819095477387,14
36.3819095477387,13
36.3819095477387,7
36.3819095477387,16
36.3819095477387,9
36.3819095477387,12
36.3819095477387,9
36.3819095477387,6
36.3819095477387,7
36.3819095477387,9
36.3819095477387,10
36.3819095477387,11
36.3819095477387,12
36.3819095477387,12
36.3819095477387,11
36.3819095477387,12
36.3819095477387,11
36.3819095477387,10
36.3819095477387,8
36.3819095477387,5
36.3819095477387,17
36.3819095477387,14
36.3819095477387,7
36.3819095477387,9
36.3819095477387,15
36.3819095477387,7
36.3819095477387,13
36.3819095477387,5
36.3819095477387,8
36.3819095477387,6
36.3819095477387,6
36.3819095477387,13
36.3819095477387,7
36.3819095477387,17
36.3819095477387,8
36.3819095477387,8
36.3819095477387,8
36.3819095477387,9
36.3819095477387,9
36.3819095477387,9
36.3819095477387,12
36.3819095477387,8
36.3819095477387,11
36.3819095477387,11
36.3819095477387,10
36.3819095477387,12
36.3819095477387,10
36.3819095477387,10
36.3819095477387,14
36.3819095477387,12
36.3819095477387,12
36.3819095477387,10
36.3819095477387,7
36.3819095477387,11
36.3819095477387,10
36.3819095477387,11
36.3819095477387,5
36.3819095477387,7
36.3819095477387,10
36.3819095477387,10
36.3819095477387,12
36.3819095477387,8
36.3819095477387,12
36.3819095477387,6
36.3819095477387,14
36.3819095477387,14
36.3819095477387,9
36.3819095477387,12
36.3819095477387,8
36.3819095477387,10
36.3819095477387,7
36.3819095477387,9
36.3819095477387,5
36.3819095477387,13
36.3819095477387,12
36.3819095477387,9
36.3819095477387,5
36.3819095477387,11
36.3819095477387,13
36.3819095477387,11
36.3819095477387,12
36.3819095477387,7
36.3819095477387,9
36.3819095477387,11
36.3819095477387,13
36.3819095477387,11
36.3819095477387,10
36.3819095477387,12
36.3819095477387,10
36.3819095477387,9
36.3819095477387,14
36.3819095477387,6
36.3819095477387,11
36.3819095477387,17
36.3819095477387,8
36.3819095477387,14
36.3819095477387,13
36.3819095477387,5
36.3819095477387,10
36.3819095477387,9
36.3819095477387,7
36.3819095477387,14
36.3819095477387,12
36.3819095477387,12
36.3819095477387,14
36.3819095477387,10
36.3819095477387,5
36.3819095477387,9
36.3819095477387,13
36.3819095477387,10
36.3819095477387,10
36.3819095477387,16
36.3819095477387,14
36.3819095477387,10
36.3819095477387,9
36.3819095477387,12
36.3819095477387,7
36.3819095477387,4
36.3819095477387,8
36.3819095477387,9
36.3819095477387,7
36.3819095477387,7
36.3819095477387,9
36.3819095477387,10
36.3819095477387,4
36.3819095477387,10
36.3819095477387,9
36.3819095477387,5
36.3819095477387,7
36.3819095477387,8
36.3819095477387,6
36.3819095477387,5
36.3819095477387,15
36.3819095477387,9
36.3819095477387,11
36.3819095477387,8
36.3819095477387,9
36.3819095477387,10
36.3819095477387,15
36.3819095477387,9
36.3819095477387,9
36.3819095477387,11
36.3819095477387,5
36.5829145728643,13
36.5829145728643,10
36.5829145728643,11
36.5829145728643,9
36.5829145728643,15
36.5829145728643,13
36.5829145728643,6
36.5829145728643,7
36.5829145728643,13
36.5829145728643,10
36.5829145728643,8
36.5829145728643,12
36.5829145728643,8
36.5829145728643,4
36.5829145728643,9
36.5829145728643,13
36.5829145728643,6
36.5829145728643,11
36.5829145728643,8
36.5829145728643,10
36.5829145728643,6
36.5829145728643,11
36.5829145728643,7
36.5829145728643,11
36.5829145728643,10
36.5829145728643,11
36.5829145728643,11
36.5829145728643,7
36.5829145728643,16
36.5829145728643,9
36.5829145728643,6
36.5829145728643,7
36.5829145728643,13
36.5829145728643,10
36.5829145728643,9
36.5829145728643,9
36.5829145728643,10
36.5829145728643,11
36.5829145728643,5
36.5829145728643,12
36.5829145728643,8
36.5829145728643,7
36.5829145728643,4
36.5829145728643,14
36.5829145728643,14
36.5829145728643,7
36.5829145728643,9
36.5829145728643,10
36.5829145728643,5
36.5829145728643,7
36.5829145728643,10
36.5829145728643,10
36.5829145728643,8
36.5829145728643,7
36.5829145728643,7
36.5829145728643,10
36.5829145728643,6
36.5829145728643,10
36.5829145728643,12
36.5829145728643,10
36.5829145728643,5
36.5829145728643,13
36.5829145728643,9
36.5829145728643,9
36.5829145728643,14
36.5829145728643,9
36.5829145728643,7
36.5829145728643,9
36.5829145728643,9
36.5829145728643,11
36.5829145728643,9
36.5829145728643,8
36.5829145728643,5
36.5829145728643,13
36.5829145728643,16
36.5829145728643,8
36.5829145728643,3
36.5829145728643,8
36.5829145728643,11
36.5829145728643,10
36.5829145728643,13
36.5829145728643,6
36.5829145728643,11
36.5829145728643,10
36.5829145728643,11
36.5829145728643,13
36.5829145728643,14
36.5829145728643,8
36.5829145728643,9
36.5829145728643,12
36.5829145728643,5
36.5829145728643,6
36.5829145728643,16
36.5829145728643,11
36.5829145728643,9
36.5829145728643,9
36.5829145728643,6
36.5829145728643,12
36.5829145728643,5
36.5829145728643,13
36.5829145728643,8
36.5829145728643,12
36.5829145728643,6
36.5829145728643,8
36.5829145728643,1
36.5829145728643,11
36.5829145728643,9
36.5829145728643,9
36.5829145728643,11
36.5829145728643,6
36.5829145728643,6
36.5829145728643,9
36.5829145728643,6
36.5829145728643,12
36.5829145728643,13
36.5829145728643,9
36.5829145728643,16
36.5829145728643,7
36.5829145728643,9
36.5829145728643,12
36.5829145728643,11
36.5829145728643,16
36.5829145728643,10
36.5829145728643,14
36.5829145728643,14
36.5829145728643,9
36.5829145728643,6
36.5829145728643,7
36.5829145728643,9
36.5829145728643,11
36.5829145728643,10
36.5829145728643,15
36.5829145728643,11
36.5829145728643,12
36.5829145728643,7
36.5829145728643,13
36.5829145728643,17
36.5829145728643,8
36.5829145728643,8
36.5829145728643,13
36.5829145728643,6
36.5829145728643,8
36.5829145728643,6
36.5829145728643,7
36.5829145728643,11
36.5829145728643,10
36.5829145728643,12
36.5829145728643,6
36.5829145728643,8
36.5829145728643,8
36.5829145728643,9
36.5829145728643,9
36.5829145728643,6
36.5829145728643,10
36.5829145728643,13
36.5829145728643,18
36.5829145728643,7
36.5829145728643,13
36.5829145728643,7
36.5829145728643,4
36.5829145728643,5
36.5829145728643,8
36.5829145728643,6
36.5829145728643,18
36.5829145728643,5
36.5829145728643,9
36.5829145728643,10
36.5829145728643,8
36.5829145728643,9
36.5829145728643,7
36.5829145728643,5
36.5829145728643,10
36.5829145728643,9
36.5829145728643,13
36.5829145728643,9
36.5829145728643,9
36.5829145728643,13
36.5829145728643,10
36.5829145728643,14
36.5829145728643,11
36.5829145728643,13
36.5829145728643,8
36.5829145728643,7
36.5829145728643,10
36.5829145728643,14
36.5829145728643,6
36.5829145728643,8
36.5829145728643,4
36.5829145728643,9
36.5829145728643,11
36.5829145728643,8
36.5829145728643,10
36.5829145728643,6
36.5829145728643,13
36.5829145728643,9
36.5829145728643,7
36.5829145728643,12
36.5829145728643,10
36.5829145728643,9
36.5829145728643,8
36.78391959799,13
36.78391959799,9
36.78391959799,11
36.78391959799,16
36.78391959799,12
36.78391959799,12
36.78391959799,9
36.78391959799,13
36.78391959799,5
36.78391959799,7
36.78391959799,8
36.78391959799,10
36.78391959799,10
36.78391959799,12
36.78391959799,10
36.78391959799,7
36.78391959799,17
36.78391959799,11
36.78391959799,9
36.78391959799,8
36.78391959799,6
36.78391959799,10
36.78391959799,7
36.78391959799,18
36.78391959799,11
36.78391959799,12
36.78391959799,7
36.78391959799,9
36.78391959799,16
36.78391959799,16
36.78391959799,7
36.78391959799,11
36.78391959799,15
36.78391959799,13
36.78391959799,6
36.78391959799,8
36.78391959799,14
36.78391959799,8
36.78391959799,7
36.78391959799,11
36.78391959799,10
36.78391959799,16
36.78391959799,8
36.78391959799,13
36.78391959799,9
36.78391959799,10
36.78391959799,11
36.78391959799,8
36.78391959799,16
36.78391959799,7
36.78391959799,8
36.78391959799,11
36.78391959799,9
36.78391959799,8
36.78391959799,9
36.78391959799,10
36.78391959799,19
36.78391959799,9
36.78391959799,13
36.78391959799,12
36.78391959799,13
36.78391959799,9
36.78391959799,8
36.78391959799,6
36.78391959799,9
36.78391959799,9
36.78391959799,9
36.78391959799,10
36.78391959799,9
36.78391959799,10
36.78391959799,8
36.78391959799,15
36.78391959799,4
36.78391959799,7
36.78391959799,11
36.78391959799,12
36.78391959799,6
36.78391959799,16
36.78391959799,5
36.78391959799,6
36.78391959799,9
36.78391959799,8
36.78391959799,7
36.78391959799,7
36.78391959799,10
36.78391959799,16
36.78391959799,5
36.78391959799,8
36.78391959799,12
36.78391959799,5
36.78391959799,12
36.78391959799,6
36.78391959799,15
36.78391959799,8
36.78391959799,13
36.78391959799,8
36.78391959799,10
36.78391959799,9
36.78391959799,12
36.78391959799,8
36.78391959799,12
36.78391959799,19
36.78391959799,6
36.78391959799,8
36.78391959799,9
36.78391959799,9
36.78391959799,11
36.78391959799,6
36.78391959799,7
36.78391959799,8
36.78391959799,12
36.78391959799,6
36.78391959799,14
36.78391959799,13
36.78391959799,10
36.78391959799,10
36.78391959799,12
36.78391959799,11
36.78391959799,6
36.78391959799,5
36.78391959799,13
36.78391959799,3
36.78391959799,4
36.78391959799,9
36.78391959799,11
36.78391959799,9
36.78391959799,13
36.78391959799,15
36.78391959799,7
36.78391959799,10
36.78391959799,6
36.78391959799,9
36.78391959799,10
36.78391959799,7
36.78391959799,14
36.78391959799,5
36.78391959799,9
36.78391959799,6
36.78391959799,6
36.78391959799,7
36.78391959799,8
36.78391959799,5
36.78391959799,9
36.78391959799,10
36.78391959799,9
36.78391959799,11
36.78391959799,9
36.78391959799,16
36.78391959799,6
36.78391959799,13
36.78391959799,10
36.78391959799,8
36.78391959799,10
36.78391959799,11
36.78391959799,9
36.78391959799,10
36.78391959799,15
36.78391959799,7
36.78391959799,8
36.78391959799,9
36.78391959799,7
36.78391959799,12
36.78391959799,11
36.78391959799,9
36.78391959799,12
36.78391959799,14
36.78391959799,10
36.78391959799,10
36.78391959799,10
36.78391959799,7
36.78391959799,8
36.78391959799,12
36.78391959799,6
36.78391959799,13
36.78391959799,9
36.78391959799,8
36.78391959799,10
36.78391959799,6
36.78391959799,10
36.78391959799,8
36.78391959799,16
36.78391959799,12
36.78391959799,12
36.78391959799,12
36.78391959799,7
36.78391959799,10
36.78391959799,9
36.78391959799,16
36.78391959799,13
36.78391959799,10
36.78391959799,10
36.78391959799,10
36.78391959799,9
36.78391959799,7
36.78391959799,19
36.78391959799,11
36.78391959799,10
36.78391959799,12
36.78391959799,8
36.78391959799,12
36.9849246231156,4
36.9849246231156,9
36.9849246231156,4
36.9849246231156,9
36.9849246231156,7
36.9849246231156,8
36.9849246231156,8
36.9849246231156,12
36.9849246231156,15
36.9849246231156,12
36.9849246231156,7
36.9849246231156,8
36.9849246231156,5
36.9849246231156,10
36.9849246231156,11
36.9849246231156,9
36.9849246231156,9
36.9849246231156,11
36.9849246231156,14
36.9849246231156,8
36.9849246231156,15
36.9849246231156,13
36.9849246231156,12
36.9849246231156,8
36.9849246231156,13
36.9849246231156,6
36.9849246231156,14
36.9849246231156,9
36.9849246231156,9
36.9849246231156,12
36.9849246231156,13
36.9849246231156,9
36.9849246231156,12
36.9849246231156,6
36.9849246231156,6
36.9849246231156,10
36.9849246231156,10
36.9849246231156,8
36.9849246231156,8
36.9849246231156,17
36.9849246231156,12
36.9849246231156,6
36.9849246231156,12
36.9849246231156,9
36.9849246231156,17
36.9849246231156,8
36.9849246231156,14
36.9849246231156,8
36.9849246231156,16
36.9849246231156,9
36.9849246231156,10
36.9849246231156,6
36.9849246231156,9
36.9849246231156,7
36.9849246231156,11
36.9849246231156,13
36.9849246231156,5
36.9849246231156,14
36.9849246231156,12
36.9849246231156,8
36.9849246231156,8
36.9849246231156,10
36.9849246231156,8
36.9849246231156,9
36.9849246231156,14
36.9849246231156,10
36.9849246231156,6
36.9849246231156,5
36.9849246231156,14
36.9849246231156,12
36.9849246231156,6
36.9849246231156,13
36.9849246231156,10
36.9849246231156,8
36.9849246231156,8
36.9849246231156,9
36.9849246231156,8
36.9849246231156,11
36.9849246231156,10
36.9849246231156,10
36.9849246231156,9
36.9849246231156,13
36.9849246231156,14
36.9849246231156,7
36.9849246231156,11
36.9849246231156,12
36.9849246231156,11
36.9849246231156,12
36.9849246231156,6
36.9849246231156,8
36.9849246231156,6
36.9849246231156,14
36.9849246231156,7
36.9849246231156,8
36.9849246231156,8
36.9849246231156,7
36.9849246231156,12
36.9849246231156,8
36.9849246231156,6
36.9849246231156,7
36.9849246231156,9
36.9849246231156,10
36.9849246231156,2
36.9849246231156,10
36.9849246231156,9
36.9849246231156,15
36.9849246231156,8
36.9849246231156,9
36.9849246231156,9
36.9849246231156,17
36.9849246231156,9
36.9849246231156,16
36.9849246231156,12
36.9849246231156,17
36.9849246231156,9
36.9849246231156,11
36.9849246231156,8
36.9849246231156,9
36.9849246231156,12
36.9849246231156,7
36.9849246231156,6
36.9849246231156,8
36.9849246231156,5
36.9849246231156,10
36.9849246231156,8
36.9849246231156,6
36.9849246231156,13
36.9849246231156,13
36.9849246231156,15
36.9849246231156,8
36.9849246231156,7
36.9849246231156,8
36.9849246231156,7
36.9849246231156,7
36.9849246231156,10
36.9849246231156,10
36.9849246231156,10
36.9849246231156,5
36.9849246231156,11
36.9849246231156,16
36.9849246231156,15
36.9849246231156,15
36.9849246231156,14
36.9849246231156,16
36.9849246231156,10
36.9849246231156,10
36.9849246231156,14
36.9849246231156,14
36.9849246231156,13
36.9849246231156,8
36.9849246231156,14
36.9849246231156,9
36.9849246231156,9
36.9849246231156,4
36.9849246231156,11
36.9849246231156,13
36.9849246231156,5
36.9849246231156,4
36.9849246231156,9
36.9849246231156,10
36.9849246231156,12
36.9849246231156,6
36.9849246231156,11
36.9849246231156,8
36.9849246231156,9
36.9849246231156,7
36.9849246231156,8
36.9849246231156,13
36.9849246231156,14
36.9849246231156,16
36.9849246231156,11
36.9849246231156,8
36.9849246231156,7
36.9849246231156,11
36.9849246231156,5
36.9849246231156,5
36.9849246231156,8
36.9849246231156,8
36.9849246231156,10
36.9849246231156,6
36.9849246231156,14
36.9849246231156,13
36.9849246231156,10
36.9849246231156,6
36.9849246231156,6
36.9849246231156,12
36.9849246231156,9
36.9849246231156,7
36.9849246231156,15
36.9849246231156,7
36.9849246231156,10
36.9849246231156,13
36.9849246231156,12
36.9849246231156,5
36.9849246231156,10
36.9849246231156,11
36.9849246231156,14
36.9849246231156,13
36.9849246231156,11
36.9849246231156,15
37.1859296482412,12
37.1859296482412,6
37.1859296482412,17
37.1859296482412,11
37.1859296482412,7
37.1859296482412,13
37.1859296482412,18
37.1859296482412,11
37.1859296482412,9
37.1859296482412,12
37.1859296482412,10
37.1859296482412,5
37.1859296482412,8
37.1859296482412,9
37.1859296482412,10
37.1859296482412,8
37.1859296482412,12
37.1859296482412,7
37.1859296482412,7
37.1859296482412,13
37.1859296482412,10
37.1859296482412,11
37.1859296482412,5
37.1859296482412,15
37.1859296482412,18
37.1859296482412,9
37.1859296482412,4
37.1859296482412,6
37.1859296482412,12
37.1859296482412,12
37.1859296482412,19
37.1859296482412,9
37.1859296482412,10
37.1859296482412,12
37.1859296482412,14
37.1859296482412,10
37.1859296482412,10
37.1859296482412,9
37.1859296482412,14
37.1859296482412,7
37.1859296482412,11
37.1859296482412,7
37.1859296482412,9
37.1859296482412,8
37.1859296482412,11
37.1859296482412,11
37.1859296482412,8
37.1859296482412,2
37.1859296482412,10
37.1859296482412,8
37.1859296482412,16
37.1859296482412,8
37.1859296482412,10
37.1859296482412,8
37.1859296482412,15
37.1859296482412,10
37.1859296482412,15
37.1859296482412,13
37.1859296482412,10
37.1859296482412,7
37.1859296482412,6
37.1859296482412,11
37.1859296482412,6
37.1859296482412,11
37.1859296482412,12
37.1859296482412,7
37.1859296482412,4
37.1859296482412,11
37.1859296482412,7
37.1859296482412,9
37.1859296482412,9
37.1859296482412,10
37.1859296482412,4
37.1859296482412,5
37.1859296482412,9
37.1859296482412,7
37.1859296482412,13
37.1859296482412,8
37.1859296482412,9
37.1859296482412,9
37.1859296482412,11
37.1859296482412,8
37.1859296482412,16
37.1859296482412,9
37.1859296482412,8
37.1859296482412,10
37.1859296482412,7
37.1859296482412,9
37.1859296482412,11
37.1859296482412,15
37.1859296482412,8
37.1859296482412,10
37.1859296482412,9
37.1859296482412,13
37.1859296482412,11
37.1859296482412,7
37.1859296482412,11
37.1859296482412,13
37.1859296482412,9
37.1859296482412,16
37.1859296482412,6
37.1859296482412,11
37.1859296482412,8
37.1859296482412,13
37.1859296482412,9
37.1859296482412,9
37.1859296482412,5
37.1859296482412,9
37.1859296482412,7
37.1859296482412,7
37.1859296482412,6
37.1859296482412,7
37.1859296482412,9
37.1859296482412,9
37.1859296482412,15
37.1859296482412,8
37.1859296482412,13
37.1859296482412,6
37.1859296482412,8
37.1859296482412,9
37.1859296482412,10
37.1859296482412,9
37.1859296482412,8
37.1859296482412,14
37.1859296482412,10
37.1859296482412,6
37.1859296482412,14
37.1859296482412,12
37.1859296482412,10
37.1859296482412,7
37.1859296482412,7
37.1859296482412,7
37.1859296482412,10
37.1859296482412,5
37.1859296482412,3
37.1859296482412,13
37.1859296482412,15
37.1859296482412,12
37.1859296482412,14
37.1859296482412,11
37.1859296482412,11
37.1859296482412,6
37.1859296482412,12
37.1859296482412,14
37.1859296482412,6
37.1859296482412,17
37.1859296482412,15
37.1859296482412,12
37.1859296482412,5
37.1859296482412,11
37.1859296482412,7
37.1859296482412,10
37.1859296482412,16
37.1859296482412,9
37.1859296482412,10
37.1859296482412,13
37.1859296482412,13
37.1859296482412,13
37.1859296482412,10
37.1859296482412,14
37.1859296482412,7
37.1859296482412,5
37.1859296482412,20
37.1859296482412,13
37.1859296482412,11
37.1859296482412,10
37.1859296482412,8
37.1859296482412,9
37.1859296482412,7
37.1859296482412,9
37.1859296482412,13
37.1859296482412,8
37.1859296482412,10
37.1859296482412,11
37.1859296482412,9
37.1859296482412,13
37.1859296482412,7
37.1859296482412,6
37.1859296482412,10
37.1859296482412,11
37.1859296482412,6
37.1859296482412,9
37.1859296482412,13
37.1859296482412,9
37.1859296482412,7
37.1859296482412,8
37.1859296482412,8
37.1859296482412,10
37.1859296482412,9
37.1859296482412,7
37.1859296482412,7
37.1859296482412,13
37.1859296482412,9
37.1859296482412,4
37.1859296482412,15
37.1859296482412,10
37.1859296482412,14
37.1859296482412,7
37.1859296482412,9
37.1859296482412,10
37.3869346733668,4
37.3869346733668,9
37.3869346733668,8
37.3869346733668,16
37.3869346733668,8
37.3869346733668,8
37.3869346733668,9
37.3869346733668,3
37.3869346733668,10
37.3869346733668,6
37.3869346733668,11
37.3869346733668,10
37.3869346733668,10
37.3869346733668,6
37.3869346733668,16
37.3869346733668,10
37.3869346733668,2
37.3869346733668,11
37.3869346733668,6
37.3869346733668,12
37.3869346733668,9
37.3869346733668,6
37.3869346733668,8
37.3869346733668,11
37.3869346733668,10
37.3869346733668,8
37.3869346733668,6
37.3869346733668,8
37.3869346733668,10
37.3869346733668,10
37.3869346733668,12
37.3869346733668,13
37.3869346733668,13
37.3869346733668,11
37.3869346733668,10
37.3869346733668,8
37.3869346733668,9
37.3869346733668,9
37.3869346733668,10
37.3869346733668,6
37.3869346733668,10
37.3869346733668,7
37.3869346733668,11
37.3869346733668,11
37.3869346733668,11
37.3869346733668,9
37.3869346733668,13
37.3869346733668,16
37.3869346733668,11
37.3869346733668,13
37.3869346733668,10
37.3869346733668,5
37.3869346733668,10
37.3869346733668,4
37.3869346733668,14
37.3869346733668,11
37.3869346733668,11
37.3869346733668,10
37.3869346733668,7
37.3869346733668,6
37.3869346733668,11
37.3869346733668,13
37.3869346733668,10
37.3869346733668,11
37.3869346733668,10
37.3869346733668,13
37.3869346733668,16
37.3869346733668,7
37.3869346733668,6
37.3869346733668,5
37.3869346733668,11
37.3869346733668,11
37.3869346733668,9
37.3869346733668,6
37.3869346733668,3
37.3869346733668,5
37.3869346733668,4
37.3869346733668,11
37.3869346733668,10
37.3869346733668,9
37.3869346733668,13
37.3869346733668,12
37.3869346733668,17
37.3869346733668,5
37.3869346733668,10
37.3869346733668,14
37.3869346733668,10
37.3869346733668,8
37.3869346733668,8
37.3869346733668,12
37.3869346733668,12
37.3869346733668,12
37.3869346733668,9
37.3869346733668,10
37.3869346733668,10
37.3869346733668,11
37.3869346733668,8
37.3869346733668,9
37.3869346733668,8
37.3869346733668,9
37.3869346733668,8
37.3869346733668,4
37.3869346733668,6
37.3869346733668,8
37.3869346733668,10
37.3869346733668,10
37.3869346733668,4
37.3869346733668,8
37.3869346733668,10
37.3869346733668,17
37.3869346733668,9
37.3869346733668,7
37.3869346733668,10
37.3869346733668,10
37.3869346733668,8
37.3869346733668,12
37.3869346733668,3
37.3869346733668,11
37.3869346733668,8
37.3869346733668,12
37.3869346733668,8
37.3869346733668,10
37.3869346733668,9
37.3869346733668,11
37.3869346733668,10
37.3869346733668,12
37.3869346733668,7
37.3869346733668,13
37.3869346733668,9
37.3869346733668,13
37.3869346733668,18
37.3869346733668,9
37.3869346733668,12
37.3869346733668,12
37.3869346733668,13
37.3869346733668,16
37.3869346733668,6
37.3869346733668,12
37.3869346733668,6
37.3869346733668,7
37.3869346733668,14
37.3869346733668,12
37.3869346733668,7
37.3869346733668,5
37.3869346733668,12
37.3869346733668,5
37.3869346733668,9
37.3869346733668,12
37.3869346733668,17
37.3869346733668,18
37.3869346733668,4
37.3869346733668,4
37.3869346733668,7
37.3869346733668,9
37.3869346733668,10
37.3869346733668,11
37.3869346733668,13
37.3869346733668,10
37.3869346733668,8
37.3869346733668,8
37.3869346733668,9
37.3869346733668,9
37.3869346733668,16
37.3869346733668,9
37.3869346733668,5
37.3869346733668,3
37.3869346733668,10
37.3869346733668,11
37.3869346733668,8
37.3869346733668,9
37.3869346733668,8
37.3869346733668,8
37.3869346733668,9
37.3869346733668,10
37.3869346733668,10
37.3869346733668,7
37.3869346733668,11
37.3869346733668,11
37.3869346733668,12
37.3869346733668,10
37.3869346733668,8
37.3869346733668,10
37.3869346733668,7
37.3869346733668,11
37.3869346733668,13
37.3869346733668,13
37.3869346733668,10
37.3869346733668,9
37.3869346733668,11
37.3869346733668,9
37.3869346733668,15
37.3869346733668,8
37.3869346733668,10
37.3869346733668,7
37.3869346733668,11
37.3869346733668,9
37.3869346733668,11
37.3869346733668,10
37.3869346733668,10
37.3869346733668,14
37.5879396984925,9
37.5879396984925,9
37.5879396984925,10
37.5879396984925,8
37.5879396984925,7
37.5879396984925,16
37.5879396984925,16
37.5879396984925,7
37.5879396984925,11
37.5879396984925,7
37.5879396984925,8
37.5879396984925,6
37.5879396984925,6
37.5879396984925,14
37.5879396984925,11
37.5879396984925,10
37.5879396984925,5
37.5879396984925,16
37.5879396984925,11
37.5879396984925,14
37.5879396984925,9
37.5879396984925,20
37.5879396984925,10
37.5879396984925,11
37.5879396984925,7
37.5879396984925,14
37.5879396984925,15
37.5879396984925,6
37.5879396984925,10
37.5879396984925,4
37.5879396984925,5
37.5879396984925,19
37.5879396984925,12
37.5879396984925,10
37.5879396984925,11
37.5879396984925,8
37.5879396984925,10
37.5879396984925,8
37.5879396984925,12
37.5879396984925,12
37.5879396984925,12
37.5879396984925,15
37.5879396984925,5
37.5879396984925,11
37.5879396984925,10
37.5879396984925,4
37.5879396984925,8
37.5879396984925,5
37.5879396984925,9
37.5879396984925,6
37.5879396984925,6
37.5879396984925,14
37.5879396984925,11
37.5879396984925,4
37.5879396984925,7
37.5879396984925,8
37.5879396984925,8
37.5879396984925,17
37.5879396984925,10
37.5879396984925,14
37.5879396984925,11
37.5879396984925,9
37.5879396984925,11
37.5879396984925,8
37.5879396984925,14
37.5879396984925,10
37.5879396984925,8
37.5879396984925,4
37.5879396984925,17
37.5879396984925,14
37.5879396984925,12
37.5879396984925,9
37.5879396984925,11
37.5879396984925,6
37.5879396984925,7
37.5879396984925,6
37.5879396984925,15
37.5879396984925,10
37.5879396984925,11
37.5879396984925,11
37.5879396984925,16
37.5879396984925,6
37.5879396984925,5
37.5879396984925,7
37.5879396984925,6
37.5879396984925,11
37.5879396984925,6
37.5879396984925,8
37.5879396984925,9
37.5879396984925,9
37.5879396984925,7
37.5879396984925,12
37.5879396984925,9
37.5879396984925,9
37.5879396984925,15
37.5879396984925,9
37.5879396984925,10
37.5879396984925,12
37.5879396984925,8
37.5879396984925,20
37.5879396984925,5
37.5879396984925,11
37.5879396984925,2
37.5879396984925,12
37.5879396984925,10
37.5879396984925,9
37.5879396984925,5
37.5879396984925,8
37.5879396984925,6
37.5879396984925,14
37.5879396984925,9
37.5879396984925,7
37.5879396984925,15
37.5879396984925,7
37.5879396984925,8
37.5879396984925,11
37.5879396984925,13
37.5879396984925,10
37.5879396984925,17
37.5879396984925,10
37.5879396984925,8
37.5879396984925,11
37.5879396984925,11
37.5879396984925,14
37.5879396984925,2
37.5879396984925,5
37.5879396984925,9
37.5879396984925,8
37.5879396984925,12
37.5879396984925,12
37.5879396984925,9
37.5879396984925,13
37.5879396984925,11
37.5879396984925,7
37.5879396984925,8
37.5879396984925,10
37.5879396984925,12
37.5879396984925,9
37.5879396984925,8
37.5879396984925,15
37.5879396984925,12
37.5879396984925,9
37.5879396984925,13
37.5879396984925,18
37.5879396984925,9
37.5879396984925,8
37.5879396984925,14
37.5879396984925,13
37.5879396984925,15
37.5879396984925,10
37.5879396984925,9
37.5879396984925,12
37.5879396984925,15
37.5879396984925,17
37.5879396984925,12
37.5879396984925,14
37.5879396984925,11
37.5879396984925,5
37.5879396984925,7
37.5879396984925,15
37.5879396984925,9
37.5879396984925,12
37.5879396984925,9
37.5879396984925,8
37.5879396984925,10
37.5879396984925,11
37.5879396984925,11
37.5879396984925,8
37.5879396984925,10
37.5879396984925,10
37.5879396984925,10
37.5879396984925,10
37.5879396984925,9
37.5879396984925,17
37.5879396984925,17
37.5879396984925,7
37.5879396984925,13
37.5879396984925,5
37.5879396984925,8
37.5879396984925,5
37.5879396984925,8
37.5879396984925,10
37.5879396984925,2
37.5879396984925,11
37.5879396984925,12
37.5879396984925,4
37.5879396984925,9
37.5879396984925,9
37.5879396984925,7
37.5879396984925,5
37.5879396984925,6
37.5879396984925,6
37.5879396984925,13
37.5879396984925,15
37.5879396984925,10
37.5879396984925,14
37.5879396984925,13
37.5879396984925,14
37.5879396984925,13
37.5879396984925,7
37.7889447236181,4
37.7889447236181,10
37.7889447236181,6
37.7889447236181,6
37.7889447236181,9
37.7889447236181,5
37.7889447236181,7
37.7889447236181,6
37.7889447236181,9
37.7889447236181,9
37.7889447236181,10
37.7889447236181,17
37.7889447236181,9
37.7889447236181,10
37.7889447236181,8
37.7889447236181,14
37.7889447236181,13
37.7889447236181,9
37.7889447236181,13
37.7889447236181,6
37.7889447236181,8
37.7889447236181,7
37.7889447236181,9
37.7889447236181,6
37.7889447236181,6
37.7889447236181,6
37.7889447236181,12
37.7889447236181,8
37.7889447236181,9
37.7889447236181,11
37.7889447236181,12
37.7889447236181,12
37.7889447236181,8
37.7889447236181,10
37.7889447236181,9
37.7889447236181,13
37.7889447236181,17
37.7889447236181,11
37.7889447236181,11
37.7889447236181,16
37.7889447236181,11
37.7889447236181,7
37.7889447236181,8
37.7889447236181,11
37.7889447236181,9
37.7889447236181,12
37.7889447236181,6
37.7889447236181,14
37.7889447236181,6
37.7889447236181,12
37.7889447236181,16
37.7889447236181,12
37.7889447236181,8
37.7889447236181,9
37.7889447236181,17
37.7889447236181,11
37.7889447236181,11
37.7889447236181,5
37.7889447236181,6
37.7889447236181,12
37.7889447236181,15
37.7889447236181,9
37.7889447236181,15
37.7889447236181,9
37.7889447236181,8
37.7889447236181,8
37.7889447236181,11
37.7889447236181,7
37.7889447236181,4
37.7889447236181,9
37.7889447236181,9
37.7889447236181,6
37.7889447236181,7
37.7889447236181,11
37.7889447236181,9
37.7889447236181,11
37.7889447236181,16
37.7889447236181,7
37.7889447236181,11
37.7889447236181,11
37.7889447236181,8
37.7889447236181,8
37.7889447236181,14
37.7889447236181,5
37.7889447236181,11
37.7889447236181,10
37.7889447236181,10
37.7889447236181,12
37.7889447236181,4
37.7889447236181,10
37.7889447236181,8
37.7889447236181,10
37.7889447236181,10
37.7889447236181,8
37.7889447236181,9
37.7889447236181,10
37.7889447236181,7
37.7889447236181,8
37.7889447236181,10
37.7889447236181,8
37.7889447236181,10
37.7889447236181,5
37.7889447236181,8
37.7889447236181,12
37.7889447236181,15
37.7889447236181,9
37.7889447236181,12
37.7889447236181,9
37.7889447236181,10
37.7889447236181,6
37.7889447236181,16
37.7889447236181,12
37.7889447236181,8
37.7889447236181,9
37.7889447236181,13
37.7889447236181,9
37.7889447236181,11
37.7889447236181,11
37.7889447236181,3
37.7889447236181,14
37.7889447236181,13
37.7889447236181,13
37.7889447236181,13
37.7889447236181,8
37.7889447236181,7
37.7889447236181,10
37.7889447236181,12
37.7889447236181,11
37.7889447236181,11
37.7889447236181,13
37.7889447236181,6
37.7889447236181,8
37.7889447236181,12
37.7889447236181,16
37.7889447236181,13
37.7889447236181,13
37.7889447236181,9
37.7889447236181,5
37.7889447236181,11
37.7889447236181,5
37.7889447236181,14
37.7889447236181,5
37.7889447236181,12
37.7889447236181,12
37.7889447236181,11
37.7889447236181,4
37.7889447236181,11
37.7889447236181,12
37.7889447236181,15
37.7889447236181,15
37.7889447236181,10
37.7889447236181,12
37.7889447236181,9
37.7889447236181,13
37.7889447236181,8
37.7889447236181,16
37.7889447236181,11
37.7889447236181,10
37.7889447236181,10
37.7889447236181,8
37.7889447236181,8
37.7889447236181,11
37.7889447236181,13
37.7889447236181,7
37.7889447236181,14
37.7889447236181,8
37.7889447236181,8
37.7889447236181,8
37.7889447236181,16
37.7889447236181,4
37.7889447236181,8
37.7889447236181,11
37.7889447236181,10
37.7889447236181,12
37.7889447236181,12
37.7889447236181,12
37.7889447236181,17
37.7889447236181,14
37.7889447236181,5
37.7889447236181,9
37.7889447236181,9
37.7889447236181,11
37.7889447236181,10
37.7889447236181,17
37.7889447236181,6
37.7889447236181,13
37.7889447236181,11
37.7889447236181,12
37.7889447236181,12
37.7889447236181,12
37.7889447236181,10
37.7889447236181,8
37.7889447236181,6
37.7889447236181,9
37.7889447236181,8
37.7889447236181,15
37.7889447236181,11
37.7889447236181,3
37.7889447236181,12
37.7889447236181,7
37.9899497487437,7
37.9899497487437,9
37.9899497487437,11
37.9899497487437,8
37.9899497487437,10
37.9899497487437,14
37.9899497487437,10
37.9899497487437,9
37.9899497487437,11
37.9899497487437,6
37.9899497487437,9
37.9899497487437,13
37.9899497487437,15
37.9899497487437,12
37.9899497487437,8
37.9899497487437,6
37.9899497487437,6
37.9899497487437,10
37.9899497487437,6
37.9899497487437,8
37.9899497487437,14
37.9899497487437,9
37.9899497487437,5
37.9899497487437,12
37.9899497487437,10
37.9899497487437,11
37.9899497487437,9
37.9899497487437,6
37.9899497487437,8
37.9899497487437,7
37.9899497487437,9
37.9899497487437,4
37.9899497487437,7
37.9899497487437,7
37.9899497487437,10
37.9899497487437,4
37.9899497487437,11
37.9899497487437,7
37.9899497487437,8
37.9899497487437,7
37.9899497487437,12
37.9899497487437,12
37.9899497487437,6
37.9899497487437,8
37.9899497487437,10
37.9899497487437,18
37.9899497487437,5
37.9899497487437,14
37.9899497487437,13
37.9899497487437,11
37.9899497487437,10
37.9899497487437,9
37.9899497487437,9
37.9899497487437,8
37.9899497487437,10
37.9899497487437,12
37.9899497487437,9
37.9899497487437,12
37.9899497487437,7
37.9899497487437,9
37.9899497487437,11
37.9899497487437,10
37.9899497487437,5
37.9899497487437,10
37.9899497487437,10
37.9899497487437,9
37.9899497487437,3
37.9899497487437,9
37.9899497487437,6
37.9899497487437,9
37.9899497487437,7
37.9899497487437,10
37.9899497487437,8
37.9899497487437,9
37.9899497487437,11
37.9899497487437,6
37.9899497487437,5
37.9899497487437,17
37.9899497487437,5
37.9899497487437,7
37.9899497487437,8
37.9899497487437,14
37.9899497487437,12
37.9899497487437,10
37.9899497487437,8
37.9899497487437,12
37.9899497487437,12
37.9899497487437,14
37.9899497487437,11
37.9899497487437,12
37.9899497487437,9
37.9899497487437,14
37.9899497487437,9
37.9899497487437,14
37.9899497487437,4
37.9899497487437,6
37.9899497487437,10
37.9899497487437,6
37.9899497487437,9
37.9899497487437,11
37.9899497487437,15
37.9899497487437,9
37.9899497487437,9
37.9899497487437,7
37.9899497487437,13
37.9899497487437,8
37.9899497487437,15
37.9899497487437,5
37.9899497487437,12
37.9899497487437,6
37.9899497487437,5
37.9899497487437,10
37.9899497487437,6
37.9899497487437,7
37.9899497487437,10
37.9899497487437,10
37.9899497487437,11
37.9899497487437,13
37.9899497487437,11
37.9899497487437,8
37.9899497487437,13
37.9899497487437,10
37.9899497487437,9
37.9899497487437,12
37.9899497487437,10
37.9899497487437,13
37.9899497487437,8
37.9899497487437,7
37.9899497487437,15
37.9899497487437,13
37.9899497487437,12
37.9899497487437,7
37.9899497487437,7
37.9899497487437,14
37.9899497487437,17
37.9899497487437,6
37.9899497487437,7
37.9899497487437,8
37.9899497487437,12
37.9899497487437,10
37.9899497487437,10
37.9899497487437,6
37.9899497487437,13
37.9899497487437,10
37.9899497487437,11
37.9899497487437,12
37.9899497487437,16
37.9899497487437,8
37.9899497487437,8
37.9899497487437,11
37.9899497487437,11
37.9899497487437,7
37.9899497487437,10
37.9899497487437,11
37.9899497487437,10
37.9899497487437,5
37.9899497487437,8
37.9899497487437,13
37.9899497487437,12
37.9899497487437,7
37.9899497487437,13
37.9899497487437,13
37.9899497487437,10
37.9899497487437,9
37.9899497487437,9
37.9899497487437,8
37.9899497487437,7
37.9899497487437,13
37.9899497487437,12
37.9899497487437,11
37.9899497487437,9
37.9899497487437,6
37.9899497487437,13
37.9899497487437,7
37.9899497487437,7
37.9899497487437,10
37.9899497487437,13
37.9899497487437,7
37.9899497487437,11
37.9899497487437,10
37.9899497487437,11
37.9899497487437,9
37.9899497487437,9
37.9899497487437,6
37.9899497487437,7
37.9899497487437,9
37.9899497487437,10
37.9899497487437,7
37.9899497487437,12
37.9899497487437,5
37.9899497487437,5
37.9899497487437,7
37.9899497487437,12
37.9899497487437,10
37.9899497487437,13
37.9899497487437,8
37.9899497487437,5
37.9899497487437,16
37.9899497487437,13
37.9899497487437,10
38.1909547738693,12
38.1909547738693,8
38.1909547738693,11
38.1909547738693,13
38.1909547738693,10
38.1909547738693,8
38.1909547738693,8
38.1909547738693,10
38.1909547738693,10
38.1909547738693,6
38.1909547738693,9
38.1909547738693,8
38.1909547738693,7
38.1909547738693,8
38.1909547738693,8
38.1909547738693,10
38.1909547738693,4
38.1909547738693,16
38.1909547738693,13
38.1909547738693,10
38.1909547738693,11
38.1909547738693,12
38.1909547738693,13
38.1909547738693,6
38.1909547738693,9
38.1909547738693,5
38.1909547738693,7
38.1909547738693,13
38.1909547738693,7
38.1909547738693,4
38.1909547738693,7
38.1909547738693,12
38.1909547738693,9
38.1909547738693,8
38.1909547738693,3
38.1909547738693,9
38.1909547738693,10
38.1909547738693,8
38.1909547738693,11
38.1909547738693,9
38.1909547738693,6
38.1909547738693,10
38.1909547738693,7
38.1909547738693,5
38.1909547738693,4
38.1909547738693,5
38.1909547738693,8
38.1909547738693,11
38.1909547738693,8
38.1909547738693,7
38.1909547738693,11
38.1909547738693,12
38.1909547738693,12
38.1909547738693,11
38.1909547738693,9
38.1909547738693,9
38.1909547738693,6
38.1909547738693,19
38.1909547738693,6
38.1909547738693,13
38.1909547738693,6
38.1909547738693,10
38.1909547738693,11
38.1909547738693,8
38.1909547738693,11
38.1909547738693,12
38.1909547738693,7
38.1909547738693,16
38.1909547738693,10
38.1909547738693,8
38.1909547738693,5
38.1909547738693,8
38.1909547738693,10
38.1909547738693,5
38.1909547738693,6
38.1909547738693,15
38.1909547738693,12
38.1909547738693,8
38.1909547738693,3
38.1909547738693,11
38.1909547738693,19
38.1909547738693,10
38.1909547738693,15
38.1909547738693,8
38.1909547738693,7
38.1909547738693,11
38.1909547738693,7
38.1909547738693,13
38.1909547738693,13
38.1909547738693,7
38.1909547738693,8
38.1909547738693,6
38.1909547738693,10
38.1909547738693,8
38.1909547738693,11
38.1909547738693,10
38.1909547738693,9
38.1909547738693,16
38.1909547738693,12
38.1909547738693,9
38.1909547738693,7
38.1909547738693,6
38.1909547738693,9
38.1909547738693,9
38.1909547738693,7
38.1909547738693,8
38.1909547738693,6
38.1909547738693,10
38.1909547738693,10
38.1909547738693,13
38.1909547738693,12
38.1909547738693,7
38.1909547738693,12
38.1909547738693,10
38.1909547738693,6
38.1909547738693,3
38.1909547738693,15
38.1909547738693,11
38.1909547738693,9
38.1909547738693,11
38.1909547738693,13
38.1909547738693,14
38.1909547738693,12
38.1909547738693,8
38.1909547738693,10
38.1909547738693,14
38.1909547738693,16
38.1909547738693,18
38.1909547738693,11
38.1909547738693,15
38.1909547738693,11
38.1909547738693,9
38.1909547738693,8
38.1909547738693,8
38.1909547738693,9
38.1909547738693,15
38.1909547738693,13
38.1909547738693,13
38.1909547738693,7
38.1909547738693,11
38.1909547738693,8
38.1909547738693,5
38.1909547738693,13
38.1909547738693,6
38.1909547738693,9
38.1909547738693,13
38.1909547738693,8
38.1909547738693,10
38.1909547738693,8
38.1909547738693,7
38.1909547738693,15
38.1909547738693,7
38.1909547738693,13
38.1909547738693,6
38.1909547738693,8
38.1909547738693,12
38.1909547738693,12
38.1909547738693,12
38.1909547738693,7
38.1909547738693,3
38.1909547738693,9
38.1909547738693,8
38.1909547738693,11
38.1909547738693,9
38.1909547738693,10
38.1909547738693,7
38.1909547738693,9
38.1909547738693,9
38.1909547738693,7
38.1909547738693,12
38.1909547738693,10
38.1909547738693,8
38.1909547738693,8
38.1909547738693,8
38.1909547738693,10
38.1909547738693,10
38.1909547738693,11
38.1909547738693,8
38.1909547738693,16
38.1909547738693,7
38.1909547738693,13
38.1909547738693,7
38.1909547738693,8
38.1909547738693,10
38.1909547738693,17
38.1909547738693,14
38.1909547738693,14
38.1909547738693,6
38.1909547738693,10
38.1909547738693,9
38.1909547738693,14
38.1909547738693,11
38.1909547738693,10
38.1909547738693,11
38.1909547738693,12
38.1909547738693,11
38.1909547738693,12
38.1909547738693,12
38.1909547738693,5
38.1909547738693,10
38.391959798995,10
38.391959798995,6
38.391959798995,7
38.391959798995,7
38.391959798995,9
38.391959798995,11
38.391959798995,9
38.391959798995,13
38.391959798995,8
38.391959798995,12
38.391959798995,10
38.391959798995,7
38.391959798995,7
38.391959798995,6
38.391959798995,14
38.391959798995,11
38.391959798995,8
38.391959798995,5
38.391959798995,7
38.391959798995,9
38.391959798995,12
38.391959798995,14
38.391959798995,7
38.391959798995,3
38.391959798995,8
38.391959798995,7
38.391959798995,7
38.391959798995,10
38.391959798995,9
38.391959798995,7
38.391959798995,18
38.391959798995,11
38.391959798995,13
38.391959798995,6
38.391959798995,7
38.391959798995,9
38.391959798995,10
38.391959798995,14
38.391959798995,10
38.391959798995,15
38.391959798995,9
38.391959798995,4
38.391959798995,10
38.391959798995,11
38.391959798995,15
38.391959798995,11
38.391959798995,6
38.391959798995,11
38.391959798995,10
38.391959798995,14
38.391959798995,9
38.391959798995,10
38.391959798995,9
38.391959798995,7
38.391959798995,9
38.391959798995,7
38.391959798995,12
38.391959798995,11
38.391959798995,13
38.391959798995,15
38.391959798995,10
38.391959798995,8
38.391959798995,8
38.391959798995,9
38.391959798995,10
38.391959798995,7
38.391959798995,4
38.391959798995,12
38.391959798995,12
38.391959798995,12
38.391959798995,9
38.391959798995,12
38.391959798995,12
38.391959798995,8
38.391959798995,9
38.391959798995,11
38.391959798995,8
38.391959798995,11
38.391959798995,12
38.391959798995,12
38.391959798995,10
38.391959798995,10
38.391959798995,11
38.391959798995,10
38.391959798995,10
38.391959798995,7
38.391959798995,6
38.391959798995,11
38.391959798995,9
38.391959798995,10
38.391959798995,12
38.391959798995,9
38.391959798995,16
38.391959798995,11
38.391959798995,6
38.391959798995,5
38.391959798995,8
38.391959798995,5
38.391959798995,9
38.391959798995,8
38.391959798995,19
38.391959798995,8
38.391959798995,4
38.391959798995,10
38.391959798995,10
38.391959798995,12
38.391959798995,4
38.391959798995,10
38.391959798995,2
38.391959798995,10
38.391959798995,6
38.391959798995,19
38.391959798995,4
38.391959798995,8
38.391959798995,11
38.391959798995,10
38.391959798995,7
38.391959798995,12
38.391959798995,10
38.391959798995,11
38.391959798995,5
38.391959798995,7
38.391959798995,16
38.391959798995,4
38.391959798995,8
38.391959798995,13
38.391959798995,8
38.391959798995,7
38.391959798995,8
38.391959798995,14
38.391959798995,10
38.391959798995,9
38.391959798995,14
38.391959798995,9
38.391959798995,12
38.391959798995,10
38.391959798995,5
38.391959798995,8
38.391959798995,13
38.391959798995,13
38.391959798995,9
38.391959798995,11
38.391959798995,11
38.391959798995,10
38.391959798995,15
38.391959798995,10
38.391959798995,11
38.391959798995,12
38.391959798995,7
38.391959798995,8
38.391959798995,7
38.391959798995,10
38.391959798995,10
38.391959798995,7
38.391959798995,8
38.391959798995,10
38.391959798995,8
38.391959798995,10
38.391959798995,14
38.391959798995,9
38.391959798995,8
38.391959798995,14
38.391959798995,10
38.391959798995,11
38.391959798995,8
38.391959798995,11
38.391959798995,17
38.391959798995,5
38.391959798995,9
38.391959798995,7
38.391959798995,8
38.391959798995,7
38.391959798995,11
38.391959798995,11
38.391959798995,11
38.391959798995,15
38.391959798995,9
38.391959798995,7
38.391959798995,9
38.391959798995,9
38.391959798995,10
38.391959798995,11
38.391959798995,12
38.391959798995,12
38.391959798995,9
38.391959798995,18
38.391959798995,9
38.391959798995,10
38.391959798995,11
38.391959798995,11
38.391959798995,11
38.391959798995,8
38.391959798995,11
38.391959798995,10
38.391959798995,9
38.391959798995,11
38.391959798995,11
38.391959798995,5
38.391959798995,12
38.391959798995,10
38.5929648241206,9
38.5929648241206,14
38.5929648241206,8
38.5929648241206,15
38.5929648241206,3
38.5929648241206,11
38.5929648241206,11
38.5929648241206,13
38.5929648241206,11
38.5929648241206,9
38.5929648241206,12
38.5929648241206,7
38.5929648241206,7
38.5929648241206,9
38.5929648241206,14
38.5929648241206,11
38.5929648241206,15
38.5929648241206,12
38.5929648241206,6
38.5929648241206,7
38.5929648241206,5
38.5929648241206,10
38.5929648241206,5
38.5929648241206,14
38.5929648241206,10
38.5929648241206,11
38.5929648241206,4
38.5929648241206,8
38.5929648241206,13
38.5929648241206,13
38.5929648241206,16
38.5929648241206,8
38.5929648241206,10
38.5929648241206,13
38.5929648241206,15
38.5929648241206,10
38.5929648241206,7
38.5929648241206,7
38.5929648241206,14
38.5929648241206,15
38.5929648241206,7
38.5929648241206,14
38.5929648241206,10
38.5929648241206,9
38.5929648241206,11
38.5929648241206,10
38.5929648241206,6
38.5929648241206,9
38.5929648241206,7
38.5929648241206,9
38.5929648241206,12
38.5929648241206,4
38.5929648241206,8
38.5929648241206,11
38.5929648241206,6
38.5929648241206,7
38.5929648241206,11
38.5929648241206,14
38.5929648241206,7
38.5929648241206,11
38.5929648241206,10
38.5929648241206,6
38.5929648241206,18
38.5929648241206,15
38.5929648241206,12
38.5929648241206,6
38.5929648241206,7
38.5929648241206,14
38.5929648241206,11
38.5929648241206,11
38.5929648241206,8
38.5929648241206,9
38.5929648241206,10
38.5929648241206,11
38.5929648241206,8
38.5929648241206,9
38.5929648241206,11
38.5929648241206,6
38.5929648241206,12
38.5929648241206,6
38.5929648241206,12
38.5929648241206,10
38.5929648241206,10
38.5929648241206,12
38.5929648241206,6
38.5929648241206,8
38.5929648241206,12
38.5929648241206,9
38.5929648241206,13
38.5929648241206,7
38.5929648241206,6
38.5929648241206,8
38.5929648241206,6
38.5929648241206,11
38.5929648241206,11
38.5929648241206,11
38.5929648241206,11
38.5929648241206,12
38.5929648241206,10
38.5929648241206,8
38.5929648241206,11
38.5929648241206,3
38.5929648241206,14
38.5929648241206,9
38.5929648241206,6
38.5929648241206,11
38.5929648241206,9
38.5929648241206,15
38.5929648241206,8
38.5929648241206,5
38.5929648241206,7
38.5929648241206,11
38.5929648241206,5
38.5929648241206,12
38.5929648241206,7
38.5929648241206,9
38.5929648241206,11
38.5929648241206,5
38.5929648241206,12
38.5929648241206,9
38.5929648241206,11
38.5929648241206,8
38.5929648241206,12
38.5929648241206,8
38.5929648241206,9
38.5929648241206,8
38.5929648241206,8
38.5929648241206,6
38.5929648241206,10
38.5929648241206,14
38.5929648241206,16
38.5929648241206,15
38.5929648241206,9
38.5929648241206,10
38.5929648241206,7
38.5929648241206,8
38.5929648241206,13
38.5929648241206,11
38.5929648241206,9
38.5929648241206,8
38.5929648241206,9
38.5929648241206,7
38.5929648241206,13
38.5929648241206,11
38.5929648241206,8
38.5929648241206,7
38.5929648241206,11
38.5929648241206,9
38.5929648241206,12
38.5929648241206,15
38.5929648241206,7
38.5929648241206,9
38.5929648241206,10
38.5929648241206,6
38.5929648241206,15
38.5929648241206,11
38.5929648241206,16
38.5929648241206,8
38.5929648241206,8
38.5929648241206,6
38.5929648241206,4
38.5929648241206,10
38.5929648241206,9
38.5929648241206,8
38.5929648241206,13
38.5929648241206,8
38.5929648241206,10
38.5929648241206,14
38.5929648241206,7
38.5929648241206,11
38.5929648241206,10
38.5929648241206,9
38.5929648241206,10
38.5929648241206,11
38.5929648241206,7
38.5929648241206,9
38.5929648241206,7
38.5929648241206,12
38.5929648241206,12
38.5929648241206,5
38.5929648241206,14
38.5929648241206,11
38.5929648241206,15
38.5929648241206,9
38.5929648241206,5
38.5929648241206,11
38.5929648241206,11
38.5929648241206,7
38.5929648241206,11
38.5929648241206,12
38.5929648241206,10
38.5929648241206,10
38.5929648241206,8
38.5929648241206,16
38.5929648241206,16
38.5929648241206,13
38.5929648241206,15
38.5929648241206,6
38.5929648241206,13
38.5929648241206,10
38.7939698492462,3
38.7939698492462,12
38.7939698492462,5
38.7939698492462,8
38.7939698492462,13
38.7939698492462,10
38.7939698492462,13
38.7939698492462,6
38.7939698492462,10
38.7939698492462,9
38.7939698492462,16
38.7939698492462,13
38.7939698492462,4
38.7939698492462,9
38.7939698492462,6
38.7939698492462,12
38.7939698492462,11
38.7939698492462,9
38.7939698492462,11
38.7939698492462,15
38.7939698492462,11
38.7939698492462,8
38.7939698492462,8
38.7939698492462,10
38.7939698492462,12
38.7939698492462,12
38.7939698492462,6
38.7939698492462,9
38.7939698492462,13
38.7939698492462,12
38.7939698492462,5
38.7939698492462,10
38.7939698492462,7
38.7939698492462,12
38.7939698492462,9
38.7939698492462,8
38.7939698492462,9
38.7939698492462,8
38.7939698492462,14
38.7939698492462,5
38.7939698492462,13
38.7939698492462,7
38.7939698492462,13
38.7939698492462,11
38.7939698492462,10
38.7939698492462,8
38.7939698492462,7
38.7939698492462,12
38.7939698492462,14
38.7939698492462,14
38.7939698492462,9
38.7939698492462,8
38.7939698492462,9
38.7939698492462,6
38.7939698492462,11
38.7939698492462,7
38.7939698492462,11
38.7939698492462,10
38.7939698492462,16
38.7939698492462,13
38.7939698492462,10
38.7939698492462,12
38.7939698492462,9
38.7939698492462,14
38.7939698492462,8
38.7939698492462,10
38.7939698492462,9
38.7939698492462,12
38.7939698492462,15
38.7939698492462,6
38.7939698492462,11
38.7939698492462,11
38.7939698492462,16
38.7939698492462,13
38.7939698492462,7
38.7939698492462,13
38.7939698492462,7
38.7939698492462,9
38.7939698492462,8
38.7939698492462,14
38.7939698492462,12
38.7939698492462,6
38.7939698492462,10
38.7939698492462,12
38.7939698492462,9
38.7939698492462,8
38.7939698492462,5
38.7939698492462,9
38.7939698492462,6
38.7939698492462,7
38.7939698492462,8
38.7939698492462,11
38.7939698492462,7
38.7939698492462,11
38.7939698492462,11
38.7939698492462,7
38.7939698492462,12
38.7939698492462,10
38.7939698492462,8
38.7939698492462,7
38.7939698492462,5
38.7939698492462,7
38.7939698492462,12
38.7939698492462,14
38.7939698492462,5
38.7939698492462,10
38.7939698492462,12
38.7939698492462,10
38.7939698492462,9
38.7939698492462,9
38.7939698492462,7
38.7939698492462,17
38.7939698492462,9
38.7939698492462,7
38.7939698492462,8
38.7939698492462,6
38.7939698492462,11
38.7939698492462,7
38.7939698492462,4
38.7939698492462,5
38.7939698492462,11
38.7939698492462,11
38.7939698492462,10
38.7939698492462,8
38.7939698492462,9
38.7939698492462,14
38.7939698492462,8
38.7939698492462,6
38.7939698492462,11
38.7939698492462,9
38.7939698492462,6
38.7939698492462,8
38.7939698492462,12
38.7939698492462,15
38.7939698492462,7
38.7939698492462,9
38.7939698492462,9
38.7939698492462,10
38.7939698492462,12
38.7939698492462,6
38.7939698492462,6
38.7939698492462,14
38.7939698492462,7
38.7939698492462,10
38.7939698492462,11
38.7939698492462,19
38.7939698492462,9
38.7939698492462,5
38.7939698492462,6
38.7939698492462,5
38.7939698492462,16
38.7939698492462,16
38.7939698492462,16
38.7939698492462,9
38.7939698492462,12
38.7939698492462,7
38.7939698492462,14
38.7939698492462,10
38.7939698492462,8
38.7939698492462,14
38.7939698492462,9
38.7939698492462,12
38.7939698492462,11
38.7939698492462,9
38.7939698492462,6
38.7939698492462,9
38.7939698492462,13
38.7939698492462,15
38.7939698492462,18
38.7939698492462,8
38.7939698492462,7
38.7939698492462,7
38.7939698492462,11
38.7939698492462,6
38.7939698492462,14
38.7939698492462,6
38.7939698492462,10
38.7939698492462,8
38.7939698492462,13
38.7939698492462,13
38.7939698492462,12
38.7939698492462,14
38.7939698492462,4
38.7939698492462,12
38.7939698492462,10
38.7939698492462,9
38.7939698492462,12
38.7939698492462,6
38.7939698492462,7
38.7939698492462,9
38.7939698492462,14
38.7939698492462,17
38.7939698492462,6
38.7939698492462,14
38.7939698492462,16
38.7939698492462,12
38.7939698492462,7
38.7939698492462,9
38.7939698492462,5
38.7939698492462,8
38.9949748743719,9
38.9949748743719,11
38.9949748743719,14
38.9949748743719,13
38.9949748743719,8
38.9949748743719,15
38.9949748743719,8
38.9949748743719,10
38.9949748743719,8
38.9949748743719,10
38.9949748743719,5
38.9949748743719,14
38.9949748743719,10
38.9949748743719,13
38.9949748743719,14
38.9949748743719,8
38.9949748743719,7
38.9949748743719,15
38.9949748743719,13
38.9949748743719,4
38.9949748743719,11
38.9949748743719,13
38.9949748743719,8
38.9949748743719,11
38.9949748743719,7
38.9949748743719,9
38.9949748743719,15
38.9949748743719,10
38.9949748743719,14
38.9949748743719,6
38.9949748743719,16
38.9949748743719,11
38.9949748743719,11
38.9949748743719,10
38.9949748743719,8
38.9949748743719,10
38.9949748743719,4
38.9949748743719,8
38.9949748743719,10
38.9949748743719,12
38.9949748743719,5
38.9949748743719,7
38.9949748743719,13
38.9949748743719,10
38.9949748743719,13
38.9949748743719,10
38.9949748743719,6
38.9949748743719,9
38.9949748743719,8
38.9949748743719,6
38.9949748743719,11
38.9949748743719,14
38.9949748743719,8
38.9949748743719,15
38.9949748743719,7
38.9949748743719,11
38.9949748743719,11
38.9949748743719,6
38.9949748743719,9
38.9949748743719,13
38.9949748743719,9
38.9949748743719,13
38.9949748743719,16
38.9949748743719,12
38.9949748743719,15
38.9949748743719,8
38.9949748743719,8
38.9949748743719,8
38.9949748743719,10
38.9949748743719,10
38.9949748743719,8
38.9949748743719,5
38.9949748743719,14
38.9949748743719,10
38.9949748743719,13
38.9949748743719,11
38.9949748743719,11
38.9949748743719,10
38.9949748743719,8
38.9949748743719,4
38.9949748743719,7
38.9949748743719,9
38.9949748743719,9
38.9949748743719,13
38.9949748743719,3
38.9949748743719,15
38.9949748743719,15
38.9949748743719,13
38.9949748743719,8
38.9949748743719,13
38.9949748743719,6
38.9949748743719,10
38.9949748743719,15
38.9949748743719,11
38.9949748743719,13
38.9949748743719,11
38.9949748743719,16
38.9949748743719,9
38.9949748743719,9
38.9949748743719,6
38.9949748743719,7
38.9949748743719,11
38.9949748743719,9
38.9949748743719,10
38.9949748743719,7
38.9949748743719,8
38.9949748743719,10
38.9949748743719,11
38.9949748743719,14
38.9949748743719,8
38.9949748743719,12
38.9949748743719,5
38.9949748743719,9
38.9949748743719,6
38.9949748743719,10
38.9949748743719,9
38.9949748743719,6
38.9949748743719,6
38.9949748743719,8
38.9949748743719,7
38.9949748743719,15
38.9949748743719,15
38.9949748743719,9
38.9949748743719,4
38.9949748743719,8
38.9949748743719,6
38.9949748743719,7
38.9949748743719,6
38.9949748743719,7
38.9949748743719,18
38.9949748743719,11
38.9949748743719,8
38.9949748743719,7
38.9949748743719,16
38.9949748743719,8
38.9949748743719,7
38.9949748743719,5
38.9949748743719,7
38.9949748743719,5
38.9949748743719,9
38.9949748743719,10
38.9949748743719,10
38.9949748743719,11
38.9949748743719,7
38.9949748743719,10
38.9949748743719,7
38.9949748743719,9
38.9949748743719,14
38.9949748743719,14
38.9949748743719,10
38.9949748743719,4
38.9949748743719,7
38.9949748743719,15
38.9949748743719,14
38.9949748743719,17
38.9949748743719,17
38.9949748743719,10
38.9949748743719,14
38.9949748743719,14
38.9949748743719,12
38.9949748743719,7
38.9949748743719,11
38.9949748743719,7
38.9949748743719,11
38.9949748743719,13
38.9949748743719,11
38.9949748743719,5
38.9949748743719,13
38.9949748743719,8
38.9949748743719,7
38.9949748743719,8
38.9949748743719,10
38.9949748743719,8
38.9949748743719,12
38.9949748743719,6
38.9949748743719,12
38.9949748743719,12
38.9949748743719,5
38.9949748743719,6
38.9949748743719,9
38.9949748743719,9
38.9949748743719,12
38.9949748743719,6
38.9949748743719,15
38.9949748743719,13
38.9949748743719,10
38.9949748743719,11
38.9949748743719,11
38.9949748743719,10
38.9949748743719,12
38.9949748743719,9
38.9949748743719,6
38.9949748743719,9
38.9949748743719,9
38.9949748743719,7
38.9949748743719,10
38.9949748743719,10
38.9949748743719,12
38.9949748743719,5
38.9949748743719,5
39.1959798994975,10
39.1959798994975,8
39.1959798994975,14
39.1959798994975,10
39.1959798994975,12
39.1959798994975,9
39.1959798994975,7
39.1959798994975,10
39.1959798994975,11
39.1959798994975,12
39.1959798994975,6
39.1959798994975,9
39.1959798994975,10
39.1959798994975,5
39.1959798994975,5
39.1959798994975,6
39.1959798994975,11
39.1959798994975,11
39.1959798994975,13
39.1959798994975,11
39.1959798994975,4
39.1959798994975,4
39.1959798994975,13
39.1959798994975,7
39.1959798994975,10
39.1959798994975,10
39.1959798994975,12
39.1959798994975,13
39.1959798994975,6
39.1959798994975,14
39.1959798994975,10
39.1959798994975,15
39.1959798994975,11
39.1959798994975,8
39.1959798994975,10
39.1959798994975,8
39.1959798994975,10
39.1959798994975,10
39.1959798994975,8
39.1959798994975,11
39.1959798994975,6
39.1959798994975,10
39.1959798994975,12
39.1959798994975,9
39.1959798994975,2
39.1959798994975,16
39.1959798994975,14
39.1959798994975,10
39.1959798994975,11
39.1959798994975,10
39.1959798994975,8
39.1959798994975,12
39.1959798994975,7
39.1959798994975,10
39.1959798994975,12
39.1959798994975,7
39.1959798994975,6
39.1959798994975,7
39.1959798994975,13
39.1959798994975,7
39.1959798994975,13
39.1959798994975,6
39.1959798994975,7
39.1959798994975,6
39.1959798994975,9
39.1959798994975,6
39.1959798994975,14
39.1959798994975,8
39.1959798994975,9
39.1959798994975,10
39.1959798994975,11
39.1959798994975,9
39.1959798994975,11
39.1959798994975,10
39.1959798994975,13
39.1959798994975,13
39.1959798994975,13
39.1959798994975,13
39.1959798994975,8
39.1959798994975,9
39.1959798994975,6
39.1959798994975,14
39.1959798994975,8
39.1959798994975,13
39.1959798994975,8
39.1959798994975,13
39.1959798994975,9
39.1959798994975,10
39.1959798994975,14
39.1959798994975,10
39.1959798994975,10
39.1959798994975,16
39.1959798994975,8
39.1959798994975,9
39.1959798994975,9
39.1959798994975,8
39.1959798994975,10
39.1959798994975,13
39.1959798994975,11
39.1959798994975,4
39.1959798994975,8
39.1959798994975,11
39.1959798994975,7
39.1959798994975,9
39.1959798994975,10
39.1959798994975,9
39.1959798994975,5
39.1959798994975,14
39.1959798994975,7
39.1959798994975,10
39.1959798994975,20
39.1959798994975,14
39.1959798994975,5
39.1959798994975,17
39.1959798994975,9
39.1959798994975,11
39.1959798994975,13
39.1959798994975,5
39.1959798994975,14
39.1959798994975,5
39.1959798994975,14
39.1959798994975,8
39.1959798994975,6
39.1959798994975,10
39.1959798994975,7
39.1959798994975,10
39.1959798994975,13
39.1959798994975,11
39.1959798994975,10
39.1959798994975,9
39.1959798994975,16
39.1959798994975,11
39.1959798994975,15
39.1959798994975,16
39.1959798994975,7
39.1959798994975,8
39.1959798994975,8
39.1959798994975,10
39.1959798994975,4
39.1959798994975,12
39.1959798994975,10
39.1959798994975,12
39.1959798994975,9
39.1959798994975,6
39.1959798994975,14
39.1959798994975,6
39.1959798994975,11
39.1959798994975,13
39.1959798994975,12
39.1959798994975,9
39.1959798994975,12
39.1959798994975,10
39.1959798994975,9
39.1959798994975,10
39.1959798994975,13
39.1959798994975,9
39.1959798994975,10
39.1959798994975,12
39.1959798994975,6
39.1959798994975,8
39.1959798994975,13
39.1959798994975,8
39.1959798994975,9
39.1959798994975,10
39.1959798994975,11
39.1959798994975,9
39.1959798994975,7
39.1959798994975,13
39.1959798994975,15
39.1959798994975,8
39.1959798994975,9
39.1959798994975,10
39.1959798994975,15
39.1959798994975,12
39.1959798994975,17
39.1959798994975,8
39.1959798994975,10
39.1959798994975,6
39.1959798994975,8
39.1959798994975,12
39.1959798994975,12
39.1959798994975,9
39.1959798994975,8
39.1959798994975,10
39.1959798994975,10
39.1959798994975,9
39.1959798994975,9
39.1959798994975,7
39.1959798994975,13
39.1959798994975,10
39.1959798994975,14
39.1959798994975,12
39.1959798994975,8
39.1959798994975,10
39.1959798994975,10
39.1959798994975,12
39.1959798994975,6
39.1959798994975,10
39.1959798994975,7
39.1959798994975,6
39.3969849246231,16
39.3969849246231,8
39.3969849246231,11
39.3969849246231,6
39.3969849246231,5
39.3969849246231,15
39.3969849246231,16
39.3969849246231,9
39.3969849246231,10
39.3969849246231,5
39.3969849246231,11
39.3969849246231,10
39.3969849246231,10
39.3969849246231,10
39.3969849246231,8
39.3969849246231,8
39.3969849246231,4
39.3969849246231,11
39.3969849246231,11
39.3969849246231,9
39.3969849246231,17
39.3969849246231,10
39.3969849246231,6
39.3969849246231,8
39.3969849246231,8
39.3969849246231,10
39.3969849246231,6
39.3969849246231,16
39.3969849246231,10
39.3969849246231,8
39.3969849246231,9
39.3969849246231,12
39.3969849246231,9
39.3969849246231,9
39.3969849246231,12
39.3969849246231,13
39.3969849246231,4
39.3969849246231,12
39.3969849246231,8
39.3969849246231,7
39.3969849246231,9
39.3969849246231,18
39.3969849246231,10
39.3969849246231,9
39.3969849246231,8
39.3969849246231,7
39.3969849246231,8
39.3969849246231,7
39.3969849246231,10
39.3969849246231,10
39.3969849246231,7
39.3969849246231,7
39.3969849246231,8
39.3969849246231,13
39.3969849246231,12
39.3969849246231,10
39.3969849246231,16
39.3969849246231,10
39.3969849246231,11
39.3969849246231,9
39.3969849246231,12
39.3969849246231,17
39.3969849246231,5
39.3969849246231,5
39.3969849246231,14
39.3969849246231,16
39.3969849246231,13
39.3969849246231,9
39.3969849246231,11
39.3969849246231,7
39.3969849246231,10
39.3969849246231,9
39.3969849246231,7
39.3969849246231,12
39.3969849246231,10
39.3969849246231,8
39.3969849246231,12
39.3969849246231,12
39.3969849246231,12
39.3969849246231,8
39.3969849246231,8
39.3969849246231,5
39.3969849246231,7
39.3969849246231,7
39.3969849246231,11
39.3969849246231,7
39.3969849246231,6
39.3969849246231,9
39.3969849246231,12
39.3969849246231,9
39.3969849246231,7
39.3969849246231,9
39.3969849246231,8
39.3969849246231,14
39.3969849246231,9
39.3969849246231,9
39.3969849246231,4
39.3969849246231,13
39.3969849246231,8
39.3969849246231,10
39.3969849246231,11
39.3969849246231,9
39.3969849246231,7
39.3969849246231,7
39.3969849246231,9
39.3969849246231,10
39.3969849246231,8
39.3969849246231,6
39.3969849246231,10
39.3969849246231,9
39.3969849246231,7
39.3969849246231,13
39.3969849246231,12
39.3969849246231,8
39.3969849246231,8
39.3969849246231,15
39.3969849246231,7
39.3969849246231,13
39.3969849246231,6
39.3969849246231,8
39.3969849246231,7
39.3969849246231,12
39.3969849246231,10
39.3969849246231,9
39.3969849246231,11
39.3969849246231,13
39.3969849246231,7
39.3969849246231,8
39.3969849246231,6
39.3969849246231,7
39.3969849246231,11
39.3969849246231,9
39.3969849246231,12
39.3969849246231,6
39.3969849246231,5
39.3969849246231,7
39.3969849246231,5
39.3969849246231,8
39.3969849246231,8
39.3969849246231,10
39.3969849246231,17
39.3969849246231,8
39.3969849246231,6
39.3969849246231,10
39.3969849246231,13
39.3969849246231,7
39.3969849246231,10
39.3969849246231,8
39.3969849246231,6
39.3969849246231,13
39.3969849246231,8
39.3969849246231,9
39.3969849246231,12
39.3969849246231,7
39.3969849246231,9
39.3969849246231,10
39.3969849246231,7
39.3969849246231,5
39.3969849246231,10
39.3969849246231,10
39.3969849246231,18
39.3969849246231,9
39.3969849246231,11
39.3969849246231,9
39.3969849246231,19
39.3969849246231,12
39.3969849246231,13
39.3969849246231,13
39.3969849246231,10
39.3969849246231,10
39.3969849246231,7
39.3969849246231,7
39.3969849246231,6
39.3969849246231,13
39.3969849246231,10
39.3969849246231,11
39.3969849246231,13
39.3969849246231,6
39.3969849246231,9
39.3969849246231,7
39.3969849246231,13
39.3969849246231,10
39.3969849246231,7
39.3969849246231,6
39.3969849246231,12
39.3969849246231,16
39.3969849246231,13
39.3969849246231,3
39.3969849246231,12
39.3969849246231,15
39.3969849246231,9
39.3969849246231,10
39.3969849246231,7
39.3969849246231,9
39.3969849246231,14
39.3969849246231,9
39.3969849246231,11
39.3969849246231,9
39.3969849246231,6
39.3969849246231,7
39.5979899497487,10
39.5979899497487,8
39.5979899497487,8
39.5979899497487,14
39.5979899497487,6
39.5979899497487,6
39.5979899497487,8
39.5979899497487,9
39.5979899497487,12
39.5979899497487,11
39.5979899497487,8
39.5979899497487,12
39.5979899497487,11
39.5979899497487,14
39.5979899497487,7
39.5979899497487,9
39.5979899497487,6
39.5979899497487,9
39.5979899497487,10
39.5979899497487,12
39.5979899497487,7
39.5979899497487,9
39.5979899497487,8
39.5979899497487,4
39.5979899497487,9
39.5979899497487,9
39.5979899497487,5
39.5979899497487,12
39.5979899497487,7
39.5979899497487,11
39.5979899497487,11
39.5979899497487,8
39.5979899497487,11
39.5979899497487,8
39.5979899497487,8
39.5979899497487,7
39.5979899497487,9
39.5979899497487,8
39.5979899497487,8
39.5979899497487,8
39.5979899497487,13
39.5979899497487,4
39.5979899497487,5
39.5979899497487,6
39.5979899497487,12
39.5979899497487,4
39.5979899497487,9
39.5979899497487,12
39.5979899497487,8
39.5979899497487,6
39.5979899497487,7
39.5979899497487,15
39.5979899497487,16
39.5979899497487,10
39.5979899497487,10
39.5979899497487,14
39.5979899497487,6
39.5979899497487,8
39.5979899497487,12
39.5979899497487,10
39.5979899497487,9
39.5979899497487,6
39.5979899497487,10
39.5979899497487,12
39.5979899497487,7
39.5979899497487,6
39.5979899497487,11
39.5979899497487,11
39.5979899497487,9
39.5979899497487,11
39.5979899497487,5
39.5979899497487,11
39.5979899497487,10
39.5979899497487,7
39.5979899497487,12
39.5979899497487,10
39.5979899497487,9
39.5979899497487,13
39.5979899497487,10
39.5979899497487,10
39.5979899497487,13
39.5979899497487,12
39.5979899497487,12
39.5979899497487,8
39.5979899497487,13
39.5979899497487,9
39.5979899497487,13
39.5979899497487,8
39.5979899497487,8
39.5979899497487,9
39.5979899497487,14
39.5979899497487,13
39.5979899497487,7
39.5979899497487,9
39.5979899497487,8
39.5979899497487,14
39.5979899497487,12
39.5979899497487,15
39.5979899497487,15
39.5979899497487,8
39.5979899497487,12
39.5979899497487,6
39.5979899497487,12
39.5979899497487,6
39.5979899497487,16
39.5979899497487,9
39.5979899497487,7
39.5979899497487,8
39.5979899497487,12
39.5979899497487,9
39.5979899497487,7
39.5979899497487,10
39.5979899497487,12
39.5979899497487,11
39.5979899497487,9
39.5979899497487,16
39.5979899497487,9
39.5979899497487,6
39.5979899497487,9
39.5979899497487,6
39.5979899497487,19
39.5979899497487,6
39.5979899497487,10
39.5979899497487,15
39.5979899497487,8
39.5979899497487,9
39.5979899497487,7
39.5979899497487,9
39.5979899497487,13
39.5979899497487,10
39.5979899497487,9
39.5979899497487,10
39.5979899497487,18
39.5979899497487,9
39.5979899497487,9
39.5979899497487,6
39.5979899497487,7
39.5979899497487,7
39.5979899497487,8
39.5979899497487,9
39.5979899497487,13
39.5979899497487,11
39.5979899497487,8
39.5979899497487,11
39.5979899497487,6
39.5979899497487,11
39.5979899497487,8
39.5979899497487,11
39.5979899497487,7
39.5979899497487,12
39.5979899497487,9
39.5979899497487,9
39.5979899497487,8
39.5979899497487,12
39.5979899497487,10
39.5979899497487,16
39.5979899497487,8
39.5979899497487,11
39.5979899497487,17
39.5979899497487,13
39.5979899497487,6
39.5979899497487,7
39.5979899497487,18
39.5979899497487,6
39.5979899497487,8
39.5979899497487,9
39.5979899497487,7
39.5979899497487,10
39.5979899497487,10
39.5979899497487,9
39.5979899497487,14
39.5979899497487,11
39.5979899497487,11
39.5979899497487,13
39.5979899497487,3
39.5979899497487,9
39.5979899497487,13
39.5979899497487,5
39.5979899497487,8
39.5979899497487,9
39.5979899497487,7
39.5979899497487,12
39.5979899497487,11
39.5979899497487,9
39.5979899497487,12
39.5979899497487,7
39.5979899497487,11
39.5979899497487,9
39.5979899497487,17
39.5979899497487,10
39.5979899497487,9
39.5979899497487,12
39.5979899497487,13
39.5979899497487,18
39.5979899497487,8
39.5979899497487,8
39.5979899497487,9
39.5979899497487,11
39.5979899497487,3
39.5979899497487,12
39.7989949748744,6
39.7989949748744,6
39.7989949748744,14
39.7989949748744,12
39.7989949748744,7
39.7989949748744,11
39.7989949748744,5
39.7989949748744,10
39.7989949748744,9
39.7989949748744,9
39.7989949748744,7
39.7989949748744,12
39.7989949748744,8
39.7989949748744,7
39.7989949748744,12
39.7989949748744,7
39.7989949748744,12
39.7989949748744,4
39.7989949748744,6
39.7989949748744,6
39.7989949748744,7
39.7989949748744,11
39.7989949748744,5
39.7989949748744,8
39.7989949748744,10
39.7989949748744,13
39.7989949748744,10
39.7989949748744,13
39.7989949748744,7
39.7989949748744,7
39.7989949748744,12
39.7989949748744,14
39.7989949748744,10
39.7989949748744,12
39.7989949748744,10
39.7989949748744,6
39.7989949748744,4
39.7989949748744,7
39.7989949748744,12
39.7989949748744,8
39.7989949748744,8
39.7989949748744,9
39.7989949748744,5
39.7989949748744,8
39.7989949748744,10
39.7989949748744,15
39.7989949748744,14
39.7989949748744,7
39.7989949748744,9
39.7989949748744,9
39.7989949748744,8
39.7989949748744,7
39.7989949748744,11
39.7989949748744,6
39.7989949748744,6
39.7989949748744,9
39.7989949748744,11
39.7989949748744,12
39.7989949748744,7
39.7989949748744,7
39.7989949748744,7
39.7989949748744,16
39.7989949748744,9
39.7989949748744,10
39.7989949748744,4
39.7989949748744,15
39.7989949748744,6
39.7989949748744,7
39.7989949748744,9
39.7989949748744,5
39.7989949748744,9
39.7989949748744,3
39.7989949748744,7
39.7989949748744,12
39.7989949748744,6
39.7989949748744,10
39.7989949748744,7
39.7989949748744,17
39.7989949748744,7
39.7989949748744,9
39.7989949748744,12
39.7989949748744,7
39.7989949748744,7
39.7989949748744,11
39.7989949748744,8
39.7989949748744,11
39.7989949748744,17
39.7989949748744,8
39.7989949748744,7
39.7989949748744,9
39.7989949748744,8
39.7989949748744,11
39.7989949748744,7
39.7989949748744,7
39.7989949748744,11
39.7989949748744,11
39.7989949748744,10
39.7989949748744,7
39.7989949748744,8
39.7989949748744,14
39.7989949748744,17
39.7989949748744,6
39.7989949748744,7
39.7989949748744,12
39.7989949748744,9
39.7989949748744,8
39.7989949748744,10
39.7989949748744,14
39.7989949748744,11
39.7989949748744,8
39.7989949748744,10
39.7989949748744,10
39.7989949748744,5
39.7989949748744,12
39.7989949748744,7
39.7989949748744,9
39.7989949748744,15
39.7989949748744,7
39.7989949748744,7
39.7989949748744,9
39.7989949748744,13
39.7989949748744,5
39.7989949748744,9
39.7989949748744,16
39.7989949748744,9
39.7989949748744,8
39.7989949748744,7
39.7989949748744,6
39.7989949748744,14
39.7989949748744,13
39.7989949748744,9
39.7989949748744,9
39.7989949748744,16
39.7989949748744,8
39.7989949748744,13
39.7989949748744,19
39.7989949748744,10
39.7989949748744,10
39.7989949748744,5
39.7989949748744,12
39.7989949748744,6
39.7989949748744,6
39.7989949748744,11
39.7989949748744,11
39.7989949748744,10
39.7989949748744,16
39.7989949748744,9
39.7989949748744,17
39.7989949748744,9
39.7989949748744,6
39.7989949748744,5
39.7989949748744,14
39.7989949748744,6
39.7989949748744,12
39.7989949748744,17
39.7989949748744,8
39.7989949748744,10
39.7989949748744,6
39.7989949748744,8
39.7989949748744,9
39.7989949748744,13
39.7989949748744,8
39.7989949748744,9
39.7989949748744,11
39.7989949748744,7
39.7989949748744,10
39.7989949748744,14
39.7989949748744,13
39.7989949748744,9
39.7989949748744,8
39.7989949748744,7
39.7989949748744,12
39.7989949748744,13
39.7989949748744,5
39.7989949748744,5
39.7989949748744,8
39.7989949748744,11
39.7989949748744,11
39.7989949748744,10
39.7989949748744,11
39.7989949748744,13
39.7989949748744,7
39.7989949748744,12
39.7989949748744,14
39.7989949748744,9
39.7989949748744,10
39.7989949748744,10
39.7989949748744,12
39.7989949748744,14
39.7989949748744,13
39.7989949748744,4
39.7989949748744,11
39.7989949748744,10
39.7989949748744,15
39.7989949748744,10
39.7989949748744,8
39.7989949748744,13
39.7989949748744,9
39.7989949748744,6
39.7989949748744,6
40,8
40,15
40,8
40,7
40,8
40,8
40,10
40,12
40,7
40,10
40,9
40,13
40,16
40,8
40,8
40,6
40,9
40,13
40,11
40,6
40,9
40,12
40,11
40,14
40,10
40,7
40,7
40,6
40,8
40,10
40,9
40,13
40,5
40,7
40,6
40,13
40,10
40,6
40,11
40,12
40,10
40,5
40,6
40,13
40,11
40,11
40,10
40,6
40,8
40,10
40,7
40,6
40,10
40,8
40,13
40,11
40,9
40,8
40,11
40,8
40,9
40,13
40,7
40,9
40,10
40,10
40,5
40,11
40,11
40,9
40,13
40,8
40,12
40,4
40,13
40,12
40,6
40,9
40,8
40,11
40,12
40,9
40,5
40,5
40,8
40,8
40,10
40,10
40,9
40,11
40,7
40,11
40,10
40,9
40,7
40,12
40,4
40,14
40,4
40,4
40,3
40,8
40,6
40,8
40,11
40,4
40,7
40,6
40,5
40,9
40,12
40,11
40,4
40,12
40,14
40,11
40,8
40,10
40,11
40,13
40,12
40,8
40,9
40,7
40,14
40,11
40,9
40,9
40,12
40,8
40,12
40,6
40,4
40,9
40,8
40,11
40,10
40,13
40,9
40,10
40,12
40,6
40,11
40,7
40,9
40,13
40,11
40,12
40,7
40,14
40,13
40,10
40,11
40,9
40,8
40,10
40,9
40,12
40,9
40,8
40,9
40,10
40,11
40,11
40,9
40,9
40,8
40,9
40,15
40,5
40,10
40,10
40,10
40,14
40,11
40,6
40,11
40,14
40,17
40,7
40,10
40,9
40,15
40,9
40,15
40,9
40,9
40,9
40,11
40,13
40,5
40,3
40,7
40,10
40,8
40,7
40,8
40,19
40,8
40,4
